[
  {
    "id": "5516994232898@s.whatsapp.net",
    "saldo": 9999910,
    "UID": 15587569296,
    "rg": "01-09-2024",
    "cortesia": 1,
    "mm": "09",
    "keys": [
      {
        "key": "M720-28880283364M1440M-16780M",
        "tipo": 1,
        "tempo": 720,
        "valor": 15,
        "cliente": "5516994232898@s.whatsapp.net"
      },
      {
        "key": "G720-6172123498G1440G-24167G",
        "tipo": 1,
        "tempo": 720,
        "valor": 10,
        "cliente": "5516994232898@s.whatsapp.net"
      },
      {
        "key": "I720-28880283364I1440I-24640I",
        "tipo": 1,
        "tempo": 720,
        "valor": 10,
        "cliente": "5516994232898@s.whatsapp.net"
      },
      {
        "key": "I720-6174332744I1440I-132360I",
        "tipo": 1,
        "tempo": 720,
        "valor": 10,
        "cliente": "5516994232898@s.whatsapp.net"
      },
      {
        "key": "F3600-6173822918F7200F-233365F",
        "tipo": 1,
        "tempo": 3600,
        "valor": 60,
        "cliente": "5516994232898@s.whatsapp.net"
      }
    ]
  },
  {
    "id": "5511944594450@s.whatsapp.net",
    "saldo": 0,
    "UID": 23166167850,
    "rg": "01-09-2024",
    "cortesia": 1,
    "mm": "09",
    "keys": [
      {
        "key": "J720-4339675740J1440J-24560J",
        "tipo": 1,
        "tempo": 720,
        "valor": 10,
        "cliente": "5511944594450@s.whatsapp.net"
      }
    ]
  },
  {
    "id": "554399563024@s.whatsapp.net",
    "saldo": 0,
    "UID": 132495453510,
    "rg": "01-09-2024",
    "cortesia": 1,
    "mm": "09",
    "keys": []
  },
  {
    "id": "554288339807@s.whatsapp.net",
    "saldo": 0,
    "UID": 205703641290,
    "rg": "01-09-2024",
    "cortesia": 1,
    "mm": "09",
    "keys": []
  },
  {
    "id": "5511980880552@s.whatsapp.net",
    "saldo": 0,
    "UID": 54887102160,
    "rg": "03-09-2024",
    "cortesia": 1,
    "mm": "09",
    "keys": []
  },
  {
    "id": "553287240838@s.whatsapp.net",
    "saldo": 0,
    "UID": 197496595448,
    "rg": "03-09-2024",
    "cortesia": 1,
    "mm": "09",
    "keys": []
  },
  {
    "id": "557185176832@s.whatsapp.net",
    "saldo": 0,
    "UID": 138965097432,
    "rg": "04-09-2024",
    "cortesia": 1,
    "mm": "09",
    "keys": []
  }
]