[{"id":"555194709091@s.whatsapp.net","dindin":1500},{"id":"553182105212@s.whatsapp.net","dindin":1500},{"id":"558894860583@s.whatsapp.net","dindin":1500},{"id":"558599978640@s.whatsapp.net","dindin":1500},{"id":"558499828978@s.whatsapp.net","dindin":1500},{"id":"5511982621569@s.whatsapp.net","dindin":1500},{"id":"5511954074567@s.whatsapp.net","dindin":1500},{"id":"5511917578766@s.whatsapp.net","dindin":1500},{"id":"5513991363172@s.whatsapp.net","dindin":1500},{"id":"558899382740@s.whatsapp.net","dindin":1500},{"id":"5511911812986@s.whatsapp.net","dindin":1500},{"id":"558488877654@s.whatsapp.net","dindin":1500},{"id":"5515997960481@s.whatsapp.net","dindin":1500},{"id":"556696155360@s.whatsapp.net","dindin":1500},{"id":"5517910015779@s.whatsapp.net","dindin":1500},{"id":"6285601314834@s.whatsapp.net","dindin":1500},{"id":"558596689699@s.whatsapp.net","dindin":1500},{"id":"5511996122056@s.whatsapp.net","dindin":1500},{"id":"553173385469@s.whatsapp.net","dindin":1500},{"id":"5514998809950@s.whatsapp.net","dindin":1500},{"id":"558388665548@s.whatsapp.net","dindin":1500},{"id":"554896850324@s.whatsapp.net","dindin":1500},{"id":"5521996920046@s.whatsapp.net","dindin":1500},{"id":"559186271743@s.whatsapp.net","dindin":1500},{"id":"5527999107005@s.whatsapp.net","dindin":1500},{"id":"5521973936985@s.whatsapp.net","dindin":1500},{"id":"5511942890820@s.whatsapp.net","dindin":1500},{"id":"559492654268@s.whatsapp.net","dindin":1500},{"id":"5521986111518@s.whatsapp.net","dindin":1500},{"id":"556199317165@s.whatsapp.net","dindin":1500},{"id":"559182577902@s.whatsapp.net","dindin":1500},{"id":"558699882734@s.whatsapp.net","dindin":1500},{"id":"559285375278@s.whatsapp.net","dindin":1500},{"id":"559881149542@s.whatsapp.net","dindin":1500},{"id":"5511986611542@s.whatsapp.net","dindin":1500},{"id":"6285217130908@s.whatsapp.net","dindin":1500},{"id":"5521983063493@s.whatsapp.net","dindin":1500},{"id":"557988072966@s.whatsapp.net","dindin":1500},{"id":"167963755843800@s.whatsapp.net","dindin":1500},{"id":"556281770294@s.whatsapp.net","dindin":1500},{"id":"553584683310@s.whatsapp.net","dindin":1500},{"id":"554499549102@s.whatsapp.net","dindin":1500},{"id":"553188054296@s.whatsapp.net","dindin":1500},{"id":"553899480514@s.whatsapp.net","dindin":1500},{"id":"5511911981672@s.whatsapp.net","dindin":1500},{"id":"5516981278599@s.whatsapp.net","dindin":1500},{"id":"556198006277@s.whatsapp.net","dindin":1500},{"id":"5511966435869@s.whatsapp.net","dindin":1500},{"id":"558694858210@s.whatsapp.net","dindin":1500},{"id":"559285852123@s.whatsapp.net","dindin":1500},{"id":"558695768090@s.whatsapp.net","dindin":1500},{"id":"5519983586700@s.whatsapp.net","dindin":1500},{"id":"5511960934627@s.whatsapp.net","dindin":1500},{"id":"5511978937490@s.whatsapp.net","dindin":1500},{"id":"553194870643@s.whatsapp.net","dindin":1500},{"id":"5514981409591@s.whatsapp.net","dindin":1500},{"id":"5512988597051@s.whatsapp.net","dindin":1500},{"id":"554299968780@s.whatsapp.net","dindin":1500},{"id":"5511915548891@s.whatsapp.net","dindin":1500},{"id":"554198654996@s.whatsapp.net","dindin":1500},{"id":"554191932665@s.whatsapp.net","dindin":1500},{"id":"558492312114@s.whatsapp.net","dindin":1500},{"id":"5511953527029@s.whatsapp.net","dindin":1500},{"id":"351937744525@s.whatsapp.net","dindin":1500},{"id":"555192334916@s.whatsapp.net","dindin":1500},{"id":"556993731046@s.whatsapp.net","dindin":1500},{"id":"5516994383006@s.whatsapp.net","dindin":1500},{"id":"558393625340@s.whatsapp.net","dindin":1500},{"id":"5512991453024@s.whatsapp.net","dindin":1500},{"id":"5511961660544@s.whatsapp.net","dindin":1500},{"id":"553784096569@s.whatsapp.net","dindin":1500},{"id":"5511930341210@s.whatsapp.net","dindin":1500},{"id":"5519997254602@s.whatsapp.net","dindin":1500},{"id":"33745012102@s.whatsapp.net","dindin":1500},{"id":"5516991430946@s.whatsapp.net","dindin":1500},{"id":"554699866464@s.whatsapp.net","dindin":1500},{"id":"556196477542@s.whatsapp.net","dindin":1500},{"id":"5512996435845@s.whatsapp.net","dindin":1500},{"id":"5511986318875@s.whatsapp.net","dindin":1500},{"id":"553199611352@s.whatsapp.net","dindin":1500},{"id":"556198023739@s.whatsapp.net","dindin":1500},{"id":"558287774037@s.whatsapp.net","dindin":1500},{"id":"559185373163@s.whatsapp.net","dindin":1500}]