{"version":5,"hash":{"type":"Buffer","data":"dDARCt+5yAiUysbA5ySQaZ8g2aUbGthR1foNeZ2OJo1/ouQ02c/olQqo7RcCXoAf+G8Gimf651AhmzowYRAukJDky1J0d34gorxXf499AdDqTsMBr0tBtRxleF2u9SQXm0yBIIU75xwvaQYJ32Bn1Czka1c4pXkMM8vSSmdGjZ8="},"indexValueMap":{"Zu+DYA15X+1QYv0mF6hUU9U+vvdEcMR7OA6a+etjVKg=":{"valueMac":{"type":"Buffer","data":"oP5+4lDZ3RW3jrH8Ey0BXXt80J5S2agjWNGb9VMXx0U="}},"UO0uDWicmwEJAmT5UxB2TmT3JfdTFGyuQC0rTc8mdQs=":{"valueMac":{"type":"Buffer","data":"gGxNzscWy7t6mKkOK/OCHxk+lk9Hf4GVsZqcgMT3eDQ="}},"4C0gd0utW8k73AIu0VQpIPXUkuogklYbk5XR4Em7/pk=":{"valueMac":{"type":"Buffer","data":"pJMSWEJjvS3IGfRHy1BbaO/x0XwLrHengtIZD/95Xy4="}},"n8Tjm3B2JA81iVUfwbHnwA6M8qd1OFVgZ6InOtQ1wOQ=":{"valueMac":{"type":"Buffer","data":"7kRwlQcdgS3RPGXM2JD19HPnioCUbCO1yraGnrLSfeA="}},"JQLIz7GfQ1mZu5Z/8XhOHlrfvF7cY2O4wlbWKgkuk/4=":{"valueMac":{"type":"Buffer","data":"WNajGX/CJMR+y+xARiNX46s7/8yrOhZcX/Zv54It8/c="}},"0PUfl42sfUMg+m7N/xr/wfdofLC+dhdh39ogaB9WOYs=":{"valueMac":{"type":"Buffer","data":"0gYO4pkNVCR4ElioCfImxz8xqnbGSRDrqorKw2c8wUM="}},"e2OOIKfBRmrAAYgYsWk3KJJsXMiJII/1rTh5qAVI7l0=":{"valueMac":{"type":"Buffer","data":"E0H7wkyDyXH6xXXrJAZnfu4XyYbEOsPiajPXD6HaUk0="}},"kj8b5SqMYu9HUbf1ZMlb27heVggcjuW0pO8nBV/hwgA=":{"valueMac":{"type":"Buffer","data":"13ZanJv7UynwQ2Wfw5KFHObN2kqQblvxzK0bRE/a+Cs="}},"2SSTAhnggeEHVc4qL0VCznL5hpthwq7pzwyfzP33eEo=":{"valueMac":{"type":"Buffer","data":"6t4KuEty7rnD0mbGGev/OMmfaiGiGZKdygwb3c6f1uw="}},"y7EePYYBOLDoF1pMf7XSxS7OoD2qHPcAThkOIrLXXIY=":{"valueMac":{"type":"Buffer","data":"PWg2bjdjNi4pxgcb5olLH5pf/jZNGIjQYBryEHAPbXk="}},"mbtLpbticP2iswlQiKB9ZML1MWWAZsIh5QnySuI9E40=":{"valueMac":{"type":"Buffer","data":"+PPeAMXUNwzqGuaB7qsAWDNkhcNKbDJYm0BA5IXx0GI="}},"TWBqx5DJ0NH1ovQeethWibWlFd6k6mwPZmLVt2zTfVY=":{"valueMac":{"type":"Buffer","data":"mRuIM9jKCVHsKLJ/xe105LYOr1aWoaapVuYyxcAvc4U="}},"jAp50rLNdFjREwY5uyfwaGRW5lu7IH0xNPV20bGh4JM=":{"valueMac":{"type":"Buffer","data":"/oYctpqYTAlJhBpGg8mWj6YhmNwnnyGLtmbg/j+Oa88="}},"mzlaGwHweoXO8zyxrKzbq1oWisqwJRO4Esu5XhHAggo=":{"valueMac":{"type":"Buffer","data":"kzN6pJCFA/HVJKGPXFnmGaEaX4EZ6Y2X+UcgJGIQvL4="}},"eZGyjYmidvAoFm1ioppFQ/dRh6TrBuL1hMSeiceNTc4=":{"valueMac":{"type":"Buffer","data":"JJuHNza2A1S1aasC0QPBvC/uvTDd0BDuZw2Fo0twGeM="}},"j8ifOjpJMO7hFs4AGtO+dsrkPF4LLJqVnH498blwvEo=":{"valueMac":{"type":"Buffer","data":"87OpqZIt3JKeI/w/VuU97HqL8uNewhhIKlbhknmtzpE="}},"u08KOrIC6ajzGi3TL2klt7oUdRUo54oCyMLObXFuP4Q=":{"valueMac":{"type":"Buffer","data":"Fq0qbihWjp0HVedeTu+I3HwpO3J85PjUE/m/oX6bmfM="}},"gAxMFz4zioulQvut1ZUjKc/eLPCYctqwKdC1kIxfZKI=":{"valueMac":{"type":"Buffer","data":"ws0ylvIDhHB309WoJAEx5FdBNd9h2YZo8JmZorg5RlI="}},"24RygSLJtP/30JYKJng0vtuG2DBQEj7Z9GKMDuCBEec=":{"valueMac":{"type":"Buffer","data":"40IOpKj+dtPl09h5K11pC0e9ziY3YMoA3DpQ+h2jCjs="}},"WFKHT8fq8QaBTffVWUyOH9A4/M6nptxIKiHaN8dmnSA=":{"valueMac":{"type":"Buffer","data":"/RWeC87Ulp0aq1f79aMSbyFHdkNCd7eohbaUABV/6hw="}},"vK82CPr3N1tqi9vm+n6xWd6bZGi1/HgjtpKDANg+oUs=":{"valueMac":{"type":"Buffer","data":"pCQ9zB1dlxgLa/QrqjjoDRMR6ORmTi/UsXNMH6LGqa8="}},"RJ61OA2jMprpBQ2wqSn89fMCri56hlSy1aSh45GSd8s=":{"valueMac":{"type":"Buffer","data":"30Q57BTHXQmdHINWYZ1NhGo4GjQcMi3+1/qph0/lmbs="}},"Lbfkfh/nY/s3FQjc1O/OCSyjXIz/oRb3r+NQ6melHQE=":{"valueMac":{"type":"Buffer","data":"xxA6HuOx0mGyHJyBLipi1S99kwFlfuO79K67PFPWlvU="}},"SRF6P4qRrZH8XaR4j1OodR0lJB/3bIUA3IumfCk0fVU=":{"valueMac":{"type":"Buffer","data":"2f6gZPwOpiT2zxH0m9NxVjIx1c2Eog+IkyyGKUpWXcY="}},"LRVmCZDB5wbvZl6g9evAX4Tumy2tGwzpfEjg3YQKuaQ=":{"valueMac":{"type":"Buffer","data":"dEB8z8Q1YYrPYmz+P4SKEF8tBkeh8+uMSmNVXXmfYmc="}}}}