[{"senderKeyId":2007269980,"senderChainKey":{"iteration":1,"seed":"tu/d/NNtYi0JnKUanNEkeHPkjRTnSybO2+s+pOK2uvg="},"senderSigningKey":{"public":"BS7zhcGyGCvf899PJfbq46TSEHUZMX9EoYaZznJgCKRJ"},"senderMessageKeys":[]},{"senderKeyId":266007848,"senderChainKey":{"iteration":1,"seed":"oUkfbA61y9HHZbzoO9Uxd7t8QYYAPuDWYK43gGhZEMM="},"senderSigningKey":{"public":"BT/THJbSE6hfx/5yyd2OZuJRZSH5/8/ewqpeTJ3PBLcn"},"senderMessageKeys":[]},{"senderKeyId":1398920528,"senderChainKey":{"iteration":1,"seed":"4VsZBOwLfTd4uOD5nILQ9A1OinWQe/vYKYVliEt+kCA="},"senderSigningKey":{"public":"BUKom96XWxexKwvOMiSoEIHQTS46fsnfLtne6eQ4ifge"},"senderMessageKeys":[]},{"senderKeyId":978489128,"senderChainKey":{"iteration":5,"seed":"fYQnS/tpr31IJxKoUQBihPmzoP1zYCY08OPVtGA5hkg="},"senderSigningKey":{"public":"BSEwEPxEtIwAZyO73z0zqwCo+SfZfVlibCFJFDtWWMQA"},"senderMessageKeys":[]},{"senderKeyId":719981771,"senderChainKey":{"iteration":3,"seed":"GeL45RnLGjq8w3rs5CKI/ql5yx5ntDXpV1CRXDQ3KKw="},"senderSigningKey":{"public":"BXgpaL1z50YL3ESEP3zzsIS16uj8UjKV4Yx2B7AvZA4n"},"senderMessageKeys":[]}]