[{"senderKeyId":773993111,"senderChainKey":{"iteration":0,"seed":"qrIDLh9Dg7hKp0Cif363XO4A2Fl4A12LZku9Ay2SpMc="},"senderSigningKey":{"public":"BcOiklCCTuvrChFHcjsXTmaN76R5cZyYaikdIWTjm6N3"},"senderMessageKeys":[]},{"senderKeyId":1698362904,"senderChainKey":{"iteration":0,"seed":"WvtlQvem9pvq8v4floV//m6SFcOl8fkXN0YPcxylXLk="},"senderSigningKey":{"public":"BUO0sQ5aDc/XeNZ/l3Psdi9VHGl+BK1Fga6Y5nzqsi1a"},"senderMessageKeys":[]},{"senderKeyId":2111447199,"senderChainKey":{"iteration":0,"seed":"/dX8ESSZR0WaixYJ7oCQ/2wSJs5OdSW9RE4k+9F1uHU="},"senderSigningKey":{"public":"BdTGlmooNxhZNrR6JoDa7UeXzYqvi8fSEf6c9cFYABw2"}}]