[{"senderKeyId":1602765573,"senderChainKey":{"iteration":27,"seed":"Pc9P9fczBe3sm2xsrT2z15ttPiFAeUd1YnCs3sSnIV0="},"senderSigningKey":{"public":"BXvTffxvxTNChc0Ik4WJJS4NpLwFMiq7JBeNWN+YxAhe"},"senderMessageKeys":[]},{"senderKeyId":2135202568,"senderChainKey":{"iteration":17,"seed":"dsMwHnSFAZxBoeU0hNezmhkPQ87Vxx32JACJUII6vvg="},"senderSigningKey":{"public":"BaIElY8kdOV5OF/zeoegMLmJVQbd/u5WrYlX9r9QL2g3"},"senderMessageKeys":[]},{"senderKeyId":2135202568,"senderChainKey":{"iteration":2,"seed":"+NJTPHuI6AFscSVjEuFvabrDHQibuDh/r0/5U/1216w="},"senderSigningKey":{"public":"BaIElY8kdOV5OF/zeoegMLmJVQbd/u5WrYlX9r9QL2g3"},"senderMessageKeys":[]},{"senderKeyId":444797830,"senderChainKey":{"iteration":3,"seed":"nkLM5tFT0F1PlE+3TrHHJmY2Ejxp6yI4nX8hoZy4fIE="},"senderSigningKey":{"public":"Bdvm/sBqYWSu2nY9an5MTryrbLZAQxLAq5qm0fL8rRd9"},"senderMessageKeys":[]},{"senderKeyId":444797830,"senderChainKey":{"iteration":2,"seed":"DpflZUFVHcAqV3jBqLqlmgW/vmLu81FOmskgn1MKzo0="},"senderSigningKey":{"public":"Bdvm/sBqYWSu2nY9an5MTryrbLZAQxLAq5qm0fL8rRd9"},"senderMessageKeys":[]}]