[{"senderKeyId":2019161654,"senderChainKey":{"iteration":4,"seed":"81lNhyyvz5ZTmuF/mikMlwMCjfrzII44kDNF5n/TmrM="},"senderSigningKey":{"public":"BZPsVCROQc1EZlSHk3jNHC8D6PL+XxKbEDuoPeAhsQA7"},"senderMessageKeys":[]},{"senderKeyId":54266001,"senderChainKey":{"iteration":99,"seed":"aKzSZCohgSjHwCnlNW/AXNxlCD8sv9RcOT41XszQnC8="},"senderSigningKey":{"public":"BcBlMeZvKlP/rqAqSbmfqnKZgdusgHvNmuJngpsntQVy"},"senderMessageKeys":[]},{"senderKeyId":54266001,"senderChainKey":{"iteration":52,"seed":"LCxOTLEco5SbY6OZCCoT4qIjNRWhFK127zzN/A949Fw="},"senderSigningKey":{"public":"BcBlMeZvKlP/rqAqSbmfqnKZgdusgHvNmuJngpsntQVy"},"senderMessageKeys":[]},{"senderKeyId":54266001,"senderChainKey":{"iteration":98,"seed":"Uwxo2DXG2pC9NKxfmfiNTdKJ4zra+X2eQW3iBHzxWSU="},"senderSigningKey":{"public":"BcBlMeZvKlP/rqAqSbmfqnKZgdusgHvNmuJngpsntQVy"},"senderMessageKeys":[]}]