[{"senderKeyId":458871500,"senderChainKey":{"iteration":0,"seed":"DCoFicFx5ac4U2hn1Rh3pVoFBkkgBJ87jU5CnzygH8o="},"senderSigningKey":{"public":"BXqmZXExBVfb65P8e9gRrCSYpogqsxeqbf0S3SOuCvtf"},"senderMessageKeys":[]},{"senderKeyId":382487337,"senderChainKey":{"iteration":0,"seed":"8p3150TTo4CBcs5NR9G4vNr05Zg2y8UHBXAhHrZZhNg="},"senderSigningKey":{"public":"BXvpCLxPne8Zew5nhKQuzTN5VOS/0meM2gpgUzyPWTUM"},"senderMessageKeys":[]},{"senderKeyId":1350699886,"senderChainKey":{"iteration":0,"seed":"NpxI8cXtpMWZG/t7nEi7u/qNCjS2tZSLXbw1a+/hZV4="},"senderSigningKey":{"public":"Bams8XEeQtLzLLASgsQzx7FJJGkuKEet2M/nZBsTaZ1Q"}}]