[{"senderKeyId":12001089,"senderChainKey":{"iteration":0,"seed":"S4xlGJY+WumE4HsIoiFQ6LwkoHa358OAJ3I2RTmMYSU="},"senderSigningKey":{"public":"BbEW9z7rKSbBbaY5gTIADBxPOYWMYRLiMbw0Bjbq1xBI"},"senderMessageKeys":[]},{"senderKeyId":1181420416,"senderChainKey":{"iteration":0,"seed":"E4Jxv8C88E9iNKT1Sta9BIlca4CQGYtOr7gKhTe9rE0="},"senderSigningKey":{"public":"BehakaHWRRHPXbg3+WeZMh/jk9/5hNcNwgDNPxSO8bQa"},"senderMessageKeys":[]},{"senderKeyId":58151291,"senderChainKey":{"iteration":0,"seed":"4FumBXSLLcBZx/0vEQk8cXvmR1NlW0v2sTb/T5IQwYM="},"senderSigningKey":{"public":"BS5Tr/pmgxDUhUBwr5JGlfxEWOl7YUjLdcJvTnDBRs5v"}}]