[{"senderKeyId":1109806442,"senderChainKey":{"iteration":761,"seed":"DJVHEjqsNY/BH9hqsiUIUXi9jTHOvKcbK/4Fx8ifi0A="},"senderSigningKey":{"public":"BWuhj6MXWa1DQq1cZRuLa6sDV4IQf2lf+j/OjPAbhEJc"},"senderMessageKeys":[{},{},{},{},{},{}]},{"senderKeyId":1109806442,"senderChainKey":{"iteration":760,"seed":"tDqT9rEfHbsaM+WO5na+YT47HfmsWRdgnF97p0ELzPU="},"senderSigningKey":{"public":"BWuhj6MXWa1DQq1cZRuLa6sDV4IQf2lf+j/OjPAbhEJc"},"senderMessageKeys":[]},{"senderKeyId":1943398,"senderChainKey":{"iteration":821,"seed":"LqDDwPVYLLOrp0SCSeyyiT1CvrbAvt/GA8PH/U92CLY="},"senderSigningKey":{"public":"BWaS4xOrB5iSS/5dntS6s74D4K4sA3Cg+fTfK2ON7bMW"},"senderMessageKeys":[{},{},{},{}]}]