[{"senderKeyId":285377139,"senderChainKey":{"iteration":0,"seed":"d9POam6NMBbc73BO9ePyEYZBTw3sMsOjbQ8jCPS75MA="},"senderSigningKey":{"public":"BR44W/elQsDbEHPuchz2I/Q93ZyQqBKa/I/C8SV+KKIV"},"senderMessageKeys":[]},{"senderKeyId":1038298982,"senderChainKey":{"iteration":7,"seed":"c2M7d1KMWpxVi4HnzQ7tJ321NPg/iusLUAAs9AK7eAs="},"senderSigningKey":{"public":"BdMdbQBHZhQywxi0BqWGHqwaB1XRNzoNIEbYbt8JYrwJ"},"senderMessageKeys":[]},{"senderKeyId":1955425826,"senderChainKey":{"iteration":0,"seed":"UDCsarkNqQwAyB4guju6OrlBRzAMFcZKsfXdSVw77Zg="},"senderSigningKey":{"public":"BSrodnWRUfinAxdiPQ2Co9kWehqBgTzQsyFLs0DDRIoF"}}]