[{"senderKeyId":1188305859,"senderChainKey":{"iteration":2,"seed":"Bw/OORf1rXzyJ7I3h24Kf+00X5WcWt7qZokr+5n6rc8="},"senderSigningKey":{"public":"BYgWYStshujOp935l/q15vr8ZsGnkHRy6TCVsPdyBdpE"},"senderMessageKeys":[]},{"senderKeyId":1037074706,"senderChainKey":{"iteration":8,"seed":"GKIpstuVQNR7iv62L59PbJ9+MPMsFCiTRiMgQTx+CJg="},"senderSigningKey":{"public":"BfKGWaCCvJXjJI1HJOoNnkRwXZg0DJTleSBxgRhH33hv"},"senderMessageKeys":[]},{"senderKeyId":372556281,"senderChainKey":{"iteration":15,"seed":"8Kx01yfKGSjVw6AemqHEOglCk8AyuD3mfs5q6U0XxIk="},"senderSigningKey":{"public":"BQDD4QNSWs2yBFq65+BYmJuh3HEQFxjj1k3Hq/r01Nlt"},"senderMessageKeys":[]},{"senderKeyId":1515348622,"senderChainKey":{"iteration":11,"seed":"8XUmshsoArDNG4EhKEbbs/KmGtECT2pPhTNvXRm0jFU="},"senderSigningKey":{"public":"BTXvXovC6qGUJ+OOeUfQph4mk5oCJDgiuSXl6/4L7b0H"},"senderMessageKeys":[]}]