[{"senderKeyId":521740527,"senderChainKey":{"iteration":13,"seed":"I+6ML7B/z5aC3WEGg/yxqa70e11+pXQ+RBYqzurUa58="},"senderSigningKey":{"public":"BYHjQ10xQQBQ7+f7WvgvbdP1YZ5R8oSBukhu954uR8U+"},"senderMessageKeys":[]},{"senderKeyId":140919708,"senderChainKey":{"iteration":83,"seed":"egztW8iNaOAd47qR6h3lbf+wpO0SXF/nos5Tq4RpUQE="},"senderSigningKey":{"public":"BYJGLV3zBgJvq3OhVwyK/uZ+AXH+6AjgR8Ljh+bKdlMF"},"senderMessageKeys":[]},{"senderKeyId":820705225,"senderChainKey":{"iteration":71,"seed":"3m1fszBEAPU9veYJRCOe3+ojrmJcCqoz21yloMoGT68="},"senderSigningKey":{"public":"BcVgA9mZmgsTM05IHxFU66z3LPEQy0UjOXVUmx52SQNE"},"senderMessageKeys":[{}]},{"senderKeyId":113785893,"senderChainKey":{"iteration":9,"seed":"ojq0IiZDZ/JhwHTGEm6lg5iQFlaKuEfflaQPdT6rCVo="},"senderSigningKey":{"public":"BUbRoSvf0c5Wjpnaf90jSj/yZjAews0lWNg2liplQT93"},"senderMessageKeys":[]}]