[{"senderKeyId":1209930934,"senderChainKey":{"iteration":0,"seed":"WhO4V5rQO/aUo5gkyg9QqRRFc15h7GJfDO44SxjZWZc="},"senderSigningKey":{"public":"BUEthiUEp+rqs/8EDbveLwjtUU5eJLzGvpKs67ZDDjol"},"senderMessageKeys":[]},{"senderKeyId":873244408,"senderChainKey":{"iteration":0,"seed":"91EUxSwrxzad39TVsxWOEwuvZrhSiTer7HxI5gsiYTQ="},"senderSigningKey":{"public":"BemiJmhMZWretpYpu7dTn2k7OnKDlOhfiRLYEeEcWdkK"},"senderMessageKeys":[]},{"senderKeyId":1849763234,"senderChainKey":{"iteration":0,"seed":"7vvPHnaqZGd5bTWoKkdZIB/VPnhzqYZ70aCUOQLG0vI="},"senderSigningKey":{"public":"BXsxL+14GAYe9jCw9PHAzTdR44Ri2WrNlbjBGkN+PvVX"}}]