[{"senderKeyId":845670284,"senderChainKey":{"iteration":0,"seed":"qVtRw6UQyE2ugxf+MV/c7mdOPwPlqRkU49Yr0f1NF9o="},"senderSigningKey":{"public":"BQAfINTvE5isF6XLjQbi5BrBvECQgmkJhAKpjXKmuysR"},"senderMessageKeys":[]},{"senderKeyId":845670284,"senderChainKey":{"iteration":0,"seed":"qVtRw6UQyE2ugxf+MV/c7mdOPwPlqRkU49Yr0f1NF9o="},"senderSigningKey":{"public":"BQAfINTvE5isF6XLjQbi5BrBvECQgmkJhAKpjXKmuysR"},"senderMessageKeys":[]},{"senderKeyId":1575979610,"senderChainKey":{"iteration":0,"seed":"SktOEB1wxM+AWKJ26NZVfDLOrZaVZ61Y2Q9gwfvWFxw="},"senderSigningKey":{"public":"Bf4a6pytppG9RD0bfXY3Y67juuFmtsPZdJ1Q7W9EuUEK"}}]