[{"senderKeyId":54323053,"senderChainKey":{"iteration":7,"seed":"5/YuCaagyn8o8qDkN5NYi1W9OP26RcMIObo9DYfBNtw="},"senderSigningKey":{"public":"Bf3LB7I/0k2Nu8TOYa1Qa1PmAwUJ1caDTS1HlMdRXVRp"},"senderMessageKeys":[]},{"senderKeyId":1570783554,"senderChainKey":{"iteration":5,"seed":"K8+ce2S4y0kAENztQvjqw4/nhJ/g8HfF4O9Kj3kDmTE="},"senderSigningKey":{"public":"BXw4Wb6+9aFK/J4mbdfsOAS7zAGzaTqJLWxS0RHoixsA"},"senderMessageKeys":[]},{"senderKeyId":1787243860,"senderChainKey":{"iteration":49,"seed":"fjtoaOSrj4fkdSoW4swR7bRBDpTqjRh2xpLO9voRC2w="},"senderSigningKey":{"public":"BfVFSd65XeZ+tRe8UbZg1jKHIrHBxd9GdmoU6HOXkyNI"},"senderMessageKeys":[]},{"senderKeyId":1125596212,"senderChainKey":{"iteration":43,"seed":"KHLJ1w3KSB3PkhSlStyVOSJK0H3yPzKKK7hKQaIOUuE="},"senderSigningKey":{"public":"Bdh1nLK+5kpAga0/bjzz4lkLUgoKrfNVPSOD+pmluTBH"},"senderMessageKeys":[]},{"senderKeyId":1125596212,"senderChainKey":{"iteration":10,"seed":"oxdNS3HpterXdmmj2LekBk9qoqgfXG8whIBzZb8TqXU="},"senderSigningKey":{"public":"Bdh1nLK+5kpAga0/bjzz4lkLUgoKrfNVPSOD+pmluTBH"},"senderMessageKeys":[]}]