[{"senderKeyId":1332024227,"senderChainKey":{"iteration":16,"seed":"d8IfJJ1KQC8m9tHuYdoEnt18Ra5kMGYmICdLrArOYhs="},"senderSigningKey":{"public":"Bf4TrcFE7AVW3qwyBfM1o9UsO38yWax+OnuLHnUsPa4e"},"senderMessageKeys":[{}]},{"senderKeyId":355833493,"senderChainKey":{"iteration":3,"seed":"BSMaVPqmy/Bxw54dw4JPug5stOXBQ89B3F9WHuER3ZI="},"senderSigningKey":{"public":"BeICKSeul7a9ucsdiN7FhyRdAQ5daIfvyWd/nyiNtb8u"},"senderMessageKeys":[]},{"senderKeyId":866441905,"senderChainKey":{"iteration":17,"seed":"C4gx0qqYiKZPVM8UkRC+idxzF3uFvbr708CsFk1WUHk="},"senderSigningKey":{"public":"BREnGcMcsfclxvPnFhoeo8Qp0flg+Gi0T1FvLlzcGVY2"},"senderMessageKeys":[]},{"senderKeyId":364839478,"senderChainKey":{"iteration":15,"seed":"rnyinUgJeYsHwikpKvvAbxL36byJ9U+jDsUwC2Um5UE="},"senderSigningKey":{"public":"BV/Ix8opDLpM7Jra5w0HDSbEXh3d4oYM2lmenkj1AMol"},"senderMessageKeys":[{}]},{"senderKeyId":888680137,"senderChainKey":{"iteration":12,"seed":"Qu0XAESOEyi83tfQLyuMHmQPX+3nH31h9kmtve1P+fg="},"senderSigningKey":{"public":"BdoVbuXZ4HxGKlZr1XJQOMo2fs/lumkt94Vw5sOEYbJ5"},"senderMessageKeys":[]}]