[{"senderKeyId":2092798283,"senderChainKey":{"iteration":9,"seed":"fOb3G28SIS61cDpkklS/7GnpxZzIEMD7OzGZws88Xqc="},"senderSigningKey":{"public":"BcPBudbibxfQErObTGjn/W7LCOFSHVdkBSXOgdCQbpJC"},"senderMessageKeys":[]},{"senderKeyId":468097336,"senderChainKey":{"iteration":4,"seed":"M6YjXMmd2Fh9KZOQRCpQhRCe4iU9Y/gjv8AfsWHhjEg="},"senderSigningKey":{"public":"BYUnE027y4wQFmrk0ld+1C35Xve6DvuvMBpQvdE1iGgD"},"senderMessageKeys":[]},{"senderKeyId":1820902660,"senderChainKey":{"iteration":1,"seed":"ztH8G7A2kTgcjkW+9vNUefexllJToyVBRDUOggQksmU="},"senderSigningKey":{"public":"BY74g6l4FX2pjudnksb2fiBlhwESKMIyPG7MoFyMKKYZ"},"senderMessageKeys":[]},{"senderKeyId":869616029,"senderChainKey":{"iteration":2,"seed":"BlYPetdzs1+k91b+8xPI7eSMFE3/OzJSKce9XnZqoqU="},"senderSigningKey":{"public":"BYUPMNZLUKJbeKjI8gB4GCNLxYQamAEQSS0084iy4t9y"},"senderMessageKeys":[]},{"senderKeyId":1824315140,"senderChainKey":{"iteration":6,"seed":"iL+vuKIsSdd0hwcheDXuwrLxUdzSAvLQyLz7rohb5D8="},"senderSigningKey":{"public":"BV+w4CL0eP0gdyZFR+5ZbIRio/3sJj5iYXQRRX0oLahS"},"senderMessageKeys":[]}]