[{"senderKeyId":788369059,"senderChainKey":{"iteration":2,"seed":"lv0Bu8f1Zx37j1TmmtVNaPJU5Knmr+5VbSI82g6MYEo="},"senderSigningKey":{"public":"Bde81Zrqy4IyugCno65L7lAa7I8uGpCBrqcZPD1H7IJx"},"senderMessageKeys":[]},{"senderKeyId":144163879,"senderChainKey":{"iteration":1,"seed":"j3gOBR1nnBEqHFcMq57U3RNteoB8NGH+jtegs/tR7M8="},"senderSigningKey":{"public":"BQnm7CvhC52fLxwWyG+YdzYzsDmwXGfd1Ww71Rg43RYp"},"senderMessageKeys":[]},{"senderKeyId":629148838,"senderChainKey":{"iteration":2,"seed":"beGiJasqMu+XlzFwutjR7mbd7trb/ZUZxKfubDLT42g="},"senderSigningKey":{"public":"BaQLULLMHMHXvhqf3e9Tzug8X3CjLKe7PhdpKu95kRsE"},"senderMessageKeys":[]},{"senderKeyId":287577043,"senderChainKey":{"iteration":6,"seed":"aDlshZ591ns+rixmdeTwxN+nAi1fn6CuLNGNwS59b5s="},"senderSigningKey":{"public":"BUnCnv3gWjZzpczYXA5WasWmh9crInktQD48Eid60x12"},"senderMessageKeys":[]},{"senderKeyId":774790600,"senderChainKey":{"iteration":3,"seed":"r0RVx7RwPUTxhQnNp4H3Z1MalV0FX8Nf6jI6isYMJx0="},"senderSigningKey":{"public":"BbvZgzF7PIhuRIkT4nWv2SF5Nl5P156r8TzJ2nCb4oBp"},"senderMessageKeys":[]}]