[{"senderKeyId":474074245,"senderChainKey":{"iteration":1,"seed":"+ABtPV3fnuJTyLmbfyUIaDn7C4ll1KNAjD+ynbuNNSk="},"senderSigningKey":{"public":"BVrLuZ9lGiGTiopsjLnRUpg4OIPkd7ZuBiQse2ehADda"},"senderMessageKeys":[]},{"senderKeyId":609216212,"senderChainKey":{"iteration":1,"seed":"Eta+bAjUkh1jYMk2QVFKoU8xX8q6O9FMxFF3ltNSJ5I="},"senderSigningKey":{"public":"BQ6nutiCNLnePUCVwBMvK/kOf7brTNvffBPIxXwzNtNX"},"senderMessageKeys":[]},{"senderKeyId":585649670,"senderChainKey":{"iteration":1,"seed":"PV29yunxC63s7BTfGDBWaX6KiZ0Kj1ApoeklBw4rvDg="},"senderSigningKey":{"public":"BWdu6tyXa+KOpmRl+Y1Ur6zIcQaif68WJqovBmh4nT1/"},"senderMessageKeys":[]},{"senderKeyId":47227850,"senderChainKey":{"iteration":5,"seed":"9PHo37vUX+RKdSqlS4PC/r0IKGVxSDcfWkBKbSpkays="},"senderSigningKey":{"public":"BRlYXJnMlGTz+DDhdPNXsXJlWMz0xfgBRn/Sw2P0QAll"},"senderMessageKeys":[]},{"senderKeyId":655553655,"senderChainKey":{"iteration":14,"seed":"f5a7j8Q3crDDkC2/3srd3D1xyLeQzWX74TGKb56//Qw="},"senderSigningKey":{"public":"BZ7ijUdESIUdRR0pC7z2BvebiWz1c/wELwhraOR3odZh"},"senderMessageKeys":[]}]