[{"senderKeyId":1958828003,"senderChainKey":{"iteration":0,"seed":"eSDJ0ruHwlJqUELyGmr6iKvJo9BomYA9CFjsjONmPNs="},"senderSigningKey":{"public":"BbKy5BEjBPLA1P+Z6hh573krhNXQ45TtRZNz0LhUoUJ2"},"senderMessageKeys":[]},{"senderKeyId":1343103409,"senderChainKey":{"iteration":0,"seed":"dBH6712ads1TkPTkYMorGOI5qWDBwfcanfMtWwRC23A="},"senderSigningKey":{"public":"Bamb+lu1A+AJZCkGtnYe3XD1wej+cL9ANaIrYfF0Xt1B"},"senderMessageKeys":[]},{"senderKeyId":175303521,"senderChainKey":{"iteration":0,"seed":"wraDT8d6oAOlaUpee4PmzZPMEOqfsdGZXEmyRlIZlcU="},"senderSigningKey":{"public":"BVjH7G9PpcG60cRujAbDYNnqGnUBmKQqLpwOiXNMN8pH"}}]