[{"senderKeyId":1295105650,"senderChainKey":{"iteration":0,"seed":"/pI0LZuyaBSALHDKzAHy5+YqYB1wRgfH4F4m6xY9SdM="},"senderSigningKey":{"public":"BUyt5oMekhqMwbgqVqh5dOmQ/fkG7kELxn7JIpd3FpMf"},"senderMessageKeys":[]},{"senderKeyId":1562567173,"senderChainKey":{"iteration":0,"seed":"q1f/fy995IbuhSbFlauCo1KpKMtDqyp3c6DS5qoyAQ0="},"senderSigningKey":{"public":"BVPAFdUkkZdmYYS3AUrBIY+m1CGG4hCbWqj5PfHFs5BN"},"senderMessageKeys":[]},{"senderKeyId":163321465,"senderChainKey":{"iteration":0,"seed":"S6KQM0RAgdi2m4TuAqv4JNYyJ0MzEUl5wFgqajeAwss="},"senderSigningKey":{"public":"BQ00GKt2hYYsEeIUdV1EyHRbCS/iQglWybJj9L5IDpNi"}}]