[{"senderKeyId":1586142268,"senderChainKey":{"iteration":12,"seed":"8jHSKQXwGChFOXlm4VTAaTKfCMealLCFoFTomT7Ihuk="},"senderSigningKey":{"public":"BUdG/+Blfzh/JT8kn5K/oPEt7etvrIxF5rzRV9fxiPhJ"},"senderMessageKeys":[]},{"senderKeyId":1586142268,"senderChainKey":{"iteration":1,"seed":"pZpMnwMYAA38aFHnTrL3orpm08+1XSSjiM1rueCeK8Y="},"senderSigningKey":{"public":"BUdG/+Blfzh/JT8kn5K/oPEt7etvrIxF5rzRV9fxiPhJ"},"senderMessageKeys":[]},{"senderKeyId":1586142268,"senderChainKey":{"iteration":8,"seed":"Pq8YK8dgRHIEg9z52zyBJWpbIclqHXnHJnqrHjAYKiA="},"senderSigningKey":{"public":"BUdG/+Blfzh/JT8kn5K/oPEt7etvrIxF5rzRV9fxiPhJ"},"senderMessageKeys":[]},{"senderKeyId":140017638,"senderChainKey":{"iteration":9,"seed":"O9Vp50T352s0sv6LPggjcWepaDLBG93MNPnFRb3VHXc="},"senderSigningKey":{"public":"BWh9Q2u6jQxP77pJmK6pk9WjDu/yC61W+1jCcbODmmJn"},"senderMessageKeys":[]},{"senderKeyId":1762349976,"senderChainKey":{"iteration":1,"seed":"fqigMbNXaBIRVtevc0CchjpBmcHPezOzSf8CjavjMQM="},"senderSigningKey":{"public":"BbA4KGhuvNa6+IhHfzhHJVFbSjUO2xr/DY4uwMDXlLNQ"},"senderMessageKeys":[]}]