[{"senderKeyId":458486751,"senderChainKey":{"iteration":8,"seed":"S40Q6WZS2EpN7DrvrcYi3iJDxS9YSI6oyS+dGT3rRZc="},"senderSigningKey":{"public":"BegHFRSMsXoXfDqrMLp7R9d74yOceBwVd8gddAfK70kx"},"senderMessageKeys":[]},{"senderKeyId":95246273,"senderChainKey":{"iteration":2,"seed":"HOePMts353p29BtR6E+rcZh93hElq078myy863/cxWs="},"senderSigningKey":{"public":"BUEy/y4m9tZO75BEWYXLIbfIeZZGdkahOkPjec/Vsk5b"},"senderMessageKeys":[]},{"senderKeyId":257791122,"senderChainKey":{"iteration":0,"seed":"bQ//aiDTBnPwN6hbV8XPfNewxRv+f3l6AA4yuVPEZps="},"senderSigningKey":{"public":"BZ7stg/2P3vQ0kJibpWOobSkUljuyQlPjWc2O6LRnVkg"},"senderMessageKeys":[]},{"senderKeyId":1888332365,"senderChainKey":{"iteration":9,"seed":"M/+3ZVdxhurNIIUdvgLfZ1AwbKBTymUYMRtExetqfyE="},"senderSigningKey":{"public":"BRWZitrcN0AFnsv5LWdBob+dLVvVhLkX81l56dJvBj1n"},"senderMessageKeys":[]},{"senderKeyId":1888332365,"senderChainKey":{"iteration":6,"seed":"ycM3VOKI4EjYyJhlmmmCJTNELYupTzVPVooRyBiA2js="},"senderSigningKey":{"public":"BRWZitrcN0AFnsv5LWdBob+dLVvVhLkX81l56dJvBj1n"},"senderMessageKeys":[]}]