[{"senderKeyId":1017801803,"senderChainKey":{"iteration":30,"seed":"or31OcyuPzmD1AY+j3s+PiadYjHN+riomYRUTCYzWAk="},"senderSigningKey":{"public":"Bcy4LuU3tSaB6BuKuW848IuSJVCwQuZfveo42th2TeAB"},"senderMessageKeys":[]},{"senderKeyId":1017801803,"senderChainKey":{"iteration":12,"seed":"IzHISKyLFybQX4aGbXSoK5aPDlQPRn5kDOZL8InVy6I="},"senderSigningKey":{"public":"Bcy4LuU3tSaB6BuKuW848IuSJVCwQuZfveo42th2TeAB"},"senderMessageKeys":[]},{"senderKeyId":65784200,"senderChainKey":{"iteration":38,"seed":"SIDbxvHlbsB6k+YUyv1abTQ6PSnR4/u2EmjWde2ytrA="},"senderSigningKey":{"public":"BbHpOPgX9lfUZH/d4n+dRJqdyyYHeQZV8rLr+oi9g1x7"},"senderMessageKeys":[]},{"senderKeyId":895027417,"senderChainKey":{"iteration":7,"seed":"G9lbXqdtK8IOMg22uRn4my9NoHvpn62CJxZ8oRuozIc="},"senderSigningKey":{"public":"BS6lcyPQJA/ZEjRcPtqrKRPFlP8GuW6J+OKphqfY/gh5"},"senderMessageKeys":[]},{"senderKeyId":895027417,"senderChainKey":{"iteration":1,"seed":"kpX+i2EGLLzEK7sQXbztsXUhT5uy3LlzTdaT7xIiTdI="},"senderSigningKey":{"public":"BS6lcyPQJA/ZEjRcPtqrKRPFlP8GuW6J+OKphqfY/gh5"},"senderMessageKeys":[]}]