[{"senderKeyId":1812194349,"senderChainKey":{"iteration":3,"seed":"Uc846Pb5D6ms5CMAGECQMCFLm74+dSd6aSxQSNd9hhk="},"senderSigningKey":{"public":"BVRyQ+fx0KDbOm2bRdTH9djy58MpmrfZsFMnC7O7zeJe"},"senderMessageKeys":[]},{"senderKeyId":1600248293,"senderChainKey":{"iteration":2,"seed":"GH9HPsq3gHUXO0vFNz+D/v3QOhh1HDmbkFRnidzZFTI="},"senderSigningKey":{"public":"Ba213cd+qNJnyyV+5ZPsBDfUgRlnce2rJaae9Akk/dZG"},"senderMessageKeys":[]},{"senderKeyId":1234821010,"senderChainKey":{"iteration":2,"seed":"ubeOiLOFx/NyyR6apUEJl60ghJfYJkALz3SQ0rF0ceE="},"senderSigningKey":{"public":"BVNYJnAL9zCqhhbD2eL7OASUcn/iBEv75KEdZx0N9gRQ"},"senderMessageKeys":[]},{"senderKeyId":125610052,"senderChainKey":{"iteration":3,"seed":"PMEIj3xLDbF3zzudv2d9axlbZp3o9UAK4k6e8m4tnOM="},"senderSigningKey":{"public":"BSKqjh1blgL1uqTX0K0+Oa2FiFgEe3UF/SAsOt4K6HcA"},"senderMessageKeys":[]}]