[{"senderKeyId":1434158353,"senderChainKey":{"iteration":0,"seed":"yQQFSXWn+AGxv7ILe0JyoHCRBMbXpBRRwrEn+AMuUGI="},"senderSigningKey":{"public":"BRLatgA+XBglfxXQU58Xo/jkmzDoUmm3W95rN3bjyNpp"},"senderMessageKeys":[]},{"senderKeyId":1434158353,"senderChainKey":{"iteration":0,"seed":"yQQFSXWn+AGxv7ILe0JyoHCRBMbXpBRRwrEn+AMuUGI="},"senderSigningKey":{"public":"BRLatgA+XBglfxXQU58Xo/jkmzDoUmm3W95rN3bjyNpp"},"senderMessageKeys":[]},{"senderKeyId":1231553274,"senderChainKey":{"iteration":0,"seed":"s+JrGwRfaOMgZSW9KWDxiMdAqqp2XnmaAAuBdrAsB1g="},"senderSigningKey":{"public":"BdEe0bnaRFDmAiuE88oA1oKEfwQ0eXMM6SQyYC3q/C4d"}}]