[{"senderKeyId":1024277916,"senderChainKey":{"iteration":17,"seed":"07w+SIwd4JXG9v2dIsMQXLgQeJG9SeWx+K24Ri8/lwM="},"senderSigningKey":{"public":"BQeLHXqc3DTeDWaHemfHoyzX/e+yhWWH0QysLN4w3p8x"},"senderMessageKeys":[]},{"senderKeyId":1092113098,"senderChainKey":{"iteration":4,"seed":"jfHAn+LnR0oZk0dLlGMDqzVnszSsxdWJ9I89vGj/RiY="},"senderSigningKey":{"public":"BRc3P5LC0oDhsUtd4jbMmi1myjwOpbJpVFKWWW4zCy9W"},"senderMessageKeys":[]},{"senderKeyId":2060648493,"senderChainKey":{"iteration":2,"seed":"9I6g3c7hqh/6g3p2m3KuSM9eKvmeFkrxu9zIO+donGw="},"senderSigningKey":{"public":"BaO3QoZ8YcpQzAlrQ8K4yGDcskftqkii3vMxSiAAffN3"},"senderMessageKeys":[]},{"senderKeyId":1623090974,"senderChainKey":{"iteration":4,"seed":"eDv7BfuXoQIDWzjtYZ9x4GXOjjMrYn4fY68cQgnRmo4="},"senderSigningKey":{"public":"BfLm4vOunXRZ4yjO/ISmo2O5R5F05qfy82m6iKeNWI1J"},"senderMessageKeys":[]},{"senderKeyId":1857993776,"senderChainKey":{"iteration":1,"seed":"eH50uEfuaRKDLqX9LKgtC/gpBCVFI1DoA9zKw/Iglpw="},"senderSigningKey":{"public":"BS6LsV6wjv3pi+uMBOzfXmZM3vArLFWjUNB5ByOz61UM"},"senderMessageKeys":[]}]