[{"senderKeyId":1390188293,"senderChainKey":{"iteration":5,"seed":"+qFYUv2M1Kx41SST7Ur/TQ4OpDIF1rTAaz9g9Zn7iJs="},"senderSigningKey":{"public":"BWs1KR2HoAdo8x6nvKGdhnCHYwjyzD4eUjZIQ+inJ7wm"},"senderMessageKeys":[]},{"senderKeyId":1390188293,"senderChainKey":{"iteration":3,"seed":"FEqvECc9uAOxqbwdZWuhm0m5koNWKTe5KuA748wbBbM="},"senderSigningKey":{"public":"BWs1KR2HoAdo8x6nvKGdhnCHYwjyzD4eUjZIQ+inJ7wm"},"senderMessageKeys":[]},{"senderKeyId":1390188293,"senderChainKey":{"iteration":4,"seed":"tJyHYgm+ii0FnxebBv3+pd0/AXbEEwAn788zdmjUSsU="},"senderSigningKey":{"public":"BWs1KR2HoAdo8x6nvKGdhnCHYwjyzD4eUjZIQ+inJ7wm"},"senderMessageKeys":[]}]