[{"senderKeyId":1216426518,"senderChainKey":{"iteration":7,"seed":"oJ/KpvxSg7dzkEAp9BeyBPHIrPhHuH0/+HofHfnUQmM="},"senderSigningKey":{"public":"Bfg33kwzRjoIKAZDANq/X0xxgqOfUoxUI9t4gjj2DKds"},"senderMessageKeys":[]},{"senderKeyId":1515410298,"senderChainKey":{"iteration":0,"seed":"KH1DOnwz0ybPYysz+u6VMDNQiSXqI1x1k4EzSq+6a4E="},"senderSigningKey":{"public":"Bcw2vGR0Gd0nZmWNncGZNj8N37qoCHpcqmNIONbBrHA/"},"senderMessageKeys":[]},{"senderKeyId":1978662369,"senderChainKey":{"iteration":6,"seed":"pL1v4wqQXo9L+YDIOAieCz8FieuaE7bsPIeXXgvRUgE="},"senderSigningKey":{"public":"BfUuRv/vDqvI9ZBCYbCu95gTiD2W8oxYGHJ2sZa8++oB"},"senderMessageKeys":[]},{"senderKeyId":645228664,"senderChainKey":{"iteration":9,"seed":"08aq352oWZ85SGRoY6AQ7UwQQELtrYysUWEZHYgZAwM="},"senderSigningKey":{"public":"Bb5lEUEOoO9Daf+mdedDr/MJhq8+yMVQnuR7vZrts/os"},"senderMessageKeys":[]},{"senderKeyId":645228664,"senderChainKey":{"iteration":9,"seed":"08aq352oWZ85SGRoY6AQ7UwQQELtrYysUWEZHYgZAwM="},"senderSigningKey":{"public":"Bb5lEUEOoO9Daf+mdedDr/MJhq8+yMVQnuR7vZrts/os"}}]