[{"senderKeyId":423251845,"senderChainKey":{"iteration":12,"seed":"LcvbJguppScGZ/mMVyVkLyBWHosGYR7WBXkfQPCSqE4="},"senderSigningKey":{"public":"BbCsGUI1Vu/f8fGRLN3VLSwY9izm+AQAiSgsAcsokfwk"},"senderMessageKeys":[]},{"senderKeyId":1543844401,"senderChainKey":{"iteration":1,"seed":"4R4VBnJWfS7d53vveawXmK+EBHRRLlZR2TL8U4hfJZc="},"senderSigningKey":{"public":"BQuWBgMeTyrLI4jTyYxhxKw2HHtRjT2gUUCU5UEKKLg+"},"senderMessageKeys":[]},{"senderKeyId":598135838,"senderChainKey":{"iteration":13,"seed":"hv2u0RRySwDHgzvo33MBjt8DnxetQcULUyXjAVNcvq0="},"senderSigningKey":{"public":"BW1MaeeW6uk4k9a+WEOV4jfuQnMbgsQlN3/+a8KMedEG"},"senderMessageKeys":[]}]