[{"senderKeyId":183698780,"senderChainKey":{"iteration":3,"seed":"u+Y2H3bXbNOuQV1b8NTsYyHoquWk6+qOTYZaVy5NU+0="},"senderSigningKey":{"public":"BU+MI+xb9a+kbjegfgAVjxYd6mbUdO51EZGQ2Z8VJlon"},"senderMessageKeys":[]},{"senderKeyId":183698780,"senderChainKey":{"iteration":1,"seed":"JL1BkzJEDW8JkiAzOoKX+TWyP8qSPmyg4Fhx1MGQvuI="},"senderSigningKey":{"public":"BU+MI+xb9a+kbjegfgAVjxYd6mbUdO51EZGQ2Z8VJlon"},"senderMessageKeys":[]},{"senderKeyId":2140981590,"senderChainKey":{"iteration":48,"seed":"kuKmJ8KOVhexERTcIPMNFH2Z0QFNH+VjY6b9KX9fKRY="},"senderSigningKey":{"public":"BdOTVEQrOmXXdSWRUzaBpJ1Xr2MvPrXVi/wdOTxtZC4M"},"senderMessageKeys":[]},{"senderKeyId":898230938,"senderChainKey":{"iteration":8,"seed":"tcEzM631K0zlKC23AQ2awJSmjpVTpQMh0MjG3ihkc3g="},"senderSigningKey":{"public":"BZH/SwG5wiqvdNEwpKrcc1xXcGbQKSFOAtAkEisuppB/"},"senderMessageKeys":[]}]