[{"senderKeyId":2133314645,"senderChainKey":{"iteration":6,"seed":"EDVj+DBT5LIkQNzaZygnxKD5yWISleTKR5820Iwr1Lo="},"senderSigningKey":{"public":"BUDbDOYdEe2jBUcPzjGgPxnDaHclY6bRJs89DpTJzxQy"},"senderMessageKeys":[]},{"senderKeyId":2133314645,"senderChainKey":{"iteration":3,"seed":"NaXlINE2R9M2/uwbSj/HG2Q5evJrcVuwmAWzAykJDxI="},"senderSigningKey":{"public":"BUDbDOYdEe2jBUcPzjGgPxnDaHclY6bRJs89DpTJzxQy"},"senderMessageKeys":[]},{"senderKeyId":1307921806,"senderChainKey":{"iteration":2,"seed":"buiizc+WYYBbdhB2TfUtSTJRuJFQZSMSPWWTZ4BQbHw="},"senderSigningKey":{"public":"BTR7MkQUdlJ+t/4FO4t7yDTaEukEfSxrmOlRvQNhvfQ6"},"senderMessageKeys":[]}]