[{"senderKeyId":45492608,"senderChainKey":{"iteration":55,"seed":"+gzIKl9DABNdcM5jrVrVuhttV2/xG8x1LaDuC5GIvHg="},"senderSigningKey":{"public":"BZ0s+OYyjLQT7X6fk7wQvW0eCHB2S2TE4nKXd3lCgOMl"},"senderMessageKeys":[{},{},{},{},{},{},{},{},{},{},{},{},{},{},{},{},{},{},{},{},{},{},{},{},{},{},{},{},{},{},{},{},{},{},{},{},{},{},{},{}]},{"senderKeyId":45492608,"senderChainKey":{"iteration":23,"seed":"+/RqvcYM8wDXeFvoBOxgxuHqJbNuxEIOEd8Rknuy3vA="},"senderSigningKey":{"public":"BZ0s+OYyjLQT7X6fk7wQvW0eCHB2S2TE4nKXd3lCgOMl"},"senderMessageKeys":[]},{"senderKeyId":45492608,"senderChainKey":{"iteration":29,"seed":"ZkaxvR5sb6060gcLfC7gqqw+bs3ObuhfZQGyUizDVV4="},"senderSigningKey":{"public":"BZ0s+OYyjLQT7X6fk7wQvW0eCHB2S2TE4nKXd3lCgOMl"},"senderMessageKeys":[]},{"senderKeyId":45492608,"senderChainKey":{"iteration":49,"seed":"saHNo8ikW1fBmYLjHN6AJ1W4BhwBG7gbaXiHEHDzMc0="},"senderSigningKey":{"public":"BZ0s+OYyjLQT7X6fk7wQvW0eCHB2S2TE4nKXd3lCgOMl"},"senderMessageKeys":[]},{"senderKeyId":45492608,"senderChainKey":{"iteration":51,"seed":"uL6Ky/wVS7x7SJoNm8gIjAXEy7bVAT7BcP8lAS0yI4I="},"senderSigningKey":{"public":"BZ0s+OYyjLQT7X6fk7wQvW0eCHB2S2TE4nKXd3lCgOMl"},"senderMessageKeys":[]}]