[{"senderKeyId":919068584,"senderChainKey":{"iteration":141,"seed":"kMlak0ItG70YEgfw86uV4ecMsWJ+7fGXlfzA80WjEKQ="},"senderSigningKey":{"public":"BS8SEC58V7MV7493a02Zt+MMmD7/O5BwKinT4rAw2D01"},"senderMessageKeys":[]},{"senderKeyId":2146742270,"senderChainKey":{"iteration":44,"seed":"ie3dOyOV2+sCCo5O9MhljILzNkz54HZH/QsCQpvirtQ="},"senderSigningKey":{"public":"Bdw2VLmbPqNhaCprRat6Om4wTYs9bljg3RD/CW7RAa5O"},"senderMessageKeys":[]},{"senderKeyId":2146742270,"senderChainKey":{"iteration":4,"seed":"TiT31YCNDGvYWlTBbYjWlO/i65nGraDCBSpB55ISYFk="},"senderSigningKey":{"public":"Bdw2VLmbPqNhaCprRat6Om4wTYs9bljg3RD/CW7RAa5O"},"senderMessageKeys":[]},{"senderKeyId":1907727677,"senderChainKey":{"iteration":9,"seed":"MC3Q3LOptxl6oSFi2h6GI+2OTr9tOCpDFwTbIb80dvw="},"senderSigningKey":{"public":"BXPN1GFvk6OsImMIZ4tb96SO4wZxRDO7k7mAC+tlYuB4"},"senderMessageKeys":[]},{"senderKeyId":1262514003,"senderChainKey":{"iteration":72,"seed":"yf+ax0OJ7HhD3oGCKayIdgWunWCfuAnIkv817x/bNdM="},"senderSigningKey":{"public":"Be/hSDNJD5yuxdfrqZTkbUTXUm3fC0v0K85XdGlyAx5B"},"senderMessageKeys":[]}]