[{"senderKeyId":810068716,"senderChainKey":{"iteration":0,"seed":"qgy2D+NGYM2KIlJy/M+I4WVHiTd0vmU+xwR0uBeWTwE="},"senderSigningKey":{"public":"BZy18nNv2hHCLDFDVg6n7hX6OiTO13/dao3gRtJMcgBs"},"senderMessageKeys":[]},{"senderKeyId":354594938,"senderChainKey":{"iteration":0,"seed":"sT+FukVnjMesyaiELHFNjNTwYB3oQI1KT+1w6AJj70M="},"senderSigningKey":{"public":"Bfx006XUNCYJvoaY0ezlmdZjnmbPoRGDl0AT0BT8HSRH"},"senderMessageKeys":[]},{"senderKeyId":1208090267,"senderChainKey":{"iteration":0,"seed":"F36x92pggfuh2tWH/m++OlqEArBJmtNvTHqUimrycbk="},"senderSigningKey":{"public":"BQGzk88jVAPmrc80WZk+W8y/DrumLsm0HebnnUzIp3EG"}}]