[{"senderKeyId":795450344,"senderChainKey":{"iteration":0,"seed":"OHIPDRz4DJFq6UjybjSIxRkdgu9NqvT45TSCL0bP7ss="},"senderSigningKey":{"public":"BRBHXrcxnSh392Sst0el/pBB+UbONJ+BPxvaZnrLfKp7"},"senderMessageKeys":[]},{"senderKeyId":37602689,"senderChainKey":{"iteration":0,"seed":"F7JpOjdcA1Thf+h5JumeGZufc8Mf7zu4nq1fQDdGF4Q="},"senderSigningKey":{"public":"BVCj9y4D9VgihQYHOfKfeIQRirwAM3PvSBMtYHYdyVQr"},"senderMessageKeys":[]},{"senderKeyId":1544237629,"senderChainKey":{"iteration":0,"seed":"Wxtau1gVjhiZev9zDZt3nWtE2/JgioRz3cjdB8iHobQ="},"senderSigningKey":{"public":"BfLcp86nUf7FHzYKx5PgzPeueOZZpMOaV63P21TlDoEr"}}]