[{"senderKeyId":2113205639,"senderChainKey":{"iteration":0,"seed":"znPvwLvmrA1V4XLi0Nb9ZTsu/SOsPEKq/EvHiWn8NlM="},"senderSigningKey":{"public":"BRfQ6o+bJe9dKFWmSR0l63+Zlg1JtrQzc69Bt2Gjs6Yp"},"senderMessageKeys":[]},{"senderKeyId":37043626,"senderChainKey":{"iteration":0,"seed":"0xK+ovxRr/hGRzvhZenGvIN05hfL0TY25BY5rYUtU8o="},"senderSigningKey":{"public":"BVa+wVorbcRl2EnW9ZdvRE2XLk78w7mbmlfFari74CI6"},"senderMessageKeys":[]},{"senderKeyId":428940278,"senderChainKey":{"iteration":0,"seed":"/nJN7GUa2oURFIn7fSat5tYKrWBvOM8zE0QmhfMMOPY="},"senderSigningKey":{"public":"BW1ftQ761C/MhHJ0wf7HabfHFNnEvA1ampa1DfsWV4c4"}}]