[{"senderKeyId":1585207824,"senderChainKey":{"iteration":4,"seed":"9C/T1YLBHfhsqUE0hqpVbiKXY8FUZ/s8br+mCfZdpuY="},"senderSigningKey":{"public":"BcW/6VoImW8ePLANseoiyGLRuh2yMUp+Gp2n0pkHvQg/"},"senderMessageKeys":[]},{"senderKeyId":1523387608,"senderChainKey":{"iteration":3,"seed":"zkhEoNiRDyJuMlWka93Ph02MQpXrRIHBhYVqTNiUx6k="},"senderSigningKey":{"public":"BdtCUnfa0ym7f77qQ0ve2+omzbiHwAUzw3bQ0do2g7Y7"},"senderMessageKeys":[]},{"senderKeyId":154161494,"senderChainKey":{"iteration":1,"seed":"v3mSISoFwUGC3C2AcRLwNFIo3zbmHYD1gBmr6ZTpO4M="},"senderSigningKey":{"public":"BRxWvyCWM3XoUMgMmzeIBLjWLS8y/fsclJsAMDMBe08f"},"senderMessageKeys":[]},{"senderKeyId":1417217929,"senderChainKey":{"iteration":5,"seed":"sqwHmSr54pYx1HMPIYl3ydVfBSUYbYcgmV+4cigHhRs="},"senderSigningKey":{"public":"BUsXRiUUBv0DrYuRkoUpjAjD2Fg/mdeX3YUeCAvPyGtd"},"senderMessageKeys":[]},{"senderKeyId":940085987,"senderChainKey":{"iteration":111,"seed":"T2zhNSmmBrmjnipET6t/675dqddqy0rKes85aE1VdxQ="},"senderSigningKey":{"public":"BSUvc4PKarPEnrCLjDKwYJY6Ttz1JbjzbvIZVJL4FowN"},"senderMessageKeys":[]}]