[{"senderKeyId":105600972,"senderChainKey":{"iteration":35,"seed":"eWOWvrhXAIzF0NkHvxTMqGmlE6LfudhKigfLsbwiwhk="},"senderSigningKey":{"public":"Bf8zH8b47+ELF0q+RK1zhbH0NyrmY4X5t6XGh60+kH5R"},"senderMessageKeys":[]},{"senderKeyId":105600972,"senderChainKey":{"iteration":41,"seed":"jY2yf2Rm+of5Jqbric0zha1gfB9Sgw0e8DnitKiZq24="},"senderSigningKey":{"public":"Bf8zH8b47+ELF0q+RK1zhbH0NyrmY4X5t6XGh60+kH5R"},"senderMessageKeys":[]},{"senderKeyId":105600972,"senderChainKey":{"iteration":45,"seed":"6J0Sswv8x971lE/5Sx3LxCzwD8bZiO72Z2rec2SmKwo="},"senderSigningKey":{"public":"Bf8zH8b47+ELF0q+RK1zhbH0NyrmY4X5t6XGh60+kH5R"},"senderMessageKeys":[]},{"senderKeyId":1466936257,"senderChainKey":{"iteration":23,"seed":"QSardXmq8z5sfu8AdnQDctnRWSG393n39co5YxngWEA="},"senderSigningKey":{"public":"Bakz4o1q6Thi8dNjg5SXW4KlBbXmUqMoJypcjeR6Cvlj"},"senderMessageKeys":[]},{"senderKeyId":1466936257,"senderChainKey":{"iteration":2,"seed":"LvwrOYgR/pWQ3V66o+qeNxptz0BP4OSQeLYOHmEwVMc="},"senderSigningKey":{"public":"Bakz4o1q6Thi8dNjg5SXW4KlBbXmUqMoJypcjeR6Cvlj"},"senderMessageKeys":[]}]