{"559484378846@s.whatsapp.net":true,"558494757096@s.whatsapp.net":true,"558494757096:23@s.whatsapp.net":true,"557599626550@s.whatsapp.net":true,"557391563177@s.whatsapp.net":true,"557391563177:41@s.whatsapp.net":true,"557381937948@s.whatsapp.net":true,"556993548275@s.whatsapp.net":true,"556993427172@s.whatsapp.net":true,"556199143044@s.whatsapp.net":true,"556199143044:29@s.whatsapp.net":true,"556198913106@s.whatsapp.net":true,"556198023739@s.whatsapp.net":true,"556198023739:3@s.whatsapp.net":true,"556198006277@s.whatsapp.net":true,"556196477542@s.whatsapp.net":true,"556195673035@s.whatsapp.net":true,"555180495453@s.whatsapp.net":true,"554699866464@s.whatsapp.net":true,"554699866464:23@s.whatsapp.net":true,"554498209456@s.whatsapp.net":true,"553899480514@s.whatsapp.net":true,"553897296618@s.whatsapp.net":true,"5517996128576@s.whatsapp.net":true,"5511986318875@s.whatsapp.net":true,"33745012102@s.whatsapp.net":true,"351939838023@s.whatsapp.net":true}