[{"senderKeyId":1728214099,"senderChainKey":{"iteration":3,"seed":"CxScGG/EUSLfURSnlP0JvingXaabje27d9sn69SQtDQ="},"senderSigningKey":{"public":"BZdXjx140q1Ym0DKtSrR3T1aaULMC2/pVTyv+tNYXERM"},"senderMessageKeys":[]},{"senderKeyId":1896186148,"senderChainKey":{"iteration":6,"seed":"6PQPTG9JLKc0ZOPhCj/G7HioKfAKQgeKMEkKmaFusfo="},"senderSigningKey":{"public":"Bcom71I/GG/ZpDtCKzwDAYTArA5WNaiq4lAdQ0o3CVJr"},"senderMessageKeys":[]},{"senderKeyId":1208164262,"senderChainKey":{"iteration":3,"seed":"JRBVuC+cUy4/+fxcveqBOTwLI0walcTfWKJcFYM3Ohk="},"senderSigningKey":{"public":"BZwM2GewVieUK8gwcXAQh/Zs0MX+nKBNPnCOBnabj2sq"},"senderMessageKeys":[]},{"senderKeyId":928783717,"senderChainKey":{"iteration":6,"seed":"O24OmdcusVSTWc6rWfhNeo9HF0gqfDazL5bgl7qpBQA="},"senderSigningKey":{"public":"BXp29NwLV8QOZZgB6AxQxEnmD7Nqehc4uiiZhHDpi2R0"},"senderMessageKeys":[]}]