[{"senderKeyId":1548763331,"senderChainKey":{"iteration":0,"seed":"V8Ez9xpuRtxy7+H3KHP+p/wGMJ5vLf+hWlO7ACPyS0Y="},"senderSigningKey":{"public":"BZAHhphxGRO7nLkVHmKfr5E0O+xr6y9L6nOZAJk6icVa"},"senderMessageKeys":[]},{"senderKeyId":2099115621,"senderChainKey":{"iteration":0,"seed":"OsFG2gHcDrQLD1E7rJCr04WbltJWGK7tKx9ANVIP1c8="},"senderSigningKey":{"public":"BfwKosggyFX/RXDwFxIQEXfnYuCNap1p2QftKqoVmpd3"},"senderMessageKeys":[]},{"senderKeyId":185604322,"senderChainKey":{"iteration":0,"seed":"tTB1ssg/VG9Z3Dvo2yeJz5KrwJ9JWgZpFbOGx21pKpM="},"senderSigningKey":{"public":"BfADUuwu2t70ziqLJuNnDavoJRy4RR0ylBIRFB8e70U0"}}]