[{"senderKeyId":264686518,"senderChainKey":{"iteration":12,"seed":"H7zhuOb3S3JRI+mAGLOkPlVL5Fxnb/l92tmJDnpB518="},"senderSigningKey":{"public":"Bam7/iLagEJrb59Yrm3y0go6Z+0+WJYJx8PICvbgV8BK"},"senderMessageKeys":[]},{"senderKeyId":823673516,"senderChainKey":{"iteration":1,"seed":"nnYtETqv4BUssrbPeDKs5mTjOgov4Le9/mCIBeiCtrY="},"senderSigningKey":{"public":"BUbU3grxZbwXv1VQM6fsQPWo3mf5YGAiR5W7HEAAEDkO"},"senderMessageKeys":[]},{"senderKeyId":1302299777,"senderChainKey":{"iteration":70,"seed":"K6SZpWcJyPkaMhvGmKXa2BWuRPAC+/HMIQx4MyFBOIo="},"senderSigningKey":{"public":"BepWa1AqpQRScgltzTR1nO9UlqBgPOuC3xM2SNX9FDga"},"senderMessageKeys":[]}]