[{"senderKeyId":2003133315,"senderChainKey":{"iteration":7,"seed":"+wvyVZmPHbs0VOx66G6HVWG7nOrlmr8lx2AGcQTbf2Q="},"senderSigningKey":{"public":"BRxnfeOeWXXmSsp4F4kBm1ufyViAaafTwGLDMAzDuoc+"},"senderMessageKeys":[]},{"senderKeyId":551474190,"senderChainKey":{"iteration":3,"seed":"eW7k7ilvaJIX/8o4vptSjWVex1EeZ5q2bZrZAFLV7F8="},"senderSigningKey":{"public":"BcfL9pm3diOa5SqTPGg9gJEPGxe4uUgrlIRNoTZiwOZn"},"senderMessageKeys":[]},{"senderKeyId":908642395,"senderChainKey":{"iteration":3,"seed":"S5X5tSS/T1W5xoOkJC9RVmxWE09g33MH9G9wJRSypSw="},"senderSigningKey":{"public":"BWjkyv8uPI3D+e8ifgk2fy/ZYKQzXipP5bMrTdZwaMsu"},"senderMessageKeys":[]},{"senderKeyId":908642395,"senderChainKey":{"iteration":2,"seed":"JEyX7rzbS4SdkcGWqAp3qcQmO+ahSEwnOqK+B6fTxrE="},"senderSigningKey":{"public":"BWjkyv8uPI3D+e8ifgk2fy/ZYKQzXipP5bMrTdZwaMsu"},"senderMessageKeys":[]},{"senderKeyId":1212416697,"senderChainKey":{"iteration":1,"seed":"t61mcBLfnphwvIYmCvIWY788bzEJS9tKvf+ylbVigjw="},"senderSigningKey":{"public":"BXkM7gBA5w7WeqGYCYTJ/VYU8LKs2OAXoeCKUI74HtNE"},"senderMessageKeys":[]}]