[{"senderKeyId":2029326093,"senderChainKey":{"iteration":0,"seed":"74kn0kQdtK7Yc8yS0yvlJXK0CTWCAiJ9c7IzSYJIpzo="},"senderSigningKey":{"public":"BbG+BMLAmUqQxBxsgTzHZsPbXiOBFwH4yDqxc5Pk3E87"},"senderMessageKeys":[]},{"senderKeyId":1631000353,"senderChainKey":{"iteration":0,"seed":"BsCZ+EZbp9nhFZAqwzj7AUt84smKpWpR+GigIS7upds="},"senderSigningKey":{"public":"BTUMSJlcJxlTSbR6r1bA5+C1MpFHl18KZP7ya01lE+0y"},"senderMessageKeys":[]},{"senderKeyId":601358955,"senderChainKey":{"iteration":6,"seed":"zcN6FJZ5TRlA+8J49GDdbsRQSFztPkgpf9u69MXnsJo="},"senderSigningKey":{"public":"BQBoyAWzyuH+jHGnZmDIyiuKfNqiqHUil0LaU58TdoVf"},"senderMessageKeys":[]},{"senderKeyId":601358955,"senderChainKey":{"iteration":1,"seed":"MOW+nj59uh+lyJUvB4GIrRl5szR5N1KYvRKYvCxQbbM="},"senderSigningKey":{"public":"BQBoyAWzyuH+jHGnZmDIyiuKfNqiqHUil0LaU58TdoVf"},"senderMessageKeys":[]},{"senderKeyId":2015167481,"senderChainKey":{"iteration":0,"seed":"n5uYJfN+obHK3OXw59unZEehpRkeGT6x9B2WWsmsOcc="},"senderSigningKey":{"public":"BfolWd2k/RGkQqJgr3anH89lH7zGU+FdZCdT40HRhUoQ"}}]