[{"senderKeyId":1900763100,"senderChainKey":{"iteration":246,"seed":"gYMOZB5U8Oj3BNqN3P222E9/oh+x5vf4V4J/uq02N1Q="},"senderSigningKey":{"public":"BXWHKzSChgp32Gl7dgUYd6OO1zO3zBknYX+SJlDVNrpZ"},"senderMessageKeys":[]},{"senderKeyId":919499343,"senderChainKey":{"iteration":21,"seed":"21jg2sgP9GQsqkwHraaq0fdqEM8B2AgZuH6EU7vSdns="},"senderSigningKey":{"public":"BUrB+lNpPo5dn0kQz558V36JThlr3naPiidWRGWOEKVy"},"senderMessageKeys":[]},{"senderKeyId":919499343,"senderChainKey":{"iteration":4,"seed":"oaSgrWoNnsI6PyMwDNztBsFkSoeUK/2SEbzZK/QJpqo="},"senderSigningKey":{"public":"BUrB+lNpPo5dn0kQz558V36JThlr3naPiidWRGWOEKVy"},"senderMessageKeys":[]},{"senderKeyId":919499343,"senderChainKey":{"iteration":9,"seed":"zaLHw2U6iVwQeGU0sKIhN2WoZ+ev32ebM2a+cxKADJ4="},"senderSigningKey":{"public":"BUrB+lNpPo5dn0kQz558V36JThlr3naPiidWRGWOEKVy"},"senderMessageKeys":[]},{"senderKeyId":919499343,"senderChainKey":{"iteration":16,"seed":"xLmRmikxSE8Z2hSW+zWYrOUvbuizEZn/bzDavgu7pKA="},"senderSigningKey":{"public":"BUrB+lNpPo5dn0kQz558V36JThlr3naPiidWRGWOEKVy"},"senderMessageKeys":[]}]