[{"senderKeyId":1763855825,"senderChainKey":{"iteration":1,"seed":"yOyFyNMbhmcsQpCwBEJIAHHLf4TNXJnEbsIWa3p2N44="},"senderSigningKey":{"public":"BdgaHJaQcMvOMCxBO2nbEqYBqNkSIbuxWkQGMSivgxZc"},"senderMessageKeys":[]},{"senderKeyId":723769320,"senderChainKey":{"iteration":0,"seed":"fFytm/uW0kPYw5YvOtF4FpzAqMwwDoi44mKXlJBfbq0="},"senderSigningKey":{"public":"BfW3jFJrEk0RIkw4S4BhEWG6zMv4A2GtkUplvNTo70d8"},"senderMessageKeys":[]},{"senderKeyId":1950977269,"senderChainKey":{"iteration":0,"seed":"B9UKxINzo1q28ZlxjQ6PnoPvpissFbvY9pXoF0dY1N4="},"senderSigningKey":{"public":"BWfv/grN3f0Er9+ZuOsFoUw7+DGRxcaorSO3k+NjkOUr"},"senderMessageKeys":[]},{"senderKeyId":1547218439,"senderChainKey":{"iteration":0,"seed":"aV+hdRAYSOY/GNvcs+dxNcpV4XHryG+tHka4nKkyttw="},"senderSigningKey":{"public":"BUwIFWL2On47B5KhQRFbQ8gh9KkZlGVGJcBDDCTAMmkN"}}]