[{"senderKeyId":31664023,"senderChainKey":{"iteration":2,"seed":"AohuEqi2C5ckrnsrh5wyX8wtOtuW+HoI2uupyTQyBR4="},"senderSigningKey":{"public":"Be/3bGJyOjHuO9ZbBCZkZTxNlC6D4Uj/ypvvCNpZJHle"},"senderMessageKeys":[]},{"senderKeyId":1800581963,"senderChainKey":{"iteration":0,"seed":"/zi6sdpKq5BwYVyle9xGQboLBBV9fOKvKKoWwdlcvQQ="},"senderSigningKey":{"public":"BcD3zl8FsNECwxc/F7l9CDJXkhk//0/Oo3MRIzJEQOd2"},"senderMessageKeys":[]},{"senderKeyId":820058014,"senderChainKey":{"iteration":1,"seed":"i5asxX24QLW+zc4YEjTrqdPiUUMdx6O6cQ80PbqbBJg="},"senderSigningKey":{"public":"BSKD289748xxvOAAZ+zLDfmcwZVa+hxg1pXgmTcNmGRD"},"senderMessageKeys":[]},{"senderKeyId":1094643003,"senderChainKey":{"iteration":0,"seed":"Tb9C3uz664t1jiZbYJOTFuSgwNbH9c3OvP9VzSmXZJs="},"senderSigningKey":{"public":"BZWoXmjWVBSsICHO1gtPLcJOLCK0cbUuG/7tefKu/Vst"},"senderMessageKeys":[]},{"senderKeyId":287777754,"senderChainKey":{"iteration":0,"seed":"3XU94lSCtH4SDdFgSQAzoEqoqnZhGh+qTPw+ZWAvhW0="},"senderSigningKey":{"public":"BVyII5CNwdBSQUVQpRR8RFcpSPxJLzbFWSx3J0PM2uNV"}}]