[{"senderKeyId":1137038133,"senderChainKey":{"iteration":2,"seed":"1TxwBLzQrSnhPrE4fjk9O6GKox2LyVtY0gR1dTHpCvg="},"senderSigningKey":{"public":"BdW/GF6lLoqPMUOE3VSeHZhchxl+P2uQKgWaKAkTIqcb"},"senderMessageKeys":[]},{"senderKeyId":1439042123,"senderChainKey":{"iteration":2,"seed":"f6F2qJdbYfmz12rGb1TvK2COCibG2l+n/JUqcBN/Aks="},"senderSigningKey":{"public":"BaqRnNbqve7Hrzn4BsgB8xJ4G4NCFr9TRNQpLh5E3sUG"},"senderMessageKeys":[]},{"senderKeyId":1408409404,"senderChainKey":{"iteration":4,"seed":"ccpPYD5g1xPFVbzCA2UjjhCciIrrfT+UKZhZ6GuZ6W0="},"senderSigningKey":{"public":"BZAWfZcYpA6RGkxDz/SrUbRy6LzyCn36o/BULgyC8lxL"},"senderMessageKeys":[]},{"senderKeyId":1325769864,"senderChainKey":{"iteration":0,"seed":"106m8rvQmBNRi4DZaCMizPXDbspnx18KJ5cg4jo0uJE="},"senderSigningKey":{"public":"BWdnXOZ8fzgx6h36t0hJdGca0lR1WCu3f28frYPZf2dD"},"senderMessageKeys":[]},{"senderKeyId":1587694355,"senderChainKey":{"iteration":1,"seed":"FOoAWfk4tSnkpl0J73ABHYp49PqZfWGcY3s6/jvc/cU="},"senderSigningKey":{"public":"BWfFpjRyB/ZGyJHDoYUrsZk2cOd+Z68TKyTXrqmZK3Y7"},"senderMessageKeys":[]}]