[{"senderKeyId":1695434521,"senderChainKey":{"iteration":0,"seed":"8suNZI0Y5LkYIOUha0RDMhumO0aBte+3IVdCDrMfQpk="},"senderSigningKey":{"public":"BVtUmoJxlVkvrCPhL5wBNZeOIaHNJEauGutFi43Wpolx"},"senderMessageKeys":[]},{"senderKeyId":1940669989,"senderChainKey":{"iteration":1,"seed":"Imr5oVM0vD/NgnRAn9QxQAivV3xGloAM9WIRB6mtNd8="},"senderSigningKey":{"public":"BXpdAhHo+LHsVyM6G6mMOwC03EJAymuMpEDEI5Qv5ucW"},"senderMessageKeys":[]},{"senderKeyId":2095222829,"senderChainKey":{"iteration":0,"seed":"TbOaUptDzVf+wUuP0y7FJyug2FRQqeDcv2mMdyMaLKk="},"senderSigningKey":{"public":"BQ21oO4LanSvHF4uF+KrtEgtT/JmdejMXJF0xxp/Op0b"},"senderMessageKeys":[]},{"senderKeyId":1454349308,"senderChainKey":{"iteration":0,"seed":"DAkyLkpLdG2v5B32MeJaDt63BDcokyEOeNWp4Rta8Q4="},"senderSigningKey":{"public":"BXYJXwTg+DRrdSwj1T5mygiCi6uB2s+xz3+vx1Yon4Ec"}}]