[{"senderKeyId":1803101671,"senderChainKey":{"iteration":9,"seed":"zAYxgw6zqyM2PmalrL1p3y2qlSJ7A98G8hLyy91IaV8="},"senderSigningKey":{"public":"BUhYWJd8WZiiPW1IHBcHkktqgw9OmMUY7eyPdhFEueN1"},"senderMessageKeys":[]},{"senderKeyId":295334726,"senderChainKey":{"iteration":1,"seed":"rex/nieLSCfmtGnOqlwKmH05+N4X7BrIGnQsX9xiC7g="},"senderSigningKey":{"public":"BZiuj+aBuWfqyDPSpSb1OtQf+YsSOEHNjQL8UnIkng4W"},"senderMessageKeys":[]},{"senderKeyId":1838189315,"senderChainKey":{"iteration":8,"seed":"IjG69yM6tFWUyARl7jGFg8ZIvBjlar0YZ99UJqRT5+U="},"senderSigningKey":{"public":"BSxafcuVPVmP6ft3evKy3n5L+YusjB0eGBHH2cvNVypU"},"senderMessageKeys":[]},{"senderKeyId":1895447096,"senderChainKey":{"iteration":14,"seed":"7XUfmDJnnX2nWWuinUtIcAWsz8JkYL58dvBaIQ4NNHY="},"senderSigningKey":{"public":"BaveU3hVAqqEEa5ReCyvXlxbV6XP0Cvbl7vxjovHb2ld"},"senderMessageKeys":[]},{"senderKeyId":1895447096,"senderChainKey":{"iteration":2,"seed":"/w5yUFwUkM/h0emqwoGfCaHU9vrtf2L7Ch6NxpBoaL4="},"senderSigningKey":{"public":"BaveU3hVAqqEEa5ReCyvXlxbV6XP0Cvbl7vxjovHb2ld"},"senderMessageKeys":[]}]