[{"senderKeyId":1827026231,"senderChainKey":{"iteration":0,"seed":"qEzF0kGxrBWb3PwWYg8AhPKs7uNFrmCNTQyhRX8aIEo="},"senderSigningKey":{"public":"BZrlxHMSA2AjN5tQ1GBsTtkNby0kpfgzInVwxCJv7gFj"},"senderMessageKeys":[]},{"senderKeyId":625130346,"senderChainKey":{"iteration":0,"seed":"Egw+yjbOo6lloD/VCiNCdtv90arzOPNx4Ug/jfMqGBI="},"senderSigningKey":{"public":"BYlQlMhWwFGjYHJzR6/W69LZ6Tqj42xshLvA85tOaOxR"},"senderMessageKeys":[]},{"senderKeyId":1522638139,"senderChainKey":{"iteration":5,"seed":"DDbeKhxhCiiqF+fvS382IsqJpo6GpPevNdI4Ll19Hl4="},"senderSigningKey":{"public":"BeMaOeP4E8mUsDTIVfKQ0PjU71JeA+ZkuwypjlUY0r8I"},"senderMessageKeys":[]},{"senderKeyId":1504024332,"senderChainKey":{"iteration":0,"seed":"t7CnFbZE4blkyemY5iM1XUF3N1WAseBzYPEz7t8BHSs="},"senderSigningKey":{"public":"BWu9GV5ZM1ZCy5UjjjRpv0pxdEyCIHfBRFPfFulcATs+"}}]