[{"senderKeyId":995029710,"senderChainKey":{"iteration":1,"seed":"2VO+91OzId53rC2j/Verm+1tdIYqTgICVNq9npg4Iio="},"senderSigningKey":{"public":"BZbOkzvkK0besuTsSSSbrNLTUc2gEhZwqxJNdF3ge9g7"},"senderMessageKeys":[]},{"senderKeyId":146662145,"senderChainKey":{"iteration":0,"seed":"5dSiqA0adTWYftepjdKPVUWim97s1adK6vR/4q54vLk="},"senderSigningKey":{"public":"BcUGTQhIj92s0mSCtf1EmGXTShbyzipXTV2ApK2h9hAh"},"senderMessageKeys":[]},{"senderKeyId":865554665,"senderChainKey":{"iteration":20,"seed":"8LojSXsbHBFQU+tuHgkLwnQi2EizgzyUm0ZNyMLmsF0="},"senderSigningKey":{"public":"BUAmhVUA71VW2Ft0lzJTAY2zlTOUSQ0+IHoAipBHQdE3"},"senderMessageKeys":[]},{"senderKeyId":1115142937,"senderChainKey":{"iteration":0,"seed":"qCRTJVEf9Pd1u9CpT1nriHulVgEGBJf5JqhWnUR9G5U="},"senderSigningKey":{"public":"BTWfHsmrKjdA/ccyvW7hyE5qnOEdacw2U5Kr/8u+Sv99"},"senderMessageKeys":[]},{"senderKeyId":891762419,"senderChainKey":{"iteration":3,"seed":"Jlu8Qpsa2WG4SMrXTVxkDBtaz9PAHsLFkIdlllnT4No="},"senderSigningKey":{"public":"BQ3FssnIBgTo0za53cGmHdvbs1XlaSvnLfAnXrFvGuoh"},"senderMessageKeys":[]}]