[{"senderKeyId":1767252397,"senderChainKey":{"iteration":31,"seed":"V5W0g9TlwXCE82K/wrI91Nc0cvgeETTjO/tlastkd4s="},"senderSigningKey":{"public":"Bekg03nVBVqZ3A3dHIAwLgbI1ZNba85ScMotixeBBMZx"},"senderMessageKeys":[]},{"senderKeyId":1138151270,"senderChainKey":{"iteration":26,"seed":"RRGzhC1yMRN0vH4qiXq3TdI1svFRmKsYE4DaEC70iTU="},"senderSigningKey":{"public":"BdGusLSd3JInvRgriEUb9mtepx8I1a8TAYJP0NFaU/0I"},"senderMessageKeys":[]},{"senderKeyId":1138151270,"senderChainKey":{"iteration":9,"seed":"FQm9A1AcMEpj0x/G74GNX2nv2AesXzDb9qqYjeSmvJs="},"senderSigningKey":{"public":"BdGusLSd3JInvRgriEUb9mtepx8I1a8TAYJP0NFaU/0I"},"senderMessageKeys":[]},{"senderKeyId":2145508466,"senderChainKey":{"iteration":0,"seed":"shhbMtsy0dMIVpbjVcUgmvMieg2qKJcoIJYJ01i4TyE="},"senderSigningKey":{"public":"BXCCRHP4t8oiA6ik2hlcQfrMpBQ/aDUxVFIZnvq4Z8dX"},"senderMessageKeys":[]},{"senderKeyId":1260770916,"senderChainKey":{"iteration":65,"seed":"2TduqCb+urqvEzvh43zt0TAVoouxkc3Lsqiugwkpv/o="},"senderSigningKey":{"public":"BcZGywsliXNjc4vQ85JxRpp4CNXmFfBUObyCfLRIMjUT"},"senderMessageKeys":[]}]