[{"senderKeyId":969432380,"senderChainKey":{"iteration":1277,"seed":"qjLGLHfyXzBJxWXS4rp4SgDEOSn0Ks36HMvWuaMw1hM="},"senderSigningKey":{"public":"BX/TE3fwmMLXwkuWuOwQITsjwAPCJIHhM6yXb7aPaPlR"},"senderMessageKeys":[{},{},{},{},{},{},{},{},{},{},{},{},{},{},{},{},{},{},{},{},{},{},{},{},{},{},{},{},{},{},{},{},{},{},{},{},{},{},{},{},{},{},{},{},{},{},{},{},{},{},{},{},{},{},{},{},{},{},{},{},{},{},{},{},{},{},{},{},{},{},{},{},{},{},{},{},{},{},{},{},{},{},{},{},{},{},{},{},{},{},{},{},{}]},{"senderKeyId":969432380,"senderChainKey":{"iteration":1187,"seed":"FqLTeqi/2R7wpZcY7rOJjf71iPtBI6ydChggQdGYz5U="},"senderSigningKey":{"public":"BX/TE3fwmMLXwkuWuOwQITsjwAPCJIHhM6yXb7aPaPlR"},"senderMessageKeys":[]},{"senderKeyId":969432380,"senderChainKey":{"iteration":1189,"seed":"5WgjcFMjxNKRtQVCr4lemNHAWt+22NSNzV8MMnTj/mg="},"senderSigningKey":{"public":"BX/TE3fwmMLXwkuWuOwQITsjwAPCJIHhM6yXb7aPaPlR"},"senderMessageKeys":[]},{"senderKeyId":969432380,"senderChainKey":{"iteration":1257,"seed":"QAgdd/Sesowt/zPrH2zy/QjI6VqH81D8l4ls/jA3vL0="},"senderSigningKey":{"public":"BX/TE3fwmMLXwkuWuOwQITsjwAPCJIHhM6yXb7aPaPlR"},"senderMessageKeys":[]},{"senderKeyId":969432380,"senderChainKey":{"iteration":1263,"seed":"atadjXzvtOW5tLpzt0IX4HqRRTKZ1ERwesuInPiuyHU="},"senderSigningKey":{"public":"BX/TE3fwmMLXwkuWuOwQITsjwAPCJIHhM6yXb7aPaPlR"},"senderMessageKeys":[]}]