[{"senderKeyId":1581363704,"senderChainKey":{"iteration":5,"seed":"xVw33S2Mbwkhfm0VioCKhVdly5/fYFLip3U5wW7NKXU="},"senderSigningKey":{"public":"BYg+ixM0qhpEQm3qS/oDHfNr6oZt6iZdi2aQXKnra+Yd"},"senderMessageKeys":[]},{"senderKeyId":1332394876,"senderChainKey":{"iteration":0,"seed":"fCIXNvWa63Y7cJWG8DEbItcJ/rTHudqNMisB2ZiQHHs="},"senderSigningKey":{"public":"BYoE/05CxV4w/oV+DooYhvtJtm6Nd+pz7vJsokYgkh8z"},"senderMessageKeys":[]},{"senderKeyId":787443931,"senderChainKey":{"iteration":1,"seed":"t4N8qT305nQBaIxq6qDjE8scee33xXC/7noUTZ2VSvU="},"senderSigningKey":{"public":"BeFIqlyGHzwWwdw5aFHi1iBzsJMHGVaXxQZGb0n5CMZq"},"senderMessageKeys":[]},{"senderKeyId":1659472077,"senderChainKey":{"iteration":2,"seed":"4BaKVzp5seK/pDTM7aqZNODwmOJjOkI6dMg4uBmjAmw="},"senderSigningKey":{"public":"BfiAMekHcvLc+pv6svQ3ojiTzOsnoHPkOYtNHvcbTk0c"},"senderMessageKeys":[]},{"senderKeyId":900209927,"senderChainKey":{"iteration":0,"seed":"sHD61W6AnhdnQJRG2rRMJi+2333iOKrRneGe/irwHmk="},"senderSigningKey":{"public":"BRvVznCKWsIWl+jVd15fJ2fNii1AnKSY0f28tiVE7G8U"}}]