[{"senderKeyId":1940966963,"senderChainKey":{"iteration":0,"seed":"UGPiSRqGO/N+03GRzhxJoojK8PpLTZvdYFZ+bMi8FM8="},"senderSigningKey":{"public":"BSsG7vcRf/D3Ys3FrH65dKMwo5Qnu6z8Hhui4UaVC1cS"},"senderMessageKeys":[]},{"senderKeyId":315464214,"senderChainKey":{"iteration":2,"seed":"e/0quYhgQi7ENNuO6G+BmhUI03Vc7WymIoPi8PYKKxE="},"senderSigningKey":{"public":"Be+gNhETMBtdsVbz2VRGFzZtdVNJrEwWEr4G/8T8Thpz"},"senderMessageKeys":[]},{"senderKeyId":57951796,"senderChainKey":{"iteration":0,"seed":"pZXD7/ogCnWv2smKi3qtNLB7qwO+qFH7t1K8YuUChjQ="},"senderSigningKey":{"public":"BVD8X3sSDTRlPkOsSEz+N5gH67FXt9VCOnpfQsAOZMRi"},"senderMessageKeys":[]},{"senderKeyId":1608012179,"senderChainKey":{"iteration":1,"seed":"Y9YRhbZM8xf/H6Rdlgr1zXDBfmzWBBBPZKlGAPeQ+Z8="},"senderSigningKey":{"public":"BSBlN54zL53+hgAKdzGPFQvGoUcbg2sUlRFK0uFlwFZt"},"senderMessageKeys":[]},{"senderKeyId":277864257,"senderChainKey":{"iteration":0,"seed":"+q0rut4bPF4A0+VwmADPSsxrj6VHKRy5qrthcU/ztig="},"senderSigningKey":{"public":"BQS0DV+JJ93xJIn/qcsYpE8igCZNOGxs70C6TVGgGeQI"}}]