[{"senderKeyId":461241450,"senderChainKey":{"iteration":4,"seed":"ujc3lutFTWSUTD5m6uRd0X8RVp2DRUfXYXkwkzStJC0="},"senderSigningKey":{"public":"BVxSavri1wBwkl0RbemK7jrFlfpj+x0y/2cVXqGJJGYa"},"senderMessageKeys":[]},{"senderKeyId":1102063748,"senderChainKey":{"iteration":4,"seed":"/r0+7Wba6wiOYw99cZIql9elP34JYImIwF0oSdnND2w="},"senderSigningKey":{"public":"Bfdfc8W7rJUqPWaZpNvQGaOHjb0mlTDNsi/ar+zrpl9Z"},"senderMessageKeys":[]},{"senderKeyId":1102063748,"senderChainKey":{"iteration":3,"seed":"Lxkh+aq9fQPJw661MpNA+prFw/pveb34c/YMDZtNC8E="},"senderSigningKey":{"public":"Bfdfc8W7rJUqPWaZpNvQGaOHjb0mlTDNsi/ar+zrpl9Z"},"senderMessageKeys":[]},{"senderKeyId":1159407146,"senderChainKey":{"iteration":4,"seed":"+7kthE9xIBU0+vwpHdYAkr0Rz6kOS0QY4Cg8BFVukyY="},"senderSigningKey":{"public":"BSBmiPxrZwE3QRwlZ2F9BRi473JQyRvcLsUKMHYCHexj"},"senderMessageKeys":[]},{"senderKeyId":928951416,"senderChainKey":{"iteration":0,"seed":"smxbNRJ1fx693bHglQKWJ3j4raU78vNaRN5+bU0HOS4="},"senderSigningKey":{"public":"BXxRajkodjh/BLpl2fGSCru8lRsvb2kx9d37D45teZRa"}}]