[{"senderKeyId":430851785,"senderChainKey":{"iteration":1,"seed":"CMHZlmiQoa8zSM800sZN9qHs5J/6fRnzHhCLsvvWipE="},"senderSigningKey":{"public":"BSCbTlUSsWP7g37Xc06ciCYotef0KexGOK+oFyCRKLMB"},"senderMessageKeys":[]},{"senderKeyId":450681782,"senderChainKey":{"iteration":3,"seed":"NJywrbmjmDrIRhxxlLH0PvtgwYYrucgdYXSBTOsBQJE="},"senderSigningKey":{"public":"BUTJ922xVTtQjaWNw0lnpi1Uq/2C2pawh/ynxilx+5le"},"senderMessageKeys":[]},{"senderKeyId":465310440,"senderChainKey":{"iteration":9,"seed":"2s7vscKL+jg+c+i8ZjKqh7C9LbjZy8RceV3zDUwAAKs="},"senderSigningKey":{"public":"BW5RsIckShheY6cmPIebQxyJ6CAcF3R7mZFbDffNsoRX"},"senderMessageKeys":[]}]