[{"senderKeyId":1690168777,"senderChainKey":{"iteration":0,"seed":"x8YT67DljybnGaWe+UZMptnPoSjXxb9Miduc/dnkWBs="},"senderSigningKey":{"public":"BQPf8CMquPRx9aN0YJMALRPh+PVfZEqrCE2i4Fyuyv4W"},"senderMessageKeys":[]},{"senderKeyId":1982078962,"senderChainKey":{"iteration":12,"seed":"H+x0614pc2HjtIjqbKHFuwghnuCD8nkvrjlG6GxlkeY="},"senderSigningKey":{"public":"BZoTaemt4SfAxHyBFOqBBcfTogq75G0bRVIRDZygA9cY"},"senderMessageKeys":[]},{"senderKeyId":1674391155,"senderChainKey":{"iteration":5,"seed":"gkWGZCoIc57+xWQnDGZ9zccx/soeCKX3F0aP8DPzP/Y="},"senderSigningKey":{"public":"Ba0pMb/EPf23J9XoFXarpCEOPuk/E2cvdq4CLdunwnBB"},"senderMessageKeys":[]},{"senderKeyId":1406623474,"senderChainKey":{"iteration":0,"seed":"4IV4bB5dhi762GxpQBhZg1JtWmqMCgy0Cbxq5RG7nbc="},"senderSigningKey":{"public":"BR6E5aaqI09qLRS0lToKSJQAZo2CROpLvyGX7Jy1BuxD"}}]