[{"senderKeyId":258996298,"senderChainKey":{"iteration":20,"seed":"3B6Lt/brEF80h++rIlqW57WicjsECs1vDV1uSuqsS2Q="},"senderSigningKey":{"public":"BcG9b13WRMn0rgFBx/UIOV95xDTthiqL9QtikNCQzSks"},"senderMessageKeys":[]},{"senderKeyId":780695752,"senderChainKey":{"iteration":10,"seed":"HRkz2fr0cD+fdDQlyOh+H5h584Fau/yl9AV0eSVr0Mw="},"senderSigningKey":{"public":"BW5wGniiHdA8zKcfREm00jfEbwcMiLep027P8VAolwRv"},"senderMessageKeys":[]},{"senderKeyId":2126773393,"senderChainKey":{"iteration":10,"seed":"MaplpiAaJkBskDTK6zseoYdqswZx1sVFp/BMlD7aKGY="},"senderSigningKey":{"public":"Bdhh26EXDGQm5PgJYnRKA0hBvsiRbHn6IKUvUGHHcLJO"},"senderMessageKeys":[]}]