[{"senderKeyId":907165295,"senderChainKey":{"iteration":3,"seed":"FUhzUfN1gRlffpslsT6H2ewJc1ERlXmkP7dGFTS1MGA="},"senderSigningKey":{"public":"BQoualFLhKzctI4QsAOeFhbytxY9v2a1SpWAXSSeEPIV"},"senderMessageKeys":[]},{"senderKeyId":1236250958,"senderChainKey":{"iteration":1,"seed":"8CMgFjthvLIIsxrafeJA99Uj1KS6WYkkC2fYb6gShJM="},"senderSigningKey":{"public":"BSZJUNnOOF1+qwatNzhMAX5mFDRrCMH5VxtEXuiaLiZK"},"senderMessageKeys":[]},{"senderKeyId":1212801378,"senderChainKey":{"iteration":29,"seed":"nB4EWtssDMHMABAMd75WWS01hPi5LAuW7lgrSdprjas="},"senderSigningKey":{"public":"BbjeVa5+iUWxx1TeZ7LalbEAoY4E6I+d1+GLO7MChCRw"},"senderMessageKeys":[]},{"senderKeyId":415775291,"senderChainKey":{"iteration":1,"seed":"LDwLIlnokGFqNUOAHknzBcJOmi8q4LN1UNJXUuBgSVc="},"senderSigningKey":{"public":"BcjqM32vVt0ptrSb1IpRzomX06TLjioNPZaWfZwS3vxB"},"senderMessageKeys":[]},{"senderKeyId":632796009,"senderChainKey":{"iteration":7,"seed":"gtTGDFuwhsvAiMHi/ERTnYqy5UJxCY51PqM4ada30zY="},"senderSigningKey":{"public":"BUYWyzUWFynnl8+RxY1GSK4od7mCT5gL3VJXFnh79pJI"},"senderMessageKeys":[]}]