[{"senderKeyId":368997186,"senderChainKey":{"iteration":0,"seed":"oSYw+AbVHifjrl5w+g7EkYkBMVQvduJAXC531I+ft5M="},"senderSigningKey":{"public":"BX+n6zhH726eVcp9LIFSIeMrW9J0PO/2yi7J67+cAgAN"},"senderMessageKeys":[]},{"senderKeyId":71909046,"senderChainKey":{"iteration":0,"seed":"90RmcTh+WP6Jk2+zrm7av6V8UYvMHMELaeVbiCqPNDY="},"senderSigningKey":{"public":"BfDxZ6wMoDZmY3qH1FWljvvBdJ3aq/GjwjUTnBvENk5v"},"senderMessageKeys":[]},{"senderKeyId":1274039943,"senderChainKey":{"iteration":0,"seed":"6m7JPz+gsa2zB1P33QIzY4dZzsyz/sr7cEo0lXJUvFc="},"senderSigningKey":{"public":"BRLMYNol5K+v4AlPTW4ZH0UU+XtkuojYysPO+IJj/7cY"}}]