[{"senderKeyId":1009351909,"senderChainKey":{"iteration":125,"seed":"sYWO5oXikXv8JLDgKm15Y9yRSQCJPSm0eVqRImRfERo="},"senderSigningKey":{"public":"BW6iaIamsVLjjjnNPkdf5zbveN8Bwy1ByNMPoK6rBThV"},"senderMessageKeys":[]},{"senderKeyId":1009351909,"senderChainKey":{"iteration":127,"seed":"/jubv+Y6wtWg3Be5N08FZUWwIcY/2iOk6wiRh85y3YI="},"senderSigningKey":{"public":"BW6iaIamsVLjjjnNPkdf5zbveN8Bwy1ByNMPoK6rBThV"},"senderMessageKeys":[]},{"senderKeyId":1124895070,"senderChainKey":{"iteration":29,"seed":"c1gsKVWoo3yy7j4IKqb0vIZ+B9OimcLMV7qm3ecrFX8="},"senderSigningKey":{"public":"BaU6e3aOV2jxuPSF5Crk4lCEOLJdw3o2Mvy9xb8fDWBm"},"senderMessageKeys":[{}]},{"senderKeyId":692238269,"senderChainKey":{"iteration":4,"seed":"AjMuQz72bgCiLug/arcf4jnfQ0HnMK24VCXmlKoq7Mg="},"senderSigningKey":{"public":"BaHKl7kuMRtZ8/2zf/DUiAF3ok82RnMh4Fjo2u08cDYd"},"senderMessageKeys":[]},{"senderKeyId":692238269,"senderChainKey":{"iteration":2,"seed":"hExWQ3jxNjdcnal9Mba2zpahskheFR71/Gofsi7IC+w="},"senderSigningKey":{"public":"BaHKl7kuMRtZ8/2zf/DUiAF3ok82RnMh4Fjo2u08cDYd"},"senderMessageKeys":[]}]