[{"senderKeyId":1014972732,"senderChainKey":{"iteration":21,"seed":"l05rPJyKIhdYZs6QPoArh1nilnOVBQmTZ8uGLoueDX8="},"senderSigningKey":{"public":"BenZGGleh37zWSI/TaYm/lQ+U32ToF8sw/W7RZuXmiYc"},"senderMessageKeys":[]},{"senderKeyId":399811584,"senderChainKey":{"iteration":6,"seed":"xSy5uHq//MIPx55uik0IWFmCyhDsS5WCTAOdpnEGB0U="},"senderSigningKey":{"public":"BXuktclPJv/mjn+if8bATD7UlYkg7s4e28Am+ZzXjUNa"},"senderMessageKeys":[]},{"senderKeyId":2022587921,"senderChainKey":{"iteration":2,"seed":"B5q9KyWduFbAxY2UIJglS+SWLAp/XRnOYN9/F31NnWc="},"senderSigningKey":{"public":"BfTzZx2MIhepG+Dpc0Wwnp6H2UGld7Vw9PpY22w3F/E6"},"senderMessageKeys":[]},{"senderKeyId":372989153,"senderChainKey":{"iteration":3,"seed":"C1z7RSdeAPSRndpFP0Ityr+NrHUVteNB8VFxYZVrFeg="},"senderSigningKey":{"public":"BW6R3uZUMDtozeVS5a5RgmH+cB8qPw2HdWxXsmcPSDFJ"},"senderMessageKeys":[]},{"senderKeyId":649113955,"senderChainKey":{"iteration":28,"seed":"+zLuAUI3nqE+QJlf1oehxqmydd7FPbcNXtQgXqtBOxc="},"senderSigningKey":{"public":"BdF0WPaSOF+pNzwQoB7CvtQktvZbyvj4cZ8fURQmUOY5"},"senderMessageKeys":[]}]