[{"senderKeyId":415381896,"senderChainKey":{"iteration":44,"seed":"QmXjKnEkdb61hDCeor0GR0ss7NkI6clTgupEJ1XcalY="},"senderSigningKey":{"public":"BacTBtIt4AJqrIlN6JvTHIL1MsLkDzvTl4EoQjgQ2K5m"},"senderMessageKeys":[]},{"senderKeyId":415381896,"senderChainKey":{"iteration":11,"seed":"gtam0taKq9uJeHe811NnVIxnxxncApVpO8lQ/uhy1m4="},"senderSigningKey":{"public":"BacTBtIt4AJqrIlN6JvTHIL1MsLkDzvTl4EoQjgQ2K5m"},"senderMessageKeys":[]},{"senderKeyId":415381896,"senderChainKey":{"iteration":31,"seed":"/ctS/6q3aEp9Xpy+fjipuzpvVRKRW85iip/tS/me7bM="},"senderSigningKey":{"public":"BacTBtIt4AJqrIlN6JvTHIL1MsLkDzvTl4EoQjgQ2K5m"},"senderMessageKeys":[]},{"senderKeyId":261538274,"senderChainKey":{"iteration":12,"seed":"g//0GlU+UUR6t6e6hQUkwf2yocluADobddnQBdB2bfE="},"senderSigningKey":{"public":"Bd7UyedfXRL4/ETtW4Yetl4DeMwQYAz2H1N1woFxqaV7"},"senderMessageKeys":[]},{"senderKeyId":76571832,"senderChainKey":{"iteration":1,"seed":"UIBMw9bVbP5WtnzT3woeeF8PCuK9KBpTd5Bql45tOX8="},"senderSigningKey":{"public":"BZUTJ4JEeZXrBYr0CC+LrzdOzz4y1BufDTcMH4JvK0Ef"},"senderMessageKeys":[]}]