[{"senderKeyId":1409803831,"senderChainKey":{"iteration":3,"seed":"ulvMLpypi81fw9M2YyjZRspqbbKLj0KRSMM7CEdE/X8="},"senderSigningKey":{"public":"BRzwVFzk0K84lV0jTroHqu+JvvFRKqnQ9tCQjBthvIMD"},"senderMessageKeys":[]},{"senderKeyId":1193006957,"senderChainKey":{"iteration":13,"seed":"K4cjDQ6xbp69SnBXLVJ21C5cGP4o3xDT5uHTKu5VOHI="},"senderSigningKey":{"public":"BYIcZiJ9eQK4Z1JjzffoRwys/KyV5BwgAKEFIOk76l4a"},"senderMessageKeys":[]},{"senderKeyId":1691304718,"senderChainKey":{"iteration":1,"seed":"e9PjB3U8AMovHbGjAMU46wafgiadIHIzzoTkXXkXaU8="},"senderSigningKey":{"public":"BTzYDuofxC4T13x/2He0jEzMsZFb+Q8eIOHNo6BzXoFH"},"senderMessageKeys":[]},{"senderKeyId":1429353037,"senderChainKey":{"iteration":1,"seed":"0I/MhOjz8zi6Z/Ykpg2r/asss55fgccIwI3BqxUP9bc="},"senderSigningKey":{"public":"BSTwBfGSJo2eeIMsAVa+I6BBjBcrdxyXG7Eyooo8uYZ1"},"senderMessageKeys":[]},{"senderKeyId":1049041560,"senderChainKey":{"iteration":1,"seed":"tU2YzCBs8eMJ9ucxHXL+Bcdgamc+garvdBd7+9i3FrU="},"senderSigningKey":{"public":"BeYyfZ1dzENLbT1Y9Z3D6weyDU3e1Za6zxwNf4vlgHpj"},"senderMessageKeys":[]}]