[{"senderKeyId":2047925015,"senderChainKey":{"iteration":0,"seed":"9LcsxvVmK/rXkV6nQaQkEkrZtP74bdno4lWbeX+WOb8="},"senderSigningKey":{"public":"Bci4CDqxTYasGfPjSVr6Yq/WT8r2etJLyUF4tV6TYbQo"},"senderMessageKeys":[]},{"senderKeyId":283572516,"senderChainKey":{"iteration":0,"seed":"gJdu14gizrUArUd0xKvYz5vEeYqOwqSeawod0dpbqDY="},"senderSigningKey":{"public":"BRCmO1z9DabKqWzQyiTjqJ2TB14gIOQiOv4GCV/bF8NP"},"senderMessageKeys":[]},{"senderKeyId":1922479967,"senderChainKey":{"iteration":0,"seed":"dtQKsXsWlDL3fnxJnXlx9I/36SCZkA0HfD5g3F4kMMo="},"senderSigningKey":{"public":"BQsuWGQCCsp5auH/1mAJo9mmXZ/A69/u5ZjZVg0l1KA7"}}]