[{"senderKeyId":2063848996,"senderChainKey":{"iteration":20,"seed":"WO7rlpdXrmu6CqniMu4THLuaRI+MPryackCXHY6iuvs="},"senderSigningKey":{"public":"BWtKhz0FigE8psm1goAIrPPCbO923+qjpaOzFj988+8L"},"senderMessageKeys":[]},{"senderKeyId":808556233,"senderChainKey":{"iteration":2,"seed":"YEXMXQdwUB2hw6Lq77WrF1Gl0U2ML+HR0olkTNW1RAs="},"senderSigningKey":{"public":"BS91y9xzGl5DzdseHHbAv26gmvDV1rnsNHM16A3Vr25h"},"senderMessageKeys":[]},{"senderKeyId":722686055,"senderChainKey":{"iteration":1,"seed":"RsEGJH7p9u71/7ygtBd+i3hAOOuDQOgVRvgtug/lAUU="},"senderSigningKey":{"public":"BabL5yOtdQftEv5E6s580B2zOtz7fM5VN5Su9c0fcx0P"},"senderMessageKeys":[]}]