[{"senderKeyId":521529730,"senderChainKey":{"iteration":59,"seed":"4Oht9qi0HT6sVqQy9lLvtZRD0H1JMcIPmkApjNo2seQ="},"senderSigningKey":{"public":"BWfHjELhgQ+spsEUuV4dmKVcO5HjwFJqXPq602/8/+9w"},"senderMessageKeys":[]},{"senderKeyId":1714800216,"senderChainKey":{"iteration":6,"seed":"qH8IuvFhDe1xX055f4AwSyWVONFUmZIxpBIggCWLhWI="},"senderSigningKey":{"public":"Bb9gbzGKUjlH9YZ9/HAU67HFlVkskEqGeos4H5I3aWsq"},"senderMessageKeys":[]},{"senderKeyId":1954799312,"senderChainKey":{"iteration":49,"seed":"FoYbrAQ++6TKsId9T01HINkdwScHVGFS2ib7Rwrjlgk="},"senderSigningKey":{"public":"BTz/hwyDpD5IpgQvWPfi7wLNu1zzGnhmKHgs6CN/PQkj"},"senderMessageKeys":[]},{"senderKeyId":624992169,"senderChainKey":{"iteration":4,"seed":"T2O2LSX2Lq1jMOVaqZAwHFtHoBBhRwWJMSVU9HRuTTM="},"senderSigningKey":{"public":"BfZRdBC/3/x4IRf936jZZU1o9qtTaE+awFZlRhd7Dc9K"},"senderMessageKeys":[]},{"senderKeyId":289155278,"senderChainKey":{"iteration":5,"seed":"v3avgUSvC11ci+6GGMw/X59G/fnvP+njzRrM5nmGeLc="},"senderSigningKey":{"public":"BeAVB7IMDu/+F+6BxpvvzL9RdkEzkkxWtIOK7mvfuvBP"},"senderMessageKeys":[]}]