[{"senderKeyId":393148734,"senderChainKey":{"iteration":16,"seed":"EHVo75tdxE9m+vWLkGgb0Ee93swoul4c3mXEK2cvHDg="},"senderSigningKey":{"public":"BYV5NpsNz36JgE0CGMl0lWGt74R/t6N03IPtNxnDrnM9"},"senderMessageKeys":[]},{"senderKeyId":1141309969,"senderChainKey":{"iteration":3,"seed":"ss8BmnRD8234lWsrpXcHrfQzrZaFuU8aJeQIGP/CmHE="},"senderSigningKey":{"public":"BdAW9MaJFV004GN+tzlUJRUtkBHAhbzFBZiDiv5F8oJQ"},"senderMessageKeys":[]},{"senderKeyId":1364306270,"senderChainKey":{"iteration":2,"seed":"hDAWPqifcoW3jt/TBsI5nQbsXKakCcPDQy6QhP5WzNc="},"senderSigningKey":{"public":"BWzbE8b/PSdTDuP/1+SuagSkgfRxTJq9aHsHIP1JfQoj"},"senderMessageKeys":[]},{"senderKeyId":1208838914,"senderChainKey":{"iteration":0,"seed":"F1N2AqiiytWGkQ3A5gbSbTROtk4jzRBf5Sbi22Z9EJ0="},"senderSigningKey":{"public":"BdV1Nm8T6X7h8Oyg3G9757pkwepK3B0xWwzs9Z6SjeFI"},"senderMessageKeys":[]},{"senderKeyId":10640684,"senderChainKey":{"iteration":7,"seed":"3V5xE1peCgX6ANi45zXYtN2L5WlTA5oJ0+RWfcq0KE8="},"senderSigningKey":{"public":"BUnie9W4wS1WoIUCAdGh0ZAJ+77ZryjeboNXd2EKebAc"},"senderMessageKeys":[]}]