[{"senderKeyId":1805074117,"senderChainKey":{"iteration":6,"seed":"eDTVJGsNUdWkugpY6KITVv7ywrw2RcsyUfz2UvrNvlo="},"senderSigningKey":{"public":"BflIr1Nrik9oTUSqQWQcsehfVxHYGM9WEarvd+Qm7Qov"},"senderMessageKeys":[]},{"senderKeyId":1487818994,"senderChainKey":{"iteration":0,"seed":"jd2TaFRAcCBySJBeClbxc2vcdKcHRb8TwFLJC05Gz+A="},"senderSigningKey":{"public":"BdPtx3gkKojbEddbRGT4fD4A5xlCFZhd1bxgWMsvZB4J"},"senderMessageKeys":[]},{"senderKeyId":1005070234,"senderChainKey":{"iteration":25,"seed":"4HqrXnFpL4Ut5SER9B523d2arlKUD76IQrngdH9K0fw="},"senderSigningKey":{"public":"BQ8yXwFvTcB61luA0Tia7bgAu3NPrNtRWHAYzcGfBi0m"},"senderMessageKeys":[]},{"senderKeyId":1005070234,"senderChainKey":{"iteration":25,"seed":"4HqrXnFpL4Ut5SER9B523d2arlKUD76IQrngdH9K0fw="},"senderSigningKey":{"public":"BQ8yXwFvTcB61luA0Tia7bgAu3NPrNtRWHAYzcGfBi0m"},"senderMessageKeys":[]},{"senderKeyId":1519002137,"senderChainKey":{"iteration":1,"seed":"l87WNz1Jm3WKrhPi4AKHXc1kEyym5V8EJBIq+02nzRw="},"senderSigningKey":{"public":"BXtH59LegH45ujai5dGBev24nU5nNFj6t/PuWiR1vwBP"},"senderMessageKeys":[]}]