[{"senderKeyId":286336597,"senderChainKey":{"iteration":5,"seed":"txvROQ9dSNgZWQeG5bl84fV4EvmLUvz+9ZxTGuC3/0U="},"senderSigningKey":{"public":"BW2/+HbcMBn/X8jaUegyQVqKO1WJXq1LBGpM6Poe150f"},"senderMessageKeys":[]},{"senderKeyId":1739486603,"senderChainKey":{"iteration":0,"seed":"iXIG7MGX5kxaStzHjAjr5Rzw+lo4w/S2z097HjJ1r3o="},"senderSigningKey":{"public":"BbWp8lpj0lZXoYQunFfHC9f1RW8+reqg/rcOdWdsWUo4"},"senderMessageKeys":[]},{"senderKeyId":1185839734,"senderChainKey":{"iteration":0,"seed":"aisSZdnREpIHCJglVlh7HQ7g6oUKFOI7bKjSBkvjHco="},"senderSigningKey":{"public":"Bd4NpqyLN0QOCs5dXNReIevyufedtyof9x9MTBVxvxdY"}}]