{"_sessions":{"BUkg0M/L6PzznTgNJfN+YAIOAnEOvKfots1pslJUK2gS":{"registrationId":158,"currentRatchet":{"ephemeralKeyPair":{"pubKey":"BS6JdDhsXfXhBAyiCGE0gd63VsRo/BJ7SjMHFA26ON4q","privKey":"6BS4WGJI7u6W4O3B7dC5TqHcFNgeqMgPa+rNLufXHnI="},"lastRemoteEphemeralKey":"BTXBld21jb42Tn22KBSkSkqdy72366+PKBIpkJL57Ftf","previousCounter":0,"rootKey":"PJOD6KnhPvtpUiX0w2dHg/nPL4hvSPhIHl0p2y4pxu0="},"indexInfo":{"baseKey":"BUkg0M/L6PzznTgNJfN+YAIOAnEOvKfots1pslJUK2gS","baseKeyType":1,"closed":-1,"used":1731761519089,"created":1731761519089,"remoteIdentityKey":"BZiwQDB32xqmfpM/kqBgRbKZExeVHSzxCZKOf6e0Nq99"},"_chains":{"BS6JdDhsXfXhBAyiCGE0gd63VsRo/BJ7SjMHFA26ON4q":{"chainKey":{"counter":2,"key":"XsVt1rb41t86eTlklXH3dV9zpenzqYHlxtBAXnujSRg="},"chainType":1,"messageKeys":{}}},"pendingPreKey":{"signedKeyId":1,"baseKey":"BUkg0M/L6PzznTgNJfN+YAIOAnEOvKfots1pslJUK2gS"}}},"version":"v1"}