{"_sessions":{"Ba7SYgdc58dfi77KxLSfHxwMGp8Taxj4ULNudBl131Ff":{"registrationId":1691760646,"currentRatchet":{"ephemeralKeyPair":{"pubKey":"BY8ViJd4357GNLfqhxkKocXpBlFa5EQLv9aX+BNQLndN","privKey":"0CQ9XHHWTRQDGcMvFA5lCSY5MJaQYsTTnNBQ9OCWOUg="},"lastRemoteEphemeralKey":"BU5/Kdk980GhNBKf4wXQRyQZ92mHoN3MWlTMsV1n2H9J","previousCounter":0,"rootKey":"2oAAIpSCqi88cozrWyKK4dX2vxVegt+RhoB1EbOC/o4="},"indexInfo":{"baseKey":"Ba7SYgdc58dfi77KxLSfHxwMGp8Taxj4ULNudBl131Ff","baseKeyType":1,"closed":1731669274982,"used":1731669260437,"created":1731669260437,"remoteIdentityKey":"BSlLTHziYUiMZ3uNC+FBtOpVfx4dbEaJ+lx9f7UHzsVp"},"_chains":{"BY8ViJd4357GNLfqhxkKocXpBlFa5EQLv9aX+BNQLndN":{"chainKey":{"counter":0,"key":"0BIZ4zzy4+c9A3LhwRct9UCDyctQQZP2/E6HAgJhR2Q="},"chainType":1,"messageKeys":{}}},"pendingPreKey":{"signedKeyId":2,"baseKey":"Ba7SYgdc58dfi77KxLSfHxwMGp8Taxj4ULNudBl131Ff"}},"BeW320CsDDpFzX1O0zmAC4vhcK2Am98AXPDVKv11T1Qf":{"registrationId":1691760646,"currentRatchet":{"ephemeralKeyPair":{"pubKey":"BYHrTPha3oOhLp4KZ4PzLe/1hXYsDCOjz6JxKSpiw7oo","privKey":"AB2TeEqDeGWu8MKUk6T1foMVAGCIqEtDYhq177BR41s="},"lastRemoteEphemeralKey":"BU5/Kdk980GhNBKf4wXQRyQZ92mHoN3MWlTMsV1n2H9J","previousCounter":0,"rootKey":"pPJYKUnaWULYZBV0ds49RlprENgX2nJs+oleAAFdVa0="},"indexInfo":{"baseKey":"BeW320CsDDpFzX1O0zmAC4vhcK2Am98AXPDVKv11T1Qf","baseKeyType":1,"closed":-1,"used":1731669274251,"created":1731669274251,"remoteIdentityKey":"BSlLTHziYUiMZ3uNC+FBtOpVfx4dbEaJ+lx9f7UHzsVp"},"_chains":{"BYHrTPha3oOhLp4KZ4PzLe/1hXYsDCOjz6JxKSpiw7oo":{"chainKey":{"counter":64,"key":"NKbvUzMNPmrYRu8XOaPRQp3JOuKrJPiF46mybeg5kdg="},"chainType":1,"messageKeys":{}}},"pendingPreKey":{"signedKeyId":2,"baseKey":"BeW320CsDDpFzX1O0zmAC4vhcK2Am98AXPDVKv11T1Qf"}}},"version":"v1"}