{"_sessions":{"BZVonm3TMOj6LxjLV9QgEq8bP32nP2gJ9UZB/M4v+Hlo":{"registrationId":4,"currentRatchet":{"ephemeralKeyPair":{"pubKey":"BXj2s5CYZRkxGDT/RoUrJ7y37SUybl86FbU8FkQiBxgV","privKey":"+HyUV3OFdjmot2Znhv27Rf2o3TugqIdJT9e/rtwvCEk="},"lastRemoteEphemeralKey":"BaGib644SpPFSGJBwc/ka1eL2dD5pjbjGceb3yS1X/EQ","previousCounter":0,"rootKey":"R/DOtFV2hgZ5d89x0mYcf8OPo+uFw6LsIyYptV37ZW0="},"indexInfo":{"baseKey":"BZVonm3TMOj6LxjLV9QgEq8bP32nP2gJ9UZB/M4v+Hlo","baseKeyType":1,"closed":1731669274788,"used":1731669257712,"created":1731669257712,"remoteIdentityKey":"BWluGNKKSR0Vm5bF85ohJ6DvkDiQ/tYfeaKi9gTUJ6hy"},"_chains":{"BXj2s5CYZRkxGDT/RoUrJ7y37SUybl86FbU8FkQiBxgV":{"chainKey":{"counter":0,"key":"aPsEPON8J7UukxsvXmXj/hLECueHuRIy4esGRg+bJ7s="},"chainType":1,"messageKeys":{}}},"pendingPreKey":{"signedKeyId":1,"baseKey":"BZVonm3TMOj6LxjLV9QgEq8bP32nP2gJ9UZB/M4v+Hlo"}},"BQ4Pk8+ZC2TatZ1cGG4/A7OsWFDUlkK3SFj1s5T8wSAh":{"registrationId":4,"currentRatchet":{"ephemeralKeyPair":{"pubKey":"BTg1WklhhhUYfIWKjywZr/R+FQHdB27fkCkauexCNWlI","privKey":"SI4/CG2mpaoXlB26sV1Dhy5lWD3wEmSYFVPTWYt9SVM="},"lastRemoteEphemeralKey":"BaGib644SpPFSGJBwc/ka1eL2dD5pjbjGceb3yS1X/EQ","previousCounter":0,"rootKey":"phnlDaRLAxjp8GqXbu/pjMsBDLF4r1w0WO38KYJ8qYE="},"indexInfo":{"baseKey":"BQ4Pk8+ZC2TatZ1cGG4/A7OsWFDUlkK3SFj1s5T8wSAh","baseKeyType":1,"closed":-1,"used":1731669271589,"created":1731669271589,"remoteIdentityKey":"BWluGNKKSR0Vm5bF85ohJ6DvkDiQ/tYfeaKi9gTUJ6hy"},"_chains":{"BTg1WklhhhUYfIWKjywZr/R+FQHdB27fkCkauexCNWlI":{"chainKey":{"counter":64,"key":"4d0EMOfxqPUQSyLPAdFgDNlCGJA2CW+x5LbJaF5FIlw="},"chainType":1,"messageKeys":{}}},"pendingPreKey":{"signedKeyId":1,"baseKey":"BQ4Pk8+ZC2TatZ1cGG4/A7OsWFDUlkK3SFj1s5T8wSAh"}}},"version":"v1"}