{"_sessions":{"Bbo29vs8BEXOUbQoXk0iAdcrRw9rPLAZbSgaYoVjBsAR":{"registrationId":37,"currentRatchet":{"ephemeralKeyPair":{"pubKey":"Beul+ZrXvbKMev8GOtp17NcvrYQBcrkEq5XOdrB/VcAl","privKey":"WEj+WVuVphc+VdF4KFuSE5ZacHgnfKHWSqdlpx1kL0Y="},"lastRemoteEphemeralKey":"BXUnZ3vaxhKWGpclaBhPe4rt+txSpyJVqvFm6EcoWO83","previousCounter":0,"rootKey":"AEaxHjgBtEWNaYpSl56rWqU6+oD7tzUuwZGfYTB+mlg="},"indexInfo":{"baseKey":"Bbo29vs8BEXOUbQoXk0iAdcrRw9rPLAZbSgaYoVjBsAR","baseKeyType":1,"closed":-1,"used":1731669227084,"created":1731669227084,"remoteIdentityKey":"BUiWTqHq5kh8yxoaHZV/Whi9pD3GUWwZYM2PLBVN/8lX"},"_chains":{"Beul+ZrXvbKMev8GOtp17NcvrYQBcrkEq5XOdrB/VcAl":{"chainKey":{"counter":12,"key":"Iwj+mn8Z+jUszN0zk8aB+2NgN/ewGNMaR80Q9kkh12E="},"chainType":1,"messageKeys":{}}},"pendingPreKey":{"signedKeyId":1,"baseKey":"Bbo29vs8BEXOUbQoXk0iAdcrRw9rPLAZbSgaYoVjBsAR"}}},"version":"v1"}