{"_sessions":{"BatQNgh79KbQDx0BRFCqUKW8YTougP0heqIdB1lUzmYB":{"registrationId":420179047,"currentRatchet":{"ephemeralKeyPair":{"pubKey":"BeQ8JQGU+PcYQL/173BSC9Od+vNL+ASw7XdGaG4jI4kY","privKey":"YI86ka6E4+kLa75WgLcDR3eZ/OWCtHD2+he17j3tf0g="},"lastRemoteEphemeralKey":"Bb1/2++dJX3TA2eprpJOUI35Z6bxs8/WScsrqj2oXMMO","previousCounter":0,"rootKey":"wCGeUEGWhEffN4llC27IXz3Npcywlw3bA2rtMa/O4QM="},"indexInfo":{"baseKey":"BatQNgh79KbQDx0BRFCqUKW8YTougP0heqIdB1lUzmYB","baseKeyType":1,"closed":-1,"used":1731965917196,"created":1731965917196,"remoteIdentityKey":"BZm2M7xCBt7sAsFZOM5hFRigf3BXlqhChBsupSWCPqJs"},"_chains":{"BeQ8JQGU+PcYQL/173BSC9Od+vNL+ASw7XdGaG4jI4kY":{"chainKey":{"counter":0,"key":"t4R4MIChp43X2NAnevIb3MtMOvdN6sBfEjV9GjgeZak="},"chainType":1,"messageKeys":{}}},"pendingPreKey":{"signedKeyId":8,"baseKey":"BatQNgh79KbQDx0BRFCqUKW8YTougP0heqIdB1lUzmYB","preKeyId":6178513}}},"version":"v1"}