{"_sessions":{"BVh79PDLkcljhlHk3/Egu+PzA8QdjwvcSUX0BRTHXQZF":{"registrationId":1711279003,"currentRatchet":{"ephemeralKeyPair":{"pubKey":"BQDUDpRzbdpcoZ1kqBYiOqmuMyCoMJ2cO1O7Jhheaud5","privKey":"YANZnBfvZ85sOTQhd268Gwg6+ONp9MjbRRzn6/lz9Ec="},"lastRemoteEphemeralKey":"BZw+7+ne7D8oLDQdBUI5HP9dsQUQnoPk17uYdepQZ+5M","previousCounter":0,"rootKey":"BT+KsoH46mydDqGTZJeM6MTBGGH0mDuMJbm/UfohAoY="},"indexInfo":{"baseKey":"BVh79PDLkcljhlHk3/Egu+PzA8QdjwvcSUX0BRTHXQZF","baseKeyType":1,"closed":1731770226580,"used":1731770223592,"created":1731770223592,"remoteIdentityKey":"BbSRHXB+tBJ51jL6c5oReUY7LbIn+J5ZMtLFMNnmm8IS"},"_chains":{"BQDUDpRzbdpcoZ1kqBYiOqmuMyCoMJ2cO1O7Jhheaud5":{"chainKey":{"counter":0,"key":"/DYDSYEpilX1RwLqZpXnGXu/uE6qzHLXTF48BQAs/+c="},"chainType":1,"messageKeys":{}}},"pendingPreKey":{"signedKeyId":0,"baseKey":"BVh79PDLkcljhlHk3/Egu+PzA8QdjwvcSUX0BRTHXQZF","preKeyId":7404579}},"BUnUipBP/xQAZuRVdjXpTq3FtCpYvbal5bsUFNnWHa1D":{"registrationId":1711279003,"currentRatchet":{"ephemeralKeyPair":{"pubKey":"BVcnbO3abgxh8iifRk3LHljufTyWWDYET96yxhSg93Qr","privKey":"mAArt+qB+B+q1E9r4HrOuO8oQwHkAsb0noZKb0BFOlc="},"lastRemoteEphemeralKey":"BZw+7+ne7D8oLDQdBUI5HP9dsQUQnoPk17uYdepQZ+5M","previousCounter":0,"rootKey":"3UDcXywBAo9gzPABVaA2ZPwB1RAPIJsXUonJxk5akOQ="},"indexInfo":{"baseKey":"BUnUipBP/xQAZuRVdjXpTq3FtCpYvbal5bsUFNnWHa1D","baseKeyType":1,"closed":-1,"used":1731770226461,"created":1731770226461,"remoteIdentityKey":"BbSRHXB+tBJ51jL6c5oReUY7LbIn+J5ZMtLFMNnmm8IS"},"_chains":{"BVcnbO3abgxh8iifRk3LHljufTyWWDYET96yxhSg93Qr":{"chainKey":{"counter":0,"key":"uq801Eyf26sdUksu3KIDNzsCuht0thUiR+FzLL82VWs="},"chainType":1,"messageKeys":{}}},"pendingPreKey":{"signedKeyId":0,"baseKey":"BUnUipBP/xQAZuRVdjXpTq3FtCpYvbal5bsUFNnWHa1D","preKeyId":7404577}}},"version":"v1"}