{"_sessions":{"BWiB/ZryyBqxJkTrIq9O/1j6hBi1tb5mnIuTc6T+BKgl":{"registrationId":92,"currentRatchet":{"ephemeralKeyPair":{"pubKey":"BbpLu38eOaAGByQBIkrOY52WlXA+QWz0wTYppTK97XNF","privKey":"aMjxYabiEv9S+JcHhtzpW1eeXfzA5UhhMb0iHmX+Lmc="},"lastRemoteEphemeralKey":"BbgqQEBGjXQ5Oaw6oDjYd6w/GkQnTMSxjk5uMD+4YipY","previousCounter":0,"rootKey":"RugPCCLNr4YsKN9LYvXWSWqJvk5vWinEKK7C9M62Cz0="},"indexInfo":{"baseKey":"BWiB/ZryyBqxJkTrIq9O/1j6hBi1tb5mnIuTc6T+BKgl","baseKeyType":1,"closed":-1,"used":1731780173685,"created":1731780173685,"remoteIdentityKey":"Bdb4csFG+fcyc+M/mMEcXFe+n/GQzRMgNj0wycLLh91c"},"_chains":{"BbpLu38eOaAGByQBIkrOY52WlXA+QWz0wTYppTK97XNF":{"chainKey":{"counter":1,"key":"QUXdbHhKkqOVzY1VsdIL9sPbYkOLLOjhuF6LIw3HXaM="},"chainType":1,"messageKeys":{}}},"pendingPreKey":{"signedKeyId":1,"baseKey":"BWiB/ZryyBqxJkTrIq9O/1j6hBi1tb5mnIuTc6T+BKgl","preKeyId":25}}},"version":"v1"}