{"_sessions":{"BWLNfXBwsXsJFEVtw9Wlql+zT7h/iTwppU4R0amTEsgc":{"registrationId":1063024478,"currentRatchet":{"ephemeralKeyPair":{"pubKey":"BT6JTwIlmQlYsjwC4RQlfiKhf0ZhuADiLorV2NH4+k5k","privKey":"MBJsIW6yaBowVEnMf7SSbI4EievzSpFrFWgU6DMLIG4="},"lastRemoteEphemeralKey":"BeJ0n2rtUrTVCa/gMJgiDGn8OFkV65lqY6cKyQmuSA1p","previousCounter":0,"rootKey":"LClVxUxyFHzsIm7A1Pz7/p2xa22AnDs6GjhKxU51/UM="},"indexInfo":{"baseKey":"BWLNfXBwsXsJFEVtw9Wlql+zT7h/iTwppU4R0amTEsgc","baseKeyType":1,"closed":1731669274842,"used":1731669258423,"created":1731669258423,"remoteIdentityKey":"BYUhHi/qRjvww08CBp0Iztso2VOxq9cveTS6WCQO/UcK"},"_chains":{"BT6JTwIlmQlYsjwC4RQlfiKhf0ZhuADiLorV2NH4+k5k":{"chainKey":{"counter":0,"key":"dCd+abNiNWT1wDtSJPJhipZD0rbKCgSf4NsUH/MrMCg="},"chainType":1,"messageKeys":{}}},"pendingPreKey":{"signedKeyId":11,"baseKey":"BWLNfXBwsXsJFEVtw9Wlql+zT7h/iTwppU4R0amTEsgc","preKeyId":15750614}},"BXNCfxprQKd0BN/kY3yO5El1EYClQCk7MQqtPn/ZZwcy":{"registrationId":1063024478,"currentRatchet":{"ephemeralKeyPair":{"pubKey":"BVc006LjkdOnWldXldjHSRw8+TFpq3Fh21XWnWYY5QIG","privKey":"qFCCPwup8GeLS8aF++BHh/hiPfzKZm2SCKqklqi5+E8="},"lastRemoteEphemeralKey":"BU9uazTtgRZhLAnwNTAuBYHu7fBepQtS03Z92GRBjwZI","previousCounter":22,"rootKey":"zPb5R99pGVHKNzgfFuBU9MvAbQkhaTwqVaygjkRUenU="},"indexInfo":{"baseKey":"BXNCfxprQKd0BN/kY3yO5El1EYClQCk7MQqtPn/ZZwcy","baseKeyType":1,"closed":-1,"used":1731924067949,"created":1731669272313,"remoteIdentityKey":"BYUhHi/qRjvww08CBp0Iztso2VOxq9cveTS6WCQO/UcK"},"_chains":{"BaPwl8IJJoeOq7xk0pXFF8YLsezk9IE+mbfdEwFeRY81":{"chainKey":{"counter":0},"chainType":2,"messageKeys":{}},"BU9uazTtgRZhLAnwNTAuBYHu7fBepQtS03Z92GRBjwZI":{"chainKey":{"counter":0,"key":"l48izoQYqEMKOGqCrfJSX3OQtz29BQVDtfL2eFuN0os="},"chainType":2,"messageKeys":{}},"BVc006LjkdOnWldXldjHSRw8+TFpq3Fh21XWnWYY5QIG":{"chainKey":{"counter":8,"key":"v5bAEfrUJsuXksUQnjiNfI8SObyfwkoEQXEvxYVewK4="},"chainType":1,"messageKeys":{}}}}},"version":"v1"}