{"_sessions":{"BZz6+ZBXUJzpnB55hvLRvVME96hzh3j7FE0cP0dmwYpb":{"registrationId":175057799,"currentRatchet":{"ephemeralKeyPair":{"pubKey":"BQfoNy0I0XoDzim36CcHPvhrgguXEpBsaH/jH4uVyJYS","privKey":"+PBWcu0pMvomM+jNYV+wQtf7HiKOBLTPYpREOQCtIHE="},"lastRemoteEphemeralKey":"BSRh3MTUJkEuM3pf1LVSBIalj8cV2ojDLU+8zEK68K5M","previousCounter":0,"rootKey":"xUDAByGREJwxYk2TawQjrMIF/VU4DuqTThITL8vJ4tw="},"indexInfo":{"baseKey":"BZz6+ZBXUJzpnB55hvLRvVME96hzh3j7FE0cP0dmwYpb","baseKeyType":1,"closed":-1,"used":1731758333387,"created":1731758333387,"remoteIdentityKey":"BY1PMMKC2Xamm+YlrgyE/NiNOIlUOnYCUJe92YwgmYta"},"_chains":{"BQfoNy0I0XoDzim36CcHPvhrgguXEpBsaH/jH4uVyJYS":{"chainKey":{"counter":0,"key":"K7DLItEjRrIFY8qC91aNJsEay2hEtAwxV3PAem4g9as="},"chainType":1,"messageKeys":{}}},"pendingPreKey":{"signedKeyId":3,"baseKey":"BZz6+ZBXUJzpnB55hvLRvVME96hzh3j7FE0cP0dmwYpb","preKeyId":9338593}}},"version":"v1"}