{"_sessions":{"BWOf/L+zwuvN9v/K+EWkvNUwZ1csVdlNn48yCv/6KrxS":{"registrationId":11249,"currentRatchet":{"ephemeralKeyPair":{"pubKey":"BSVNRG83ED6zBbDIK64BfkQF++oqoTz3CVcrNHfLbw8c","privKey":"mCdqx2WXry8/BnIQh/aJkPUUCBIC2TnQjQ65Icutals="},"lastRemoteEphemeralKey":"BX3LHYFuKIp/9DATiRdEP9ecsrpwYgmbGWEHksFbq+Ub","previousCounter":0,"rootKey":"0rlrd7OqDPmmbmhYUWTIHMp+jvMH9flfdIeVLklCwfw="},"indexInfo":{"baseKey":"BWOf/L+zwuvN9v/K+EWkvNUwZ1csVdlNn48yCv/6KrxS","baseKeyType":1,"closed":-1,"used":1731873974664,"created":1731873974664,"remoteIdentityKey":"BX5vGMFmSw47/QWN/Io05Y0XEzVJKgwvHReMX1Bs/dxY"},"_chains":{"BSVNRG83ED6zBbDIK64BfkQF++oqoTz3CVcrNHfLbw8c":{"chainKey":{"counter":0,"key":"2a+kg5itFxaQF19YxmNetkO3KzhYOB+T+y9GGC57WTY="},"chainType":1,"messageKeys":{}}},"pendingPreKey":{"signedKeyId":1,"baseKey":"BWOf/L+zwuvN9v/K+EWkvNUwZ1csVdlNn48yCv/6KrxS","preKeyId":195}}},"version":"v1"}