{"_sessions":{"BRPas1iEXu3yOD+Te8me69QMB8yaJ+iTggvIEgqrwwd6":{"registrationId":627235021,"currentRatchet":{"ephemeralKeyPair":{"pubKey":"BRN8THPFdzXOjLLflNDehznxIu86EsobNB9X4lbXJdg9","privKey":"wKI/Fad5dhu/dKvuQuKA9ViEcKx1EEyWsiPJnenDsHI="},"lastRemoteEphemeralKey":"Bb2itN8L8EFQjZ/ffe/r1gcKfWL60G/FSNEuALMWnUkF","previousCounter":0,"rootKey":"hfdjsOaGrrsio+W5bwAR9E62UgmbY6flpRRQUFc+vW8="},"indexInfo":{"baseKey":"BRPas1iEXu3yOD+Te8me69QMB8yaJ+iTggvIEgqrwwd6","baseKeyType":1,"closed":1731669274888,"used":1731669259299,"created":1731669259299,"remoteIdentityKey":"BW5omgpAtJ0uAmyYPsBgjgsq4SR84smity0KGYShm69j"},"_chains":{"BRN8THPFdzXOjLLflNDehznxIu86EsobNB9X4lbXJdg9":{"chainKey":{"counter":0,"key":"S1Ff04D7WncIGxViT3XgAUP2L3wncJl6qNRtRZNPGck="},"chainType":1,"messageKeys":{}}},"pendingPreKey":{"signedKeyId":0,"baseKey":"BRPas1iEXu3yOD+Te8me69QMB8yaJ+iTggvIEgqrwwd6","preKeyId":11953562}},"BTiSeq/ms7zpwyyo2S2IMqM+Ut5vQBSF36FO7ezj0wET":{"registrationId":627235021,"currentRatchet":{"ephemeralKeyPair":{"pubKey":"BdBHuS/BXwAsET7ivKRPLQGhIHZjlRJJXvqpaAMqXstf","privKey":"WMzNkPjbL4iubyHdzcf221LRsJSWyC4o+wTGf9PDlVs="},"lastRemoteEphemeralKey":"Bb2itN8L8EFQjZ/ffe/r1gcKfWL60G/FSNEuALMWnUkF","previousCounter":0,"rootKey":"D2di4m2tLFvT9f0TQ1KZ0Y90LPhbDYbG1Pua7hUa6Cg="},"indexInfo":{"baseKey":"BTiSeq/ms7zpwyyo2S2IMqM+Ut5vQBSF36FO7ezj0wET","baseKeyType":1,"closed":1731690762968,"used":1731669273191,"created":1731669273191,"remoteIdentityKey":"BW5omgpAtJ0uAmyYPsBgjgsq4SR84smity0KGYShm69j"},"_chains":{"BdBHuS/BXwAsET7ivKRPLQGhIHZjlRJJXvqpaAMqXstf":{"chainKey":{"counter":11,"key":"/wq0H7k3qE98HUScgN0dXcadF8jmeP0QS7TNyUWoN/I="},"chainType":1,"messageKeys":{}}},"pendingPreKey":{"signedKeyId":0,"baseKey":"BTiSeq/ms7zpwyyo2S2IMqM+Ut5vQBSF36FO7ezj0wET","preKeyId":11952831}},"BVnx7fzEgFZQ2382W26qVr/9sfCpT1YsQ7nx8G12of17":{"registrationId":627235021,"currentRatchet":{"ephemeralKeyPair":{"pubKey":"Be6HmPjaaDJLQH7l6+21QErmSF0H7p5kojNwWaagkm5B","privKey":"QFzRZbCIztKuP8XKmyTSrEeywk0BACoCmWJO1BPi0lw="},"lastRemoteEphemeralKey":"Bb2itN8L8EFQjZ/ffe/r1gcKfWL60G/FSNEuALMWnUkF","previousCounter":0,"rootKey":"yZPYoeZ0lRHf+xZdwAK4HZOXz7cm1KNLeiP50/1BpjI="},"indexInfo":{"baseKey":"BVnx7fzEgFZQ2382W26qVr/9sfCpT1YsQ7nx8G12of17","baseKeyType":1,"closed":1731861384477,"used":1731690762963,"created":1731690762963,"remoteIdentityKey":"BW5omgpAtJ0uAmyYPsBgjgsq4SR84smity0KGYShm69j"},"_chains":{"Be6HmPjaaDJLQH7l6+21QErmSF0H7p5kojNwWaagkm5B":{"chainKey":{"counter":30,"key":"Pkz8zHNgpabMR8kWgWZabBJmDeFs1rDyN0VN38lfWBg="},"chainType":1,"messageKeys":{}}},"pendingPreKey":{"signedKeyId":0,"baseKey":"BVnx7fzEgFZQ2382W26qVr/9sfCpT1YsQ7nx8G12of17"}},"BX7dDBgZ8ZvEsjhIZ/xO19fCkr6kFNkX/KXzQg5M8g1P":{"registrationId":422580074,"currentRatchet":{"ephemeralKeyPair":{"pubKey":"Ba44ZZ3Ocf7RWqwQCRTWO3JM5vpzKbd4i+rARlcNIjkh","privKey":"qI57v3MO69AzCQqkxqbotAjeusE6DQqoZSgfmpEfMUc="},"lastRemoteEphemeralKey":"Ba5s4q1g4wQjMDZzTBx8fwwluhRsGRTcFjotIAQqCbMq","previousCounter":0,"rootKey":"Mcc6pSHzVRTZ61ZR5DfAEIBOwYxvVPi07fqvd/HEb50="},"indexInfo":{"baseKey":"BX7dDBgZ8ZvEsjhIZ/xO19fCkr6kFNkX/KXzQg5M8g1P","baseKeyType":1,"closed":1731861384644,"used":1731861384472,"created":1731861384472,"remoteIdentityKey":"BWyEfTx29Y5oCSqO7bNwhJ3WljWTDG6yby/k8zkFQFhq"},"_chains":{"Ba44ZZ3Ocf7RWqwQCRTWO3JM5vpzKbd4i+rARlcNIjkh":{"chainKey":{"counter":-1,"key":"NrG4zBT5/m8+T4Nu1Ho3nHVg7j2YjLcswpmAGw6MZ8E="},"chainType":1,"messageKeys":{}}},"pendingPreKey":{"signedKeyId":0,"baseKey":"BX7dDBgZ8ZvEsjhIZ/xO19fCkr6kFNkX/KXzQg5M8g1P","preKeyId":15655853}},"BYkDiTUMFXohQPf573eS7rDAgvYqxQY/B8AI3E0i/AEj":{"registrationId":422580074,"currentRatchet":{"ephemeralKeyPair":{"pubKey":"Bf9WaZknibWObREPRL2qOxZMHLozPJOWF5fKUWqHCRpY","privKey":"qInhykfTWmM29SxVZ8AdxW4pHO71T0WTa0rR0UieQUs="},"lastRemoteEphemeralKey":"Ba5s4q1g4wQjMDZzTBx8fwwluhRsGRTcFjotIAQqCbMq","previousCounter":0,"rootKey":"NdKW+61OIOl06HtEuomnKIFUyr0Dnx4e5LmHZRu1zEw="},"indexInfo":{"baseKey":"BYkDiTUMFXohQPf573eS7rDAgvYqxQY/B8AI3E0i/AEj","baseKeyType":1,"closed":1731861387695,"used":1731861384641,"created":1731861384641,"remoteIdentityKey":"BWyEfTx29Y5oCSqO7bNwhJ3WljWTDG6yby/k8zkFQFhq"},"_chains":{"Bf9WaZknibWObREPRL2qOxZMHLozPJOWF5fKUWqHCRpY":{"chainKey":{"counter":-1,"key":"OkUZmGmU/ctniDgjEu63UXQtxgqJ7GrHv/5/R301Htk="},"chainType":1,"messageKeys":{}}},"pendingPreKey":{"signedKeyId":0,"baseKey":"BYkDiTUMFXohQPf573eS7rDAgvYqxQY/B8AI3E0i/AEj","preKeyId":15655829}},"BTtdMkfYPopx0VremaQOQoJHkpANrVV5pXHveZeAYElX":{"registrationId":422580074,"currentRatchet":{"ephemeralKeyPair":{"pubKey":"BeZUGUn21ON1ydrIPfJcEFOwtWSaEGFA1jAPvyvs5opX","privKey":"iLv0TMEl9kW/WGtaYajsdYxbJClMSN0/xQMwcjfy1k8="},"lastRemoteEphemeralKey":"Ba5s4q1g4wQjMDZzTBx8fwwluhRsGRTcFjotIAQqCbMq","previousCounter":0,"rootKey":"Ud8dqCA4tEQRlw2MaVI7vru4u//WzKWm3sJIQHFDkmg="},"indexInfo":{"baseKey":"BTtdMkfYPopx0VremaQOQoJHkpANrVV5pXHveZeAYElX","baseKeyType":1,"closed":1731861387880,"used":1731861387690,"created":1731861387690,"remoteIdentityKey":"BWyEfTx29Y5oCSqO7bNwhJ3WljWTDG6yby/k8zkFQFhq"},"_chains":{"BeZUGUn21ON1ydrIPfJcEFOwtWSaEGFA1jAPvyvs5opX":{"chainKey":{"counter":-1,"key":"zyOjSuWVf83Z0z4ZGyhKq4j92kivTV92fe4M00l7Kl0="},"chainType":1,"messageKeys":{}}},"pendingPreKey":{"signedKeyId":0,"baseKey":"BTtdMkfYPopx0VremaQOQoJHkpANrVV5pXHveZeAYElX","preKeyId":15656497}},"BVqcIIyV4/CIYZDm51HI7BDSfm/cjB7T/yK3pLoHhhN3":{"registrationId":422580074,"currentRatchet":{"ephemeralKeyPair":{"pubKey":"BZnGFj+8Ba65tZZreiNDUBzw+qHa7o6WvOq/l0g8zeh8","privKey":"sGJ7sZav+22nfUWHQelfW6qK9NnKwTrqZqw01Miho3Y="},"lastRemoteEphemeralKey":"Ba5s4q1g4wQjMDZzTBx8fwwluhRsGRTcFjotIAQqCbMq","previousCounter":0,"rootKey":"rTG29+lWopwzhohfdb4PI/qtQpXoU6EPknV7J9hOP9A="},"indexInfo":{"baseKey":"BVqcIIyV4/CIYZDm51HI7BDSfm/cjB7T/yK3pLoHhhN3","baseKeyType":1,"closed":1731861388212,"used":1731861387875,"created":1731861387875,"remoteIdentityKey":"BWyEfTx29Y5oCSqO7bNwhJ3WljWTDG6yby/k8zkFQFhq"},"_chains":{"BZnGFj+8Ba65tZZreiNDUBzw+qHa7o6WvOq/l0g8zeh8":{"chainKey":{"counter":-1,"key":"dTihpO8YFui8qgAcBqzedVU8UKtKxjeuF4mznin1naM="},"chainType":1,"messageKeys":{}}},"pendingPreKey":{"signedKeyId":0,"baseKey":"BVqcIIyV4/CIYZDm51HI7BDSfm/cjB7T/yK3pLoHhhN3","preKeyId":15655837}},"BTzqADATcbyuhiew93zu8kgQDWZUUW21HhW9qoXdPVga":{"registrationId":422580074,"currentRatchet":{"ephemeralKeyPair":{"pubKey":"BfgOL7XAIZgcEsoknyxELpxY5hgBKmWAUjjafF8CIrcE","privKey":"YAeq3dZbh3HWlLPvojExvZWANthC8isYG3NFVUgwRU0="},"lastRemoteEphemeralKey":"Ba5s4q1g4wQjMDZzTBx8fwwluhRsGRTcFjotIAQqCbMq","previousCounter":0,"rootKey":"6y3tZiCSARkorW8kCPejqS/71Ohz8jjdZhcl95m6SNs="},"indexInfo":{"baseKey":"BTzqADATcbyuhiew93zu8kgQDWZUUW21HhW9qoXdPVga","baseKeyType":1,"closed":1731861388394,"used":1731861388205,"created":1731861388205,"remoteIdentityKey":"BWyEfTx29Y5oCSqO7bNwhJ3WljWTDG6yby/k8zkFQFhq"},"_chains":{"BfgOL7XAIZgcEsoknyxELpxY5hgBKmWAUjjafF8CIrcE":{"chainKey":{"counter":-1,"key":"NeYY/PpfSvK3yiVOQ0ANfQ4IByBdezryC+HyY9ZqHYM="},"chainType":1,"messageKeys":{}}},"pendingPreKey":{"signedKeyId":0,"baseKey":"BTzqADATcbyuhiew93zu8kgQDWZUUW21HhW9qoXdPVga","preKeyId":15656412}},"Bd9HRUqW/R2mf+NBve+iz+VCTekCu/ChX51uipbgCkMc":{"registrationId":422580074,"currentRatchet":{"ephemeralKeyPair":{"pubKey":"Bb8/30GTYxT4xeDsUX8J/euZhWQd7iAZgRFLB1JKlp9r","privKey":"aOEZvn/EmSHKqhkqijxRBo/AHbuQzHe1hp1keOHTqHs="},"lastRemoteEphemeralKey":"Ba5s4q1g4wQjMDZzTBx8fwwluhRsGRTcFjotIAQqCbMq","previousCounter":0,"rootKey":"0Y1QPqQcOBjkKtr0XiVlJIlppn7jgJAqthSkUrfNTdk="},"indexInfo":{"baseKey":"Bd9HRUqW/R2mf+NBve+iz+VCTekCu/ChX51uipbgCkMc","baseKeyType":1,"closed":1731861389768,"used":1731861388389,"created":1731861388389,"remoteIdentityKey":"BWyEfTx29Y5oCSqO7bNwhJ3WljWTDG6yby/k8zkFQFhq"},"_chains":{"Bb8/30GTYxT4xeDsUX8J/euZhWQd7iAZgRFLB1JKlp9r":{"chainKey":{"counter":-1,"key":"DLxaoObCzJU1kd2vL7QMEhi92AKcf2gHBqPiNdOawF8="},"chainType":1,"messageKeys":{}}},"pendingPreKey":{"signedKeyId":0,"baseKey":"Bd9HRUqW/R2mf+NBve+iz+VCTekCu/ChX51uipbgCkMc","preKeyId":15656530}},"Be2ZDrXFvth2C+Zzd0IJMQIurTZgPnRafZ7TjqlrV7Bh":{"registrationId":422580074,"currentRatchet":{"ephemeralKeyPair":{"pubKey":"BVlV8Cv/wNQVYnfPQcWLH6lrNZnine6Oah/Y69G+6nsv","privKey":"2I5yD2eygBtt2AlCOpAp7agM/1Cc1B1G3y+0F0icGno="},"lastRemoteEphemeralKey":"Ba5s4q1g4wQjMDZzTBx8fwwluhRsGRTcFjotIAQqCbMq","previousCounter":0,"rootKey":"m8KP7PmC1ZjTiTg0D9beeRE5PMIj9+Oo3Tv4Eckm87w="},"indexInfo":{"baseKey":"Be2ZDrXFvth2C+Zzd0IJMQIurTZgPnRafZ7TjqlrV7Bh","baseKeyType":1,"closed":1731861389969,"used":1731861389761,"created":1731861389761,"remoteIdentityKey":"BWyEfTx29Y5oCSqO7bNwhJ3WljWTDG6yby/k8zkFQFhq"},"_chains":{"BVlV8Cv/wNQVYnfPQcWLH6lrNZnine6Oah/Y69G+6nsv":{"chainKey":{"counter":-1,"key":"oAzpJ2EJgKHIrGSpsA0HFZDbKYsNOcbkWYNxFmwRbLU="},"chainType":1,"messageKeys":{}}},"pendingPreKey":{"signedKeyId":0,"baseKey":"Be2ZDrXFvth2C+Zzd0IJMQIurTZgPnRafZ7TjqlrV7Bh","preKeyId":15656499}},"BZQhNuTC7Z+vEdNA65m9Ci2KWaFucH7gQiJCBA5HEHx0":{"registrationId":422580074,"currentRatchet":{"ephemeralKeyPair":{"pubKey":"BY25BPI6YPnNvcQET1XAYAeeNPuwWbWRnZmupHfp5VNe","privKey":"kHHhnWaavnAxhsqBdaRTRExT7pRbZkAmqXVg1hz0EG8="},"lastRemoteEphemeralKey":"Ba5s4q1g4wQjMDZzTBx8fwwluhRsGRTcFjotIAQqCbMq","previousCounter":0,"rootKey":"WUXgXVcbwVEnlYrlDi9ooeAzA0FJt8Ikcr09spQQRdE="},"indexInfo":{"baseKey":"BZQhNuTC7Z+vEdNA65m9Ci2KWaFucH7gQiJCBA5HEHx0","baseKeyType":1,"closed":1731861393593,"used":1731861389963,"created":1731861389963,"remoteIdentityKey":"BWyEfTx29Y5oCSqO7bNwhJ3WljWTDG6yby/k8zkFQFhq"},"_chains":{"BY25BPI6YPnNvcQET1XAYAeeNPuwWbWRnZmupHfp5VNe":{"chainKey":{"counter":-1,"key":"SCTXFooeGTVIKgdpo+LZ3Yk+R0+jtHjXafomD5HBvM4="},"chainType":1,"messageKeys":{}}},"pendingPreKey":{"signedKeyId":0,"baseKey":"BZQhNuTC7Z+vEdNA65m9Ci2KWaFucH7gQiJCBA5HEHx0","preKeyId":15656429}},"BRjQReN/Zp+XxVBY0m7SaVw6ARdKMGr5fYQpijzGB151":{"registrationId":422580074,"currentRatchet":{"ephemeralKeyPair":{"pubKey":"BUdNFayOS2pwdFsmpyTCFoHkTtVsJHRw4CKcw/aADVUK","privKey":"0LnfO10JlrwzueuVYpmmtFrpuOUR2vThBT7T9IoUm3U="},"lastRemoteEphemeralKey":"Ba5s4q1g4wQjMDZzTBx8fwwluhRsGRTcFjotIAQqCbMq","previousCounter":0,"rootKey":"RslZLC+8eJOi6X4wj2f7KcJq8QHniWib7HbKAT2VG1U="},"indexInfo":{"baseKey":"BRjQReN/Zp+XxVBY0m7SaVw6ARdKMGr5fYQpijzGB151","baseKeyType":1,"closed":1731861394516,"used":1731861393589,"created":1731861393589,"remoteIdentityKey":"BWyEfTx29Y5oCSqO7bNwhJ3WljWTDG6yby/k8zkFQFhq"},"_chains":{"BUdNFayOS2pwdFsmpyTCFoHkTtVsJHRw4CKcw/aADVUK":{"chainKey":{"counter":-1,"key":"sAH5sl2akp7iK830YKM/3YjybzXUEAyG6doqFkv+j/0="},"chainType":1,"messageKeys":{}}},"pendingPreKey":{"signedKeyId":0,"baseKey":"BRjQReN/Zp+XxVBY0m7SaVw6ARdKMGr5fYQpijzGB151","preKeyId":15656517}},"BUt/WvwVBKn08Jot21sZc4MnblcyxqlhuSWs6jP+r9Mu":{"registrationId":422580074,"currentRatchet":{"ephemeralKeyPair":{"pubKey":"BdD1gGS8rNqE7ea1DS8FfszWRUO+Hey/tuKk7pjGvTFX","privKey":"YF/phoxPkRf9zBUV+mkd5aYRylltDiEmzuH0rtWCo30="},"lastRemoteEphemeralKey":"Ba5s4q1g4wQjMDZzTBx8fwwluhRsGRTcFjotIAQqCbMq","previousCounter":0,"rootKey":"MoVUFtX8Kp0ITDRH2YyMuyiLmFvzs2KKWPiIaotxklc="},"indexInfo":{"baseKey":"BUt/WvwVBKn08Jot21sZc4MnblcyxqlhuSWs6jP+r9Mu","baseKeyType":1,"closed":1731861394705,"used":1731861394509,"created":1731861394509,"remoteIdentityKey":"BWyEfTx29Y5oCSqO7bNwhJ3WljWTDG6yby/k8zkFQFhq"},"_chains":{"BdD1gGS8rNqE7ea1DS8FfszWRUO+Hey/tuKk7pjGvTFX":{"chainKey":{"counter":-1,"key":"L2Mao9ETxmGWnlGTanEVRKS9T5nf/Yu8AiQiY1/x8i8="},"chainType":1,"messageKeys":{}}},"pendingPreKey":{"signedKeyId":0,"baseKey":"BUt/WvwVBKn08Jot21sZc4MnblcyxqlhuSWs6jP+r9Mu","preKeyId":15655842}},"BQp0QPrsfEN/rGJVJBj1eUEL0lzvFlwUmrX8I5mCq0Mw":{"registrationId":422580074,"currentRatchet":{"ephemeralKeyPair":{"pubKey":"Be3Yc53EDQMPeXuLSLnwIZ4fUgL8aBGxCmAiMOlXNnEq","privKey":"kK95RQpEj0P2uKdQnWlTC7Vl5hQ8UQ7bUY2FRSwUE3k="},"lastRemoteEphemeralKey":"Ba5s4q1g4wQjMDZzTBx8fwwluhRsGRTcFjotIAQqCbMq","previousCounter":0,"rootKey":"VuauEtHx3ct+0CEB5f2V+n/i8ArNZCHElWw8f9FIrmQ="},"indexInfo":{"baseKey":"BQp0QPrsfEN/rGJVJBj1eUEL0lzvFlwUmrX8I5mCq0Mw","baseKeyType":1,"closed":1731861394887,"used":1731861394696,"created":1731861394696,"remoteIdentityKey":"BWyEfTx29Y5oCSqO7bNwhJ3WljWTDG6yby/k8zkFQFhq"},"_chains":{"Be3Yc53EDQMPeXuLSLnwIZ4fUgL8aBGxCmAiMOlXNnEq":{"chainKey":{"counter":-1,"key":"QOqiEUFIHxM/0euH1Mopj7SoQ0RwDBEXVnLTAA0LtrM="},"chainType":1,"messageKeys":{}}},"pendingPreKey":{"signedKeyId":0,"baseKey":"BQp0QPrsfEN/rGJVJBj1eUEL0lzvFlwUmrX8I5mCq0Mw","preKeyId":15655757}},"BWTAmuqRfrhPs2ZYVLTTWpUMj/iYMpbP849KWaaVy2tS":{"registrationId":422580074,"currentRatchet":{"ephemeralKeyPair":{"pubKey":"Ba4miA6Ixy9WR5yjVyPQ3q2Xfxbxol3PQKoAQ+GSC3VG","privKey":"iLoCmIMgN8syZHXvFoy0HMcxgY9wNal6tY+4tFzTu0M="},"lastRemoteEphemeralKey":"Ba5s4q1g4wQjMDZzTBx8fwwluhRsGRTcFjotIAQqCbMq","previousCounter":0,"rootKey":"LcFSUE/yZaDaQyGIlGnOldh+rI93yq4n5mpmcqDrKxU="},"indexInfo":{"baseKey":"BWTAmuqRfrhPs2ZYVLTTWpUMj/iYMpbP849KWaaVy2tS","baseKeyType":1,"closed":1731861397160,"used":1731861394881,"created":1731861394881,"remoteIdentityKey":"BWyEfTx29Y5oCSqO7bNwhJ3WljWTDG6yby/k8zkFQFhq"},"_chains":{"Ba4miA6Ixy9WR5yjVyPQ3q2Xfxbxol3PQKoAQ+GSC3VG":{"chainKey":{"counter":-1,"key":"v4X0j0P41SWKQ8kNAIjZx3j1DuLIjNXCln1yX02ulEc="},"chainType":1,"messageKeys":{}}},"pendingPreKey":{"signedKeyId":0,"baseKey":"BWTAmuqRfrhPs2ZYVLTTWpUMj/iYMpbP849KWaaVy2tS","preKeyId":15656521}},"BU5Yg6pNjvMbC7zrRPa21Oh9Q1MzYR56p2keEWUF+fpM":{"registrationId":422580074,"currentRatchet":{"ephemeralKeyPair":{"pubKey":"BX6VbjvpWGvBm7zK/1Z2zuKUs2btgrwzSsSjNPyX9os9","privKey":"EFMX/NI8etluEd1/7OxGke1QjpGZrL9bdws+oF7rZ2g="},"lastRemoteEphemeralKey":"Ba5s4q1g4wQjMDZzTBx8fwwluhRsGRTcFjotIAQqCbMq","previousCounter":0,"rootKey":"dAG9zdkaQr4qRhcH/1i12wrIFfgzNIovdnaETzbh24E="},"indexInfo":{"baseKey":"BU5Yg6pNjvMbC7zrRPa21Oh9Q1MzYR56p2keEWUF+fpM","baseKeyType":1,"closed":1731861400916,"used":1731861397154,"created":1731861397154,"remoteIdentityKey":"BWyEfTx29Y5oCSqO7bNwhJ3WljWTDG6yby/k8zkFQFhq"},"_chains":{"BX6VbjvpWGvBm7zK/1Z2zuKUs2btgrwzSsSjNPyX9os9":{"chainKey":{"counter":-1,"key":"TpSfkZOcMtr7Gn1qzihnPMLRX7dwkJtshALlYxmsWcg="},"chainType":1,"messageKeys":{}}},"pendingPreKey":{"signedKeyId":0,"baseKey":"BU5Yg6pNjvMbC7zrRPa21Oh9Q1MzYR56p2keEWUF+fpM","preKeyId":15656535}},"BbJPYcEaY6K8G3ftZb9xbJHUdazZ8GdTTbKLxzHm164f":{"registrationId":422580074,"currentRatchet":{"ephemeralKeyPair":{"pubKey":"BWeggM1lGzeZjcRbdQra2QuS6dr/lZ/7ezu09YpbGEte","privKey":"WOq6JhGbVPYOHU4qGlJKtHho0XHdZIQL6ZAQ55KEVFw="},"lastRemoteEphemeralKey":"Ba5s4q1g4wQjMDZzTBx8fwwluhRsGRTcFjotIAQqCbMq","previousCounter":0,"rootKey":"TAxPkz7VlckOz3rP+GYJYYtNzg/4Y3qn6cG7F6oCbMY="},"indexInfo":{"baseKey":"BbJPYcEaY6K8G3ftZb9xbJHUdazZ8GdTTbKLxzHm164f","baseKeyType":1,"closed":1731861401101,"used":1731861400908,"created":1731861400908,"remoteIdentityKey":"BWyEfTx29Y5oCSqO7bNwhJ3WljWTDG6yby/k8zkFQFhq"},"_chains":{"BWeggM1lGzeZjcRbdQra2QuS6dr/lZ/7ezu09YpbGEte":{"chainKey":{"counter":-1,"key":"ZT5770rqj9yRAYDNqHBMoV88bcyJjlSnlY5I7gVoq/0="},"chainType":1,"messageKeys":{}}},"pendingPreKey":{"signedKeyId":0,"baseKey":"BbJPYcEaY6K8G3ftZb9xbJHUdazZ8GdTTbKLxzHm164f","preKeyId":15655826}},"BUnQk92XSTTqfiC7GcDSRabNgXFOK7/ZiOzmak+pDjcj":{"registrationId":422580074,"currentRatchet":{"ephemeralKeyPair":{"pubKey":"Bc7UwocUyWtBXNyyfkJ4VxiVAx8rTSas+aWx0LNy5QwU","privKey":"cORVHHEJrGBxZL0mTXx9Pqxm0O8W2Gboy838KhK1GU8="},"lastRemoteEphemeralKey":"Ba5s4q1g4wQjMDZzTBx8fwwluhRsGRTcFjotIAQqCbMq","previousCounter":0,"rootKey":"ufCxProZzTi0HD+Sw3o2abnu6KHAKlDGSltTaTSheH0="},"indexInfo":{"baseKey":"BUnQk92XSTTqfiC7GcDSRabNgXFOK7/ZiOzmak+pDjcj","baseKeyType":1,"closed":1731861401274,"used":1731861401095,"created":1731861401095,"remoteIdentityKey":"BWyEfTx29Y5oCSqO7bNwhJ3WljWTDG6yby/k8zkFQFhq"},"_chains":{"Bc7UwocUyWtBXNyyfkJ4VxiVAx8rTSas+aWx0LNy5QwU":{"chainKey":{"counter":-1,"key":"spRig4j6nlYzrXTF+7Ht6HltiYHFla42jJ9tErvNtOA="},"chainType":1,"messageKeys":{}}},"pendingPreKey":{"signedKeyId":0,"baseKey":"BUnQk92XSTTqfiC7GcDSRabNgXFOK7/ZiOzmak+pDjcj","preKeyId":15655748}},"BVpNeGMpeBCEWFvHD0u5+rKf/zIWnDP0HIolwmVDrkQp":{"registrationId":422580074,"currentRatchet":{"ephemeralKeyPair":{"pubKey":"Bd+LujC5cxpLSz1YvNPzBI9SZ491agF3HgqL5wITy3QK","privKey":"IEj9q2tMr8MJ4zIRGN9Xkj5dy+jODZ22ToCkpjlPnnQ="},"lastRemoteEphemeralKey":"Ba5s4q1g4wQjMDZzTBx8fwwluhRsGRTcFjotIAQqCbMq","previousCounter":0,"rootKey":"XOLAsxu7M85hLQAng4Os3+GABPZm6Oj5E8273++xtEw="},"indexInfo":{"baseKey":"BVpNeGMpeBCEWFvHD0u5+rKf/zIWnDP0HIolwmVDrkQp","baseKeyType":1,"closed":1731861403049,"used":1731861401267,"created":1731861401267,"remoteIdentityKey":"BWyEfTx29Y5oCSqO7bNwhJ3WljWTDG6yby/k8zkFQFhq"},"_chains":{"Bd+LujC5cxpLSz1YvNPzBI9SZ491agF3HgqL5wITy3QK":{"chainKey":{"counter":-1,"key":"CSWnYO92Pvolt13tRAGW7eEbJaCbpeX+qN2U+mDloVE="},"chainType":1,"messageKeys":{}}},"pendingPreKey":{"signedKeyId":0,"baseKey":"BVpNeGMpeBCEWFvHD0u5+rKf/zIWnDP0HIolwmVDrkQp","preKeyId":15656563}},"BYOXJ+3DfY+VQIF9OtaERU5CX3WHdpXk/VjUnfaa6Td/":{"registrationId":422580074,"currentRatchet":{"ephemeralKeyPair":{"pubKey":"BbWVA5WtxOOe/FBAXPddrxMDO3/tZ9czDsu/WF+4pHwu","privKey":"KLH7zsIC3DDRjib6WYsiqJyzirkGWAikEOvrrk6Mykg="},"lastRemoteEphemeralKey":"BZ1F9CFpWWVEEUQ1xXco4fVLCObL5Ge/C1lLcSZjAEdR","previousCounter":12,"rootKey":"v7OxXegsfhqdNHeFmhnvzATHkl2N2Ptif+PjpfDiv0s="},"indexInfo":{"baseKey":"BYOXJ+3DfY+VQIF9OtaERU5CX3WHdpXk/VjUnfaa6Td/","baseKeyType":1,"closed":-1,"used":1731924070922,"created":1731861403045,"remoteIdentityKey":"BWyEfTx29Y5oCSqO7bNwhJ3WljWTDG6yby/k8zkFQFhq"},"_chains":{"BZ1F9CFpWWVEEUQ1xXco4fVLCObL5Ge/C1lLcSZjAEdR":{"chainKey":{"counter":0,"key":"m7JRUyVPP4vv6M/ml7hawIsS6NjXu11/4gga6HTrYaI="},"chainType":2,"messageKeys":{}},"BbWVA5WtxOOe/FBAXPddrxMDO3/tZ9czDsu/WF+4pHwu":{"chainKey":{"counter":8,"key":"ZjPLWhAJs4nzYDBMzD3z8fSUOnsejEcG92cFrIC/L+M="},"chainType":1,"messageKeys":{}}}}},"version":"v1"}