{"_sessions":{"BZxSC2Rbe2XsMwb8UnNyl5wihFQBHT5vLDcEIcLtAnx8":{"registrationId":1774963241,"currentRatchet":{"ephemeralKeyPair":{"pubKey":"BayqGPyvSrKtnrEXKoRSab6KC8uWvHZAMvSUq19SF7cJ","privKey":"wD9+Lfkmp3w2NE4iyIgOAwyGwd0R9a7YCNS2qodftVA="},"lastRemoteEphemeralKey":"BW2kcm1isXp4d7ONaSEV3cr+TNrG32ytHc+UaBs/zYFK","previousCounter":0,"rootKey":"YpFWgHr6i+F3qXsh5rN4XGQFZJ+6QgTa1xC25GEzGl0="},"indexInfo":{"baseKey":"BZxSC2Rbe2XsMwb8UnNyl5wihFQBHT5vLDcEIcLtAnx8","baseKeyType":1,"closed":1731669274878,"used":1731669259086,"created":1731669259086,"remoteIdentityKey":"BWG65XPQTAAuP7TH/nPW8s9tNidjywo00CWNpZcbNz0f"},"_chains":{"BayqGPyvSrKtnrEXKoRSab6KC8uWvHZAMvSUq19SF7cJ":{"chainKey":{"counter":0,"key":"IR+1RH4oahrOL/CM5ikGnMzwKm6RZmPpv9hUsXT7GrE="},"chainType":1,"messageKeys":{}}},"pendingPreKey":{"signedKeyId":0,"baseKey":"BZxSC2Rbe2XsMwb8UnNyl5wihFQBHT5vLDcEIcLtAnx8"}},"BZmOiOvlbpiJHNURJKMLjILy4xnA76rGt+DOJxXbs4cW":{"registrationId":1774963241,"currentRatchet":{"ephemeralKeyPair":{"pubKey":"BYXKwntkPy5zz3LlNavpGCx7CKjl3B/6RwfE8mTytyJt","privKey":"YK+kvnERUwGUle/aZB/1s/q2TDvlyTnaABd2VdDKR0g="},"lastRemoteEphemeralKey":"BW2kcm1isXp4d7ONaSEV3cr+TNrG32ytHc+UaBs/zYFK","previousCounter":0,"rootKey":"QPp9zVe6h6EtIJugU5DHlzskAvrL8UWW7cC7N2ak04o="},"indexInfo":{"baseKey":"BZmOiOvlbpiJHNURJKMLjILy4xnA76rGt+DOJxXbs4cW","baseKeyType":1,"closed":-1,"used":1731669272951,"created":1731669272951,"remoteIdentityKey":"BWG65XPQTAAuP7TH/nPW8s9tNidjywo00CWNpZcbNz0f"},"_chains":{"BYXKwntkPy5zz3LlNavpGCx7CKjl3B/6RwfE8mTytyJt":{"chainKey":{"counter":64,"key":"h1f1xATHsFTUV4N/BGUEHnYQ2DUvFSYtg+xLEhDyb0g="},"chainType":1,"messageKeys":{}}},"pendingPreKey":{"signedKeyId":0,"baseKey":"BZmOiOvlbpiJHNURJKMLjILy4xnA76rGt+DOJxXbs4cW"}}},"version":"v1"}