{"_sessions":{"BaVgzEGrOSjVsaxL+YBKa/OWkvhPBfmbt3P7dMgLUb0v":{"registrationId":2040770380,"currentRatchet":{"ephemeralKeyPair":{"pubKey":"BQAxqd8ooWEYAc5ZiGPs7iDWb6v3BqZemy8rmnGAtQQt","privKey":"KIiixt+3xS8gwcBy0FxL+WyOt2dhY1iu/4tfLet9IF4="},"lastRemoteEphemeralKey":"BVREihV4Xm/hJZ4LRmFXhfAOR33fhfeqMgRLSv6wmMoG","previousCounter":0,"rootKey":"ALF44H1kuCY54I2+g30LpvalqQwDGcRH7mVrMhLoC0k="},"indexInfo":{"baseKey":"BaVgzEGrOSjVsaxL+YBKa/OWkvhPBfmbt3P7dMgLUb0v","baseKeyType":2,"closed":-1,"used":1731863876355,"created":1731863876355,"remoteIdentityKey":"BYGiiAhNJMkAPzcfIKMQVlHox9Ik4n7OovDi7loTYYl5"},"_chains":{"BVREihV4Xm/hJZ4LRmFXhfAOR33fhfeqMgRLSv6wmMoG":{"chainKey":{"counter":0,"key":"Mo2DQ5A3xDxjXp6OcCLul7duWD8EWpY0uefpCE8XrYY="},"chainType":2,"messageKeys":{}},"BQAxqd8ooWEYAc5ZiGPs7iDWb6v3BqZemy8rmnGAtQQt":{"chainKey":{"counter":-1,"key":"R0B0E+sAEgzmje9IzJn8L7yZto9gCjmmCgvaQOhEkck="},"chainType":1,"messageKeys":{}}}}},"version":"v1"}