{"_sessions":{"BeA1faeDHPEGz/7Tqd7RAdA0jUDzR8quUD04Jfkth2h4":{"registrationId":1810964047,"currentRatchet":{"ephemeralKeyPair":{"pubKey":"Bbtt55MhjsW4HNwqsRLf227aKuGrn0zrTLbpgvihQv54","privKey":"oKDg5dHefjw5+KpiRRU7wBq3gwYFFlBg5X0dukucp2s="},"lastRemoteEphemeralKey":"BWg/8sI2DaK6FWBr/eOOZJ1PSlxxfxZaWG/p/zI/8sk6","previousCounter":0,"rootKey":"xO5GLouraxRJqJNfI3IHdrCcPpMbwZ3aX+xw9mpP/LQ="},"indexInfo":{"baseKey":"BeA1faeDHPEGz/7Tqd7RAdA0jUDzR8quUD04Jfkth2h4","baseKeyType":1,"closed":-1,"used":1732013316710,"created":1731669227272,"remoteIdentityKey":"BRvVZ9tNeZLTeGhr0w/TjZm5LmSknPsHTJA+bMj6iaV/"},"_chains":{"BYr4ykyGCHzTdi9EJmJLuJdNuWb0T6hn3O3rRhT/TdE+":{"chainKey":{"counter":5},"chainType":2,"messageKeys":{}},"BWg/8sI2DaK6FWBr/eOOZJ1PSlxxfxZaWG/p/zI/8sk6":{"chainKey":{"counter":1,"key":"HXYr4j5dtNxXLtDIKJCCBAXsvQ1O5mbGNtLKiGaHSaE="},"chainType":2,"messageKeys":{}},"Bbtt55MhjsW4HNwqsRLf227aKuGrn0zrTLbpgvihQv54":{"chainKey":{"counter":-1,"key":"NWpm0WUSstgNOdvM0tqxc0KtjAc9RSvYqo9iKVw2fcU="},"chainType":1,"messageKeys":{}}}}},"version":"v1"}