{"_sessions":{"Ba7EEzc/fxLekArnnM6nRd/XTjafaFBqz+4lxysZt2om":{"registrationId":1206638731,"currentRatchet":{"ephemeralKeyPair":{"pubKey":"BWBl2usRM0i0XDOeRRxmWT5ggYzsmFEO0SIT5dAcm1dy","privKey":"2AckkX3DneFohQ0YFKUpp2yHTF22vu+XDs5yPByVPn0="},"lastRemoteEphemeralKey":"BTA6BgRUE/wamqWTROk+DK3EdzEHEEi44Jda530WmTJN","previousCounter":0,"rootKey":"6iCaAkBoUwQYNvpPjSjkUp1aoEsfrVn0JkgP7bSwm0I="},"indexInfo":{"baseKey":"Ba7EEzc/fxLekArnnM6nRd/XTjafaFBqz+4lxysZt2om","baseKeyType":1,"closed":1731972303528,"used":1731761519186,"created":1731761519186,"remoteIdentityKey":"BWvuAQyTGvDV8TDI3vdLkPb/UIn1YH9Xj3k5y1c9gNla"},"_chains":{"BWBl2usRM0i0XDOeRRxmWT5ggYzsmFEO0SIT5dAcm1dy":{"chainKey":{"counter":5,"key":"NkGXt34ilLwoNdqO4SHrL3fXNu18cTJOCrV5GzGjbZ0="},"chainType":1,"messageKeys":{}}},"pendingPreKey":{"signedKeyId":3,"baseKey":"Ba7EEzc/fxLekArnnM6nRd/XTjafaFBqz+4lxysZt2om","preKeyId":3632790}},"BaZJ2zKtL5zmAhW3mTvegCcWNaXSEuXCUadgod2u309c":{"registrationId":1206638731,"currentRatchet":{"ephemeralKeyPair":{"pubKey":"BZUTUY7lduBa7jJb3PuKTUeY0awSnO6UW61L67qdiXAY","privKey":"SIfqMGWLlGOfUGREkvuXr3HmpfOf6m+OqVUnzxWsY20="},"lastRemoteEphemeralKey":"BTA6BgRUE/wamqWTROk+DK3EdzEHEEi44Jda530WmTJN","previousCounter":0,"rootKey":"lhTHGOw0J+FMxHN2Ow6JmYfygGf33IDc59qNwVsQy3E="},"indexInfo":{"baseKey":"BaZJ2zKtL5zmAhW3mTvegCcWNaXSEuXCUadgod2u309c","baseKeyType":1,"closed":1731972304098,"used":1731972303523,"created":1731972303523,"remoteIdentityKey":"BWvuAQyTGvDV8TDI3vdLkPb/UIn1YH9Xj3k5y1c9gNla"},"_chains":{"BZUTUY7lduBa7jJb3PuKTUeY0awSnO6UW61L67qdiXAY":{"chainKey":{"counter":-1,"key":"9LLJO4cR7WOzImAoem9ZTVcnN4kwfP4YB/buiiZDEaM="},"chainType":1,"messageKeys":{}}},"pendingPreKey":{"signedKeyId":3,"baseKey":"BaZJ2zKtL5zmAhW3mTvegCcWNaXSEuXCUadgod2u309c","preKeyId":3634188}},"Bbxac7KqjAU2m1Xa0cVBfVxJYKCm4hG4l8AFU9q16pYm":{"registrationId":1206638731,"currentRatchet":{"ephemeralKeyPair":{"pubKey":"BZNn4FfOVNPboaNkxa8PzQ5k5SQhdBX4D9h76t8sITtR","privKey":"UEVtmBntwqUobdemZsJ5VUCgmxm4/hBphrzadTKI6n4="},"lastRemoteEphemeralKey":"BTA6BgRUE/wamqWTROk+DK3EdzEHEEi44Jda530WmTJN","previousCounter":0,"rootKey":"uhIfPgIRAWglrM4GQfOXSwo+Bc1ZXUxPmul19W0rmGM="},"indexInfo":{"baseKey":"Bbxac7KqjAU2m1Xa0cVBfVxJYKCm4hG4l8AFU9q16pYm","baseKeyType":1,"closed":-1,"used":1731972304095,"created":1731972304095,"remoteIdentityKey":"BWvuAQyTGvDV8TDI3vdLkPb/UIn1YH9Xj3k5y1c9gNla"},"_chains":{"BZNn4FfOVNPboaNkxa8PzQ5k5SQhdBX4D9h76t8sITtR":{"chainKey":{"counter":-1,"key":"j8TZWQnmDsD9v6NsedcSownaDI93/nSHp28W8ugJheE="},"chainType":1,"messageKeys":{}}},"pendingPreKey":{"signedKeyId":3,"baseKey":"Bbxac7KqjAU2m1Xa0cVBfVxJYKCm4hG4l8AFU9q16pYm","preKeyId":3633446}}},"version":"v1"}