{"_sessions":{"BdJ2OQuFJuxeYb6zUUO4sFHB1QjiSSP75Vj6CuGG1Jpv":{"registrationId":227171676,"currentRatchet":{"ephemeralKeyPair":{"pubKey":"BSQbJ9c7WHZUUFoaUDfmMEupCjWoOfK32RixoZqjHKUb","privKey":"MMEoqFXhRYu+BgcuhYKdbAJOii8nkOhSvR5DwgVBcnQ="},"lastRemoteEphemeralKey":"BS/ycYeZb0uZjbuzuF7WJ1m48myLhgW6TvWFcCYaGK45","previousCounter":0,"rootKey":"xBhHy27zXXlBP2Z/cEy0MFDwmeQqPowpBftKGUtEZHY="},"indexInfo":{"baseKey":"BdJ2OQuFJuxeYb6zUUO4sFHB1QjiSSP75Vj6CuGG1Jpv","baseKeyType":2,"closed":-1,"used":1731846610684,"created":1731846610684,"remoteIdentityKey":"BR1l2b3qiuEJMxHrQ21bFLvEpHSdKYxeVKrAg/7UqslC"},"_chains":{"BS/ycYeZb0uZjbuzuF7WJ1m48myLhgW6TvWFcCYaGK45":{"chainKey":{"counter":0,"key":"NjWSqFqlUkgvsAOHL6MIvnRbw6CBeVu+i5soqeTLKms="},"chainType":2,"messageKeys":{}},"BSQbJ9c7WHZUUFoaUDfmMEupCjWoOfK32RixoZqjHKUb":{"chainKey":{"counter":-1,"key":"3hZbTKods2jL1IMRatDucMH8/qEnBQly0VJlWVyTPMA="},"chainType":1,"messageKeys":{}}}}},"version":"v1"}