{"_sessions":{"BZE1EA9groNwkzNPnb9fFnF5lR+TC3PMC8GbWmXCP4xG":{"registrationId":2118679448,"currentRatchet":{"ephemeralKeyPair":{"pubKey":"BbF0IdTTtH5q2AbNOqIgJ/5fm4Y2HZDY7NWj2orWib45","privKey":"aE2Tm+ZNNApcbYl4fOjjN8nwlQ5ce11tpErfBLsQEXE="},"lastRemoteEphemeralKey":"BfpEZvHzKg10BM2ItNcaodIzSwm695mQ3GXHe+o+8E9X","previousCounter":0,"rootKey":"90wvUR7veLIuFBIR6Tpy7UT7o2WnoI0hD+Hl+dczSws="},"indexInfo":{"baseKey":"BZE1EA9groNwkzNPnb9fFnF5lR+TC3PMC8GbWmXCP4xG","baseKeyType":1,"closed":-1,"used":1731683222772,"created":1731683222772,"remoteIdentityKey":"BWytGparwMBFq3h0yHFWhueW0b1hZvdezh/wwvd5ZNFr"},"_chains":{"BbF0IdTTtH5q2AbNOqIgJ/5fm4Y2HZDY7NWj2orWib45":{"chainKey":{"counter":2,"key":"M6ZQhEsLpYS+iVH5Xy32JB5XC2MjF4bOuX2LLGjON4A="},"chainType":1,"messageKeys":{}}},"pendingPreKey":{"signedKeyId":1,"baseKey":"BZE1EA9groNwkzNPnb9fFnF5lR+TC3PMC8GbWmXCP4xG","preKeyId":3661595}}},"version":"v1"}