{"_sessions":{"BeFTpMsOhDwmk228QxOBSk0w6f7l6rN5/tcpRByu8Wct":{"registrationId":363157704,"currentRatchet":{"ephemeralKeyPair":{"pubKey":"BeLSMtjfWR4waFjSjGoeI/Z611kbVlCFIJd3fOhoc0oh","privKey":"qH1Me5Gty3k8Jc7uHHcxIWzNQ6T87jitlu/oAuDEoV4="},"lastRemoteEphemeralKey":"BfgPh22N5KizQRV4j/JuCyAzgOFclAO4KYvVQFiQCPII","previousCounter":0,"rootKey":"nJrV25t39ACoOW/6EmiGWkUxoat72++qO837H/QO2MM="},"indexInfo":{"baseKey":"BeFTpMsOhDwmk228QxOBSk0w6f7l6rN5/tcpRByu8Wct","baseKeyType":2,"closed":-1,"used":1731686203782,"created":1731686203782,"remoteIdentityKey":"BVMG+qYEjmrl5pt+RlK18vAygq6yivDM3C2Wlxl6z5Yh"},"_chains":{"BfgPh22N5KizQRV4j/JuCyAzgOFclAO4KYvVQFiQCPII":{"chainKey":{"counter":1,"key":"uaYwZCjC6QfVeXh2uC0FR3R3eFwLZ7x+kgqf8Z2Eqq8="},"chainType":2,"messageKeys":{}},"BeLSMtjfWR4waFjSjGoeI/Z611kbVlCFIJd3fOhoc0oh":{"chainKey":{"counter":-1,"key":"fFmasoobMjZSDWw93TwvzG09Z9YUV9iihy5JArP2b9A="},"chainType":1,"messageKeys":{}}}}},"version":"v1"}