{"_sessions":{"BYjeZzZJx6pYWa08Cg23cMH9Ut5Q1Frnc9VPHWJCHaMq":{"registrationId":1567195372,"currentRatchet":{"ephemeralKeyPair":{"pubKey":"BcqdYzVHhEo82xsRv2LPErwPVuaoNh2FkJxFnRbKposT","privKey":"QLZLa9pQJJv0QGZwK+gC0dD9t1S8S1I+LXK0uStYvms="},"lastRemoteEphemeralKey":"BT+MMgRLXv/XZzhS7WXVoRJ5U5o4tIXwfAyvZNn/pj0N","previousCounter":0,"rootKey":"QCqmycelcqqjUfdKSsXVlqO0hwArVH1ccE8+AZtJNdo="},"indexInfo":{"baseKey":"BYjeZzZJx6pYWa08Cg23cMH9Ut5Q1Frnc9VPHWJCHaMq","baseKeyType":1,"closed":1731770226556,"used":1731770223337,"created":1731770223337,"remoteIdentityKey":"BRjCdHAh3fEpuY1fZW2vqK79ThAjsM98bwnuffM3Sko4"},"_chains":{"BcqdYzVHhEo82xsRv2LPErwPVuaoNh2FkJxFnRbKposT":{"chainKey":{"counter":0,"key":"t5RiKuxin5E4DQHSNHYOTye+nxtkpJto09+4UWx3r0g="},"chainType":1,"messageKeys":{}}},"pendingPreKey":{"signedKeyId":1,"baseKey":"BYjeZzZJx6pYWa08Cg23cMH9Ut5Q1Frnc9VPHWJCHaMq","preKeyId":8279045}},"BUj3hGV01bWKxh3w8oGKLajDMz+R+/a5icvoZfpcZlw5":{"registrationId":1567195372,"currentRatchet":{"ephemeralKeyPair":{"pubKey":"BY5FxE3HTwjQ8SSw0waxh4BKVlsk8NXwsOFMOGB9yBlb","privKey":"OO5JF/EFFF1uwmp36SMv1jjnWAx6GAXSj0O+6DROQEg="},"lastRemoteEphemeralKey":"BT+MMgRLXv/XZzhS7WXVoRJ5U5o4tIXwfAyvZNn/pj0N","previousCounter":0,"rootKey":"VSWOj5VjmM+3SVUP7geoEu9Zc6jHT4rxRp4aZ0jEUFQ="},"indexInfo":{"baseKey":"BUj3hGV01bWKxh3w8oGKLajDMz+R+/a5icvoZfpcZlw5","baseKeyType":1,"closed":1731808656177,"used":1731770226185,"created":1731770226185,"remoteIdentityKey":"BRjCdHAh3fEpuY1fZW2vqK79ThAjsM98bwnuffM3Sko4"},"_chains":{"BY5FxE3HTwjQ8SSw0waxh4BKVlsk8NXwsOFMOGB9yBlb":{"chainKey":{"counter":0,"key":"hu29weZh5OQSbeHSzbT1jTaOlvsd90l+JTScB6CMQgU="},"chainType":1,"messageKeys":{}}},"pendingPreKey":{"signedKeyId":1,"baseKey":"BUj3hGV01bWKxh3w8oGKLajDMz+R+/a5icvoZfpcZlw5","preKeyId":8278878}},"BaYwjdNxGhVZWh3QNpEN/SxxCfMMdLUkhnlr8K+0nppE":{"registrationId":1777863725,"currentRatchet":{"ephemeralKeyPair":{"pubKey":"BYaujq0qU1EfpynE4n2ZLCz8GOJiQjBaaaG+8zzNyqo6","privKey":"gNYt0J9Drhr/3jKKi4lHnZ6xmH0cAhKWsJzKXyw341E="},"lastRemoteEphemeralKey":"BVTVI94k7pEpRSWs5QrpKLBuFscToguYA/ZqfbboCJQ1","previousCounter":0,"rootKey":"3GJ+ufa95NmTdwHjewK+lchSeX0okkZ12fPfHixyPaY="},"indexInfo":{"baseKey":"BaYwjdNxGhVZWh3QNpEN/SxxCfMMdLUkhnlr8K+0nppE","baseKeyType":2,"closed":1731965918310,"used":1731808656190,"created":1731808656190,"remoteIdentityKey":"Bfl+kBVIN+XegOSpHXK+ZH6d5Fi31LPzvRF3cN+h2p4B"},"_chains":{"BVTVI94k7pEpRSWs5QrpKLBuFscToguYA/ZqfbboCJQ1":{"chainKey":{"counter":2,"key":"HUkcDZtaG/mXAmLLKHBZ7fPcvCVYvbA7/g6kkfC1FEg="},"chainType":2,"messageKeys":{}},"BYaujq0qU1EfpynE4n2ZLCz8GOJiQjBaaaG+8zzNyqo6":{"chainKey":{"counter":-1,"key":"wNqcOKeckGHrsmceD75tPz+HBR/Dcg/bB76sCwpQv+Y="},"chainType":1,"messageKeys":{}}}},"BYCFsjVwpaB4L0WusHgZHEvj7e5E6q7xgvn5YLfeQxFL":{"registrationId":1777863725,"currentRatchet":{"ephemeralKeyPair":{"pubKey":"BRA65nPQky6HM8qEXoIjvpTmGMOhob/uq8Whoh8dcfhh","privKey":"OKtKd3tHhUcErZZvQCwiAvslqzoQaQa+HoCocXbBA0I="},"lastRemoteEphemeralKey":"BfU259GQMQwC8AWmbxW5MAj5kR1D94iLGhSoJwWIFEZy","previousCounter":0,"rootKey":"Mv+GVBaQraFapUf3wf1yjFEOkSIkEXvv6rQ8yiEyF90="},"indexInfo":{"baseKey":"BYCFsjVwpaB4L0WusHgZHEvj7e5E6q7xgvn5YLfeQxFL","baseKeyType":1,"closed":1731965919064,"used":1731965918305,"created":1731965918305,"remoteIdentityKey":"Bfl+kBVIN+XegOSpHXK+ZH6d5Fi31LPzvRF3cN+h2p4B"},"_chains":{"BRA65nPQky6HM8qEXoIjvpTmGMOhob/uq8Whoh8dcfhh":{"chainKey":{"counter":-1,"key":"RR86mulbJZ4tq07jQYNsVqjSZ7QLdBzwbpgy7sA3uC8="},"chainType":1,"messageKeys":{}}},"pendingPreKey":{"signedKeyId":0,"baseKey":"BYCFsjVwpaB4L0WusHgZHEvj7e5E6q7xgvn5YLfeQxFL","preKeyId":9750446}},"BQDL34RkuI6t1WeF19Ux0ys7XKaDXPLIW8r1RRBeaThT":{"registrationId":1777863725,"currentRatchet":{"ephemeralKeyPair":{"pubKey":"BWZrqlyDiMtPvOZkJFOKLRON6FYqYu/6YVR+/1WH4Ctm","privKey":"IPcGdnm/HWmhTGrA5OBMLTlb6FmLV9XM5oY6Tcy/6W8="},"lastRemoteEphemeralKey":"BfU259GQMQwC8AWmbxW5MAj5kR1D94iLGhSoJwWIFEZy","previousCounter":0,"rootKey":"IDJfTamuVgAu1bxZKNAK7fWruaejXssZW4DgBZeS474="},"indexInfo":{"baseKey":"BQDL34RkuI6t1WeF19Ux0ys7XKaDXPLIW8r1RRBeaThT","baseKeyType":1,"closed":-1,"used":1731965919033,"created":1731965919033,"remoteIdentityKey":"Bfl+kBVIN+XegOSpHXK+ZH6d5Fi31LPzvRF3cN+h2p4B"},"_chains":{"BWZrqlyDiMtPvOZkJFOKLRON6FYqYu/6YVR+/1WH4Ctm":{"chainKey":{"counter":-1,"key":"KgzRFwzC7+TEk0RIYxtUAuvyjwese/y+51NUb6eigCU="},"chainType":1,"messageKeys":{}}},"pendingPreKey":{"signedKeyId":0,"baseKey":"BQDL34RkuI6t1WeF19Ux0ys7XKaDXPLIW8r1RRBeaThT","preKeyId":9750003}}},"version":"v1"}