{"_sessions":{"BYDLJIg7cR2mAQ4Was866SquJISuX2aULx5IaYxr6O9v":{"registrationId":212984729,"currentRatchet":{"ephemeralKeyPair":{"pubKey":"BbM7CQSxktZEBWT/zCG5Xi3V0AU3ocPMEYS9EvpeVgNx","privKey":"oIoMUDqaoQ4Ah9yEK+xE4VY8aqQEzrtj46T4Om3opEQ="},"lastRemoteEphemeralKey":"BbQINcdMMQj1DerPMXg8/laDNVyFebqoYYQpAtpkOQ9K","previousCounter":0,"rootKey":"acG7t/2HuMyXfcmJeEKsM0F33XzEWQG0X10fOEql+G4="},"indexInfo":{"baseKey":"BYDLJIg7cR2mAQ4Was866SquJISuX2aULx5IaYxr6O9v","baseKeyType":1,"closed":-1,"used":1731875868422,"created":1731676607315,"remoteIdentityKey":"Be1vPXZGF/ZuSk9Aj1+flbh1go5Hun1pbVIakpp2xJko"},"_chains":{"BbQINcdMMQj1DerPMXg8/laDNVyFebqoYYQpAtpkOQ9K":{"chainKey":{"counter":1,"key":"qBcYX6Flo8GcyXCM/ed5gv0bn+5v4ORPQ/Jw4DxHkiw="},"chainType":2,"messageKeys":{}},"BbM7CQSxktZEBWT/zCG5Xi3V0AU3ocPMEYS9EvpeVgNx":{"chainKey":{"counter":-1,"key":"Sse01CoXiQSQf66avmpjPpI7iiHRMAEERIgm7y8jiQQ="},"chainType":1,"messageKeys":{}}}}},"version":"v1"}