{"_sessions":{"BUMzJBnHska+WHTY3WaSQddqp/FeW+iTgelqPNGd6XsI":{"registrationId":635555746,"currentRatchet":{"ephemeralKeyPair":{"pubKey":"BS5iccdBPC1BfthEdBA8qVr3fjMsvgRaBeTTXqgjUEwf","privKey":"IEiz0xVfZjaPbCuUizq+7AQoowJCVl2POUo+Ys3i/1o="},"lastRemoteEphemeralKey":"BcOaMbNWAyjSlGxOpVGP78JfJXx/5WrKsN1jvz42cjhV","previousCounter":0,"rootKey":"YC8GRgFBy95sZM/A9EatFJ2nokShmwFnxIQtZfpfHio="},"indexInfo":{"baseKey":"BUMzJBnHska+WHTY3WaSQddqp/FeW+iTgelqPNGd6XsI","baseKeyType":1,"closed":-1,"used":1731696996075,"created":1731696996075,"remoteIdentityKey":"BazqUe0TrvbQmtcVI6evNUv53xV4VBbyyW5eiWczrkdx"},"_chains":{"BS5iccdBPC1BfthEdBA8qVr3fjMsvgRaBeTTXqgjUEwf":{"chainKey":{"counter":0,"key":"pLE9NcgWExgvDf2QeVFX9/f+cvlyBxjUvYdQLrp6/1g="},"chainType":1,"messageKeys":{}}},"pendingPreKey":{"signedKeyId":27,"baseKey":"BUMzJBnHska+WHTY3WaSQddqp/FeW+iTgelqPNGd6XsI","preKeyId":16728514}}},"version":"v1"}