{"_sessions":{"BRsG+u3UGtv7HNYaPewibaYDofdHiwFd+DdkfmF6qSZo":{"registrationId":1219580606,"currentRatchet":{"ephemeralKeyPair":{"pubKey":"Bf5Bo/XgWTt35wGDEkAn91H/lEoIu4eQJUsG30j/fkhm","privKey":"+PHuVHpdtmTmyXqV4hKMnII5ZjyLdR2FN+TwRq9Zd00="},"lastRemoteEphemeralKey":"BfWhZuYf1uH5/pqHD292CMwpGt4re1Na1gNTLVFJ0L0U","previousCounter":0,"rootKey":"FJa6yioV1ASNrFLfotrpGieLbOCtsGCKYrUlaxioAfQ="},"indexInfo":{"baseKey":"BRsG+u3UGtv7HNYaPewibaYDofdHiwFd+DdkfmF6qSZo","baseKeyType":1,"closed":-1,"used":1731852918974,"created":1731852918974,"remoteIdentityKey":"Be8VzwqQ0a3nT9Fmb459F0upuVzrlSkUIOs2JlG04FMT"},"_chains":{"Bf5Bo/XgWTt35wGDEkAn91H/lEoIu4eQJUsG30j/fkhm":{"chainKey":{"counter":0,"key":"FqJVNnWT1HQrfE7Hd2UGmdcjyH/KCSy0ddvhP4WrPTs="},"chainType":1,"messageKeys":{}}},"pendingPreKey":{"signedKeyId":11,"baseKey":"BRsG+u3UGtv7HNYaPewibaYDofdHiwFd+DdkfmF6qSZo","preKeyId":7637046}}},"version":"v1"}