{"_sessions":{"BWv4rGwop+cga6ds+e8TgUasLhSrqkuBSqCICwE31/16":{"registrationId":2127208106,"currentRatchet":{"ephemeralKeyPair":{"pubKey":"BXgpX1lQPV4sV4sIg/I0AzC4yN2YjijYizYXz3NA73R3","privKey":"2NksfnsKJa8YaEyWWOgLuU6mE2/bSCeRpcneSYyT90w="},"lastRemoteEphemeralKey":"BeobR8w2dck2sLo1t5c15axw+1EM7K+vEaMCfPKR0s05","previousCounter":0,"rootKey":"pkFvtA4EMlZ1m6gecud+q7A9OXt5N9SFu+KWg4O0WPY="},"indexInfo":{"baseKey":"BWv4rGwop+cga6ds+e8TgUasLhSrqkuBSqCICwE31/16","baseKeyType":1,"closed":-1,"used":1731956511350,"created":1731956511350,"remoteIdentityKey":"BdqMXTq6bKodHDaYRUQSsRQ7UWUHDVZd5/ulzkNqiLI0"},"_chains":{"BXgpX1lQPV4sV4sIg/I0AzC4yN2YjijYizYXz3NA73R3":{"chainKey":{"counter":8,"key":"CvCJb/5ZJYd8YAAlWP//PqlERIrlqeUszseBFoIxeUo="},"chainType":1,"messageKeys":{}}},"pendingPreKey":{"signedKeyId":20,"baseKey":"BWv4rGwop+cga6ds+e8TgUasLhSrqkuBSqCICwE31/16","preKeyId":6313457}}},"version":"v1"}