{"_sessions":{"BZm75/6ZYbbXZYqnDFsvClNJQPcBeCi0c1U+bvOJu3Rh":{"registrationId":7704,"currentRatchet":{"ephemeralKeyPair":{"pubKey":"Ba0qMCNPrDJXxQ8iYhAxXzfiIoClyxvZSn1wdLZYJM8Z","privKey":"UCtB2pNaAqILE1JOiJp/Rhh1fWT+lfocnod6/lhjTEE="},"lastRemoteEphemeralKey":"BTsF4qJrTYW3R9GPxq8dyFxW3r5Ktp1d28sN3tGKiLUk","previousCounter":0,"rootKey":"84oi1foqpXvi6FShHi+iRZ3g2dxsJcmZZRL4xeUKang="},"indexInfo":{"baseKey":"BZm75/6ZYbbXZYqnDFsvClNJQPcBeCi0c1U+bvOJu3Rh","baseKeyType":1,"closed":-1,"used":1731852918610,"created":1731852918610,"remoteIdentityKey":"BYwh2IR/ziqpxuvZYfqWbRHi9kIb5xhNc6RkdGHcBH0W"},"_chains":{"Ba0qMCNPrDJXxQ8iYhAxXzfiIoClyxvZSn1wdLZYJM8Z":{"chainKey":{"counter":0,"key":"UsU5aOLx7n9F83pxO2LraUKMioESNocDBeTfjmMwFoc="},"chainType":1,"messageKeys":{}}},"pendingPreKey":{"signedKeyId":1,"baseKey":"BZm75/6ZYbbXZYqnDFsvClNJQPcBeCi0c1U+bvOJu3Rh","preKeyId":961}}},"version":"v1"}