{"_sessions":{"BSWpxxM7qZ32eYiR1MIzgmeedko3uZqLRipAMDA2LDAB":{"registrationId":1376249507,"currentRatchet":{"ephemeralKeyPair":{"pubKey":"BU1/zmp16Vs0LjSE2bKlKLQ4MCW3lyVEmalfK3g0k9da","privKey":"qN12XQkOQBg29kusyFEB8xgEDa9JSSMZBu8bSmv87Hc="},"lastRemoteEphemeralKey":"BcQ5JKIK6Ib1T9a4LJK3Rwwc92tm5CU9d0EMbjJMRkB/","previousCounter":0,"rootKey":"Bc5qLhNuTdf/9IqGC8LHCWdaO5jAtOC8OUFWlE/1Rds="},"indexInfo":{"baseKey":"BSWpxxM7qZ32eYiR1MIzgmeedko3uZqLRipAMDA2LDAB","baseKeyType":1,"closed":1731669274997,"used":1731669260871,"created":1731669260871,"remoteIdentityKey":"BbqI28KJgqc0WbAEwG/ZByEpU1zK3oe6qq/aJVKxTRRG"},"_chains":{"BU1/zmp16Vs0LjSE2bKlKLQ4MCW3lyVEmalfK3g0k9da":{"chainKey":{"counter":0,"key":"l1+FdLfiH1CIjq2MC+JA5jzJtwD3VjIgV6ZShEXF3fY="},"chainType":1,"messageKeys":{}}},"pendingPreKey":{"signedKeyId":5,"baseKey":"BSWpxxM7qZ32eYiR1MIzgmeedko3uZqLRipAMDA2LDAB","preKeyId":5971165}},"BfXcHUyclcOjuib1htlBnsKNe+7p90bnua87CtuK0YZN":{"registrationId":1376249507,"currentRatchet":{"ephemeralKeyPair":{"pubKey":"BYhmhHAnqDIYFUBWbaFD9LH8EARi9+N5T2dTV89Mq9VD","privKey":"2DhmdoVNc34yAcuwsy4HuY1eJh+5kuW+i3Vz8tb6q38="},"lastRemoteEphemeralKey":"BYGb+ANljCIeuz0Xx1NxbS1yuJiU9V1Sph5Nq9kMhGcs","previousCounter":13,"rootKey":"StMgO1xLsjwhZq5HyC4wGrW13v4ILmuU6bnNePzwIDQ="},"indexInfo":{"baseKey":"BfXcHUyclcOjuib1htlBnsKNe+7p90bnua87CtuK0YZN","baseKeyType":1,"closed":-1,"used":1731850912786,"created":1731669274654,"remoteIdentityKey":"BbqI28KJgqc0WbAEwG/ZByEpU1zK3oe6qq/aJVKxTRRG"},"_chains":{"BVTdtsZyLyuK4arrhvf3mfxZKeJbBzdFaIbT9N/meF5P":{"chainKey":{"counter":0},"chainType":2,"messageKeys":{}},"BYGb+ANljCIeuz0Xx1NxbS1yuJiU9V1Sph5Nq9kMhGcs":{"chainKey":{"counter":0,"key":"e65069GDKQ0+4Svao61LCbroZkZVc+hsBum7QirRqZg="},"chainType":2,"messageKeys":{}},"BYhmhHAnqDIYFUBWbaFD9LH8EARi9+N5T2dTV89Mq9VD":{"chainKey":{"counter":22,"key":"NKcSTFo4qwC16omdXGJFLZc+/OmHJppqvwezrkYOjj0="},"chainType":1,"messageKeys":{}}}}},"version":"v1"}