{"_sessions":{"BYc66KaV9EcEQBxiDeMeW0KGVWDuwVZLfKimGHeQYjtw":{"registrationId":1113280586,"currentRatchet":{"ephemeralKeyPair":{"pubKey":"BS4l9DDhCsXlyc42BjsoWKcP2TpNwKZJPIGpETiDaPgS","privKey":"YHQXk487Ei3vqMyHrb89YIYi1X69hyGi/fSH8tweOk8="},"lastRemoteEphemeralKey":"BcHFDBxsJ9xvGPmHESbLNMqJtHpL3RN+tDwJ23WRhQAi","previousCounter":0,"rootKey":"lp8Q80jbze+EC4BMGbl54ySV9tfjgxLYa6SqTpTQ8a0="},"indexInfo":{"baseKey":"BYc66KaV9EcEQBxiDeMeW0KGVWDuwVZLfKimGHeQYjtw","baseKeyType":1,"closed":-1,"used":1731675016764,"created":1731675016764,"remoteIdentityKey":"BU2odJv72NbxYTbTkxIiAnJpeN765kLnW34+Qog3qk5b"},"_chains":{"BS4l9DDhCsXlyc42BjsoWKcP2TpNwKZJPIGpETiDaPgS":{"chainKey":{"counter":0,"key":"tOfFHDTI49znhr1ZCj6ThBOM6VyspFClAZdST/CHSQw="},"chainType":1,"messageKeys":{}}},"pendingPreKey":{"signedKeyId":14,"baseKey":"BYc66KaV9EcEQBxiDeMeW0KGVWDuwVZLfKimGHeQYjtw","preKeyId":1010399}}},"version":"v1"}