{"_sessions":{"BT12pro3GNwhFdqWoGc7M24i3KeDLK+ILU9AsJEyZvJd":{"registrationId":149218973,"currentRatchet":{"ephemeralKeyPair":{"pubKey":"BXO3njPiSy8NDTFj7s4mZ/bI/R3Gr/W/xx8WsHKO8sUy","privKey":"cB/WlbpqOqIWZGddyi1Nwq7N6x0MAOMCafJT7OW1F1I="},"lastRemoteEphemeralKey":"Bdd4mmn4jrMzZtsw2SkiOuEYrpxF7bKY4+wU7XnZbeYg","previousCounter":0,"rootKey":"OzKZhrOQs4nQXX224yEDyv0AMAbtlTb79dhd3LnXspY="},"indexInfo":{"baseKey":"BT12pro3GNwhFdqWoGc7M24i3KeDLK+ILU9AsJEyZvJd","baseKeyType":2,"closed":-1,"used":1731857490008,"created":1731857490008,"remoteIdentityKey":"BcV9iUpTXgmyWf7r9IONtj4vfrg7f8zKTlY67JHWeMAA"},"_chains":{"Bdd4mmn4jrMzZtsw2SkiOuEYrpxF7bKY4+wU7XnZbeYg":{"chainKey":{"counter":0,"key":"KBzqA4DEcIYob29CRRQRGquuJOlchVxP+MY89V9B8Z8="},"chainType":2,"messageKeys":{}},"BXO3njPiSy8NDTFj7s4mZ/bI/R3Gr/W/xx8WsHKO8sUy":{"chainKey":{"counter":-1,"key":"/AL9NV2eX1zIok00QFCNeFpbP4/NUAWAjQMDYHhlnF0="},"chainType":1,"messageKeys":{}}}}},"version":"v1"}