{"_sessions":{"BRFLfIiObQWpYePcl8qZCg7C/Kx2/GZyNhQmpEX72kEr":{"registrationId":19021405,"currentRatchet":{"ephemeralKeyPair":{"pubKey":"BWOa3r6X7AOlWKB/+e4Vj68R/4WA1khLsFTpQbUkgxkA","privKey":"WPwn3HWYUwYEAIhYnGEvInKZvxpoOBbnI1/l+eKiRV8="},"lastRemoteEphemeralKey":"BZdBU4/pqcNa4hd5OtHiLL3IbuGxv7BWoO/zKzup7/Za","previousCounter":0,"rootKey":"jYCLNRD2k1+Vk2QgTNkUZknALQJz7O+CvxPseQSOVZ0="},"indexInfo":{"baseKey":"BRFLfIiObQWpYePcl8qZCg7C/Kx2/GZyNhQmpEX72kEr","baseKeyType":1,"closed":1731669274882,"used":1731669259172,"created":1731669259172,"remoteIdentityKey":"BWTBuS86q+BPVhhhPUifC8NnUwX12v9ZWlUSmyUZ3wga"},"_chains":{"BWOa3r6X7AOlWKB/+e4Vj68R/4WA1khLsFTpQbUkgxkA":{"chainKey":{"counter":0,"key":"ZaTlTiacoPOx77VOCyGk6Jz7gFsDBT8nZ06loPVKLck="},"chainType":1,"messageKeys":{}}},"pendingPreKey":{"signedKeyId":3,"baseKey":"BRFLfIiObQWpYePcl8qZCg7C/Kx2/GZyNhQmpEX72kEr","preKeyId":8977748}},"BZF+5iHlnGizgtkaLh6TneqNkD0hpUwKEn62z7RWrDhc":{"registrationId":19021405,"currentRatchet":{"ephemeralKeyPair":{"pubKey":"BR76Y6UD99hZaFBRHEdA3LoRApufj5Z9I09tzzy6ufNk","privKey":"ULVoWQdR+AOIslA7U9UGhQxBwjjsIJEJzrWl+Zibz0U="},"lastRemoteEphemeralKey":"BdruftYJxyUIju+e+K4+Cd5dMfohKvijINFSvSjH5e10","previousCounter":40,"rootKey":"c9cR11Jr6nu6Dy+fAa7S/R9/NrkumftXuVx11cNmID8="},"indexInfo":{"baseKey":"BZF+5iHlnGizgtkaLh6TneqNkD0hpUwKEn62z7RWrDhc","baseKeyType":1,"closed":-1,"used":1732023646410,"created":1731669273061,"remoteIdentityKey":"BWTBuS86q+BPVhhhPUifC8NnUwX12v9ZWlUSmyUZ3wga"},"_chains":{"Bf8ZsQftVR14cBA3qWSfiCovCHg+z6osITNxH4lozedu":{"chainKey":{"counter":0},"chainType":2,"messageKeys":{}},"BdruftYJxyUIju+e+K4+Cd5dMfohKvijINFSvSjH5e10":{"chainKey":{"counter":0,"key":"o6IesZ+x6F2ZJPy9KKwacTYigAyWj/y9Te68VzICfH8="},"chainType":2,"messageKeys":{}},"BR76Y6UD99hZaFBRHEdA3LoRApufj5Z9I09tzzy6ufNk":{"chainKey":{"counter":1,"key":"6vNQcSIn5vMf/Qzd38zh6/p3az3FnNUw5cKV/hZx3oQ="},"chainType":1,"messageKeys":{}}}}},"version":"v1"}