{"_sessions":{"BUjfsm03aaIDF0gqIT27gqwjABkOrcIV4hGqnpA+RWl7":{"registrationId":447815309,"currentRatchet":{"ephemeralKeyPair":{"pubKey":"BQizAUTq7tfjpwkEtOpqqPoVK1pyHd4//zc8ywoeHP1Y","privKey":"mBG3YpH+kJ+l50WG0oeJADTskJSxoCU/Antf15zQgVA="},"lastRemoteEphemeralKey":"BWEB/Vtk7+QdHCgtPjefBjG+lcaPGFoPJqU6l0tA2+gf","previousCounter":0,"rootKey":"YA3lwvddYsagMxZBodZywE5f7s9t2vW5XsfWtmacjB8="},"indexInfo":{"baseKey":"BUjfsm03aaIDF0gqIT27gqwjABkOrcIV4hGqnpA+RWl7","baseKeyType":1,"closed":-1,"used":1731973481914,"created":1731676607390,"remoteIdentityKey":"BVa7FLESWT2GX4DR62wuFd6offI39C2Hq2zmLlBgCEFF"},"_chains":{"BWEB/Vtk7+QdHCgtPjefBjG+lcaPGFoPJqU6l0tA2+gf":{"chainKey":{"counter":4,"key":"9NLbbnFf5Ym3/KHRLpg9jFC25k9yS/Uq12QqvSX9uFU="},"chainType":2,"messageKeys":{}},"BQizAUTq7tfjpwkEtOpqqPoVK1pyHd4//zc8ywoeHP1Y":{"chainKey":{"counter":-1,"key":"I/rawoneaMOh2oKWeol+4RcPYm4gSNREavgqAAdbBTI="},"chainType":1,"messageKeys":{}}}}},"version":"v1"}