{"_sessions":{"BRTJQEg665Qf4/HImRiekfQFJ4WLTZJmEs93CGT3+qQi":{"registrationId":461474742,"currentRatchet":{"ephemeralKeyPair":{"pubKey":"BSBtiFQaJk64KxvsqBy9VsLJyZ0FoRo3dw6Qaz2U37w9","privKey":"qIPMSNaTrTx1Eawg+usU2VpmauNn9bD0sUZo4+xTg04="},"lastRemoteEphemeralKey":"BYYMlYmgF5utmgHe+UxhXbVaUlclYGA4fADirSOle2wY","previousCounter":0,"rootKey":"r2+oW5e3oA00Qu4ff01XMdfgTR/rXFKAiP4KgeKQyuE="},"indexInfo":{"baseKey":"BRTJQEg665Qf4/HImRiekfQFJ4WLTZJmEs93CGT3+qQi","baseKeyType":1,"closed":-1,"used":1731787255925,"created":1731787255925,"remoteIdentityKey":"BcEeDU4D1u8Q2/l3PjqV5BM8PggjeHZ1+GUfegEAlcIA"},"_chains":{"BSBtiFQaJk64KxvsqBy9VsLJyZ0FoRo3dw6Qaz2U37w9":{"chainKey":{"counter":0,"key":"gMho/+u+C7dCco33MrDCNdwyCRbjgBlH2GulVvDWvRQ="},"chainType":1,"messageKeys":{}}},"pendingPreKey":{"signedKeyId":49,"baseKey":"BRTJQEg665Qf4/HImRiekfQFJ4WLTZJmEs93CGT3+qQi","preKeyId":14228531}}},"version":"v1"}