{"_sessions":{"BUlnpiNep50z+REJrmT/R3dewWLfJl9F16I1Ig+YykMV":{"registrationId":891948209,"currentRatchet":{"ephemeralKeyPair":{"pubKey":"BSDQTHi5vgh/EYbRKQ3aRMuY4Kkd9E6CYOaZ2sIpvPYw","privKey":"4KoSx+LA+t1j3S4sOswhWeb59/acLgXWGS1c45L3RlY="},"lastRemoteEphemeralKey":"BbjHyntG8SYwPvzzLV1hspkqShjTzB+1b6hHkk/vaJQ4","previousCounter":0,"rootKey":"4QsDXbBSY6qrEBI9Nie1mB6huIQ633PkSSJbHgdGGWU="},"indexInfo":{"baseKey":"BUlnpiNep50z+REJrmT/R3dewWLfJl9F16I1Ig+YykMV","baseKeyType":1,"closed":1731669274824,"used":1731669258100,"created":1731669258100,"remoteIdentityKey":"BbD7MT9k7s8jKYoMHxE7qP4uIg1M6nZ2DHoNouSPJGtB"},"_chains":{"BSDQTHi5vgh/EYbRKQ3aRMuY4Kkd9E6CYOaZ2sIpvPYw":{"chainKey":{"counter":0,"key":"ycY+IKWGuDYQyu1v/wT0+fomHhRh1CqdgLDcEEK5Wr0="},"chainType":1,"messageKeys":{}}},"pendingPreKey":{"signedKeyId":2,"baseKey":"BUlnpiNep50z+REJrmT/R3dewWLfJl9F16I1Ig+YykMV","preKeyId":898341}},"BWHY5aJ/4Xjf7xP2tlTMLaFWyK3FG0GJMOGF9n2OTp5X":{"registrationId":891948209,"currentRatchet":{"ephemeralKeyPair":{"pubKey":"BX4+IM2VS31XOic4vmf2ngRZoS11NpgqWj6uOPaE7qc/","privKey":"oKxOGllmKGlwNWnVtoKPwdH6XzgAQ/zQ6ZXA40jCqXA="},"lastRemoteEphemeralKey":"BQqdHJxuzkLlnkM3k9kHte9GyxmM/E0e3ygC83MyYuQh","previousCounter":14,"rootKey":"kjwoXjAoyVSE7zUQqXtuEc5fgRAhs+PMpUIVj4IB4C4="},"indexInfo":{"baseKey":"BWHY5aJ/4Xjf7xP2tlTMLaFWyK3FG0GJMOGF9n2OTp5X","baseKeyType":1,"closed":-1,"used":1731924065842,"created":1731669272004,"remoteIdentityKey":"BbD7MT9k7s8jKYoMHxE7qP4uIg1M6nZ2DHoNouSPJGtB"},"_chains":{"BS0fNW6tjB3jHLKTH8XPjgelPE927wnQkqh5cf5t8dVa":{"chainKey":{"counter":0},"chainType":2,"messageKeys":{}},"BdYPHWk+NxbrZ/keX0jOAAfHgf3/3x+EusINLLDAjvly":{"chainKey":{"counter":0},"chainType":2,"messageKeys":{}},"BQqdHJxuzkLlnkM3k9kHte9GyxmM/E0e3ygC83MyYuQh":{"chainKey":{"counter":0,"key":"VyutimDRlkX4V/7CR4j7SPaF9DHd22zD1I3i1d7EjXM="},"chainType":2,"messageKeys":{}},"BX4+IM2VS31XOic4vmf2ngRZoS11NpgqWj6uOPaE7qc/":{"chainKey":{"counter":17,"key":"xVXmqzLIPHo7AAFepk8O21GeTWWdL3Yvm15IzH8eU6M="},"chainType":1,"messageKeys":{}}}}},"version":"v1"}