{"_sessions":{"BeYjp4BfWLBZMc6cWTXTRAMSBM5NtHhFhjIPuESxUwQv":{"registrationId":1928571984,"currentRatchet":{"ephemeralKeyPair":{"pubKey":"BS9z0X8zfggE28gSrLZet/GhttS0TUusIDPHxppeGd0v","privKey":"UI7sVg3CB4WlWZJpBtvC6YIxvrFHI+h9p61dEnIb/2w="},"lastRemoteEphemeralKey":"BXzhaL7H5Bj9ig1s3hRsap9bcv27Z1f3XRL0I/eosoVA","previousCounter":4,"rootKey":"sLlyrOjVoXq8gASdmUmcKIr0K4cdbrWuaDa9oXduTYc="},"indexInfo":{"baseKey":"BeYjp4BfWLBZMc6cWTXTRAMSBM5NtHhFhjIPuESxUwQv","baseKeyType":1,"closed":-1,"used":1731858463579,"created":1731726364231,"remoteIdentityKey":"BQLan3H675WMNusuFlIyaxA1Pc4HRVNySbXlZlMoUyAJ"},"_chains":{"BXzhaL7H5Bj9ig1s3hRsap9bcv27Z1f3XRL0I/eosoVA":{"chainKey":{"counter":0,"key":"cCl/kL8ySbSl95po2zrhaRICvMNM0DXWZQZnGa9WcUY="},"chainType":2,"messageKeys":{}},"BS9z0X8zfggE28gSrLZet/GhttS0TUusIDPHxppeGd0v":{"chainKey":{"counter":2,"key":"0y7c1SFbdeaCaYmxz2TRVqs9ILSL4Tt3rd6e8ZQjpI4="},"chainType":1,"messageKeys":{}}}}},"version":"v1"}