{"_sessions":{"Bbba6ycVYITGjYUoDMMp8neqzJNhbouzij79JyEi1/5N":{"registrationId":1625355255,"currentRatchet":{"ephemeralKeyPair":{"pubKey":"BaRNxDQyc86Jnw+illSnqJddx6MdsGkVZ1JVuSQQQw9m","privKey":"kPElCSbBZfCi1u7Prk3yGDM+GDF9vN/GAS+azMB/0mU="},"lastRemoteEphemeralKey":"BSkAc15h2jcXc82W16x4w4eklJLDtQXmErsUype0xFhS","previousCounter":0,"rootKey":"lf44jcSO/4fKzsg13l+x0D3M8iQuwnmZQ0Yo4V1QT/A="},"indexInfo":{"baseKey":"Bbba6ycVYITGjYUoDMMp8neqzJNhbouzij79JyEi1/5N","baseKeyType":1,"closed":-1,"used":1731956511419,"created":1731956511419,"remoteIdentityKey":"BXuvCYqlLkgir7/bXBZDGoyeO1CoOop+XnkLP030FlJP"},"_chains":{"BaRNxDQyc86Jnw+illSnqJddx6MdsGkVZ1JVuSQQQw9m":{"chainKey":{"counter":8,"key":"EH0LhDJSxhWn2CWEA2dq3rzSVkngymNejA/Wbc/nyEo="},"chainType":1,"messageKeys":{}}},"pendingPreKey":{"signedKeyId":2,"baseKey":"Bbba6ycVYITGjYUoDMMp8neqzJNhbouzij79JyEi1/5N","preKeyId":527930}}},"version":"v1"}