{"_sessions":{"BQHBzC+2Oq4odbHqdIvB12h/fakULpgBUhx575sljyAi":{"registrationId":542635005,"currentRatchet":{"ephemeralKeyPair":{"pubKey":"BQN7fhHJSnrtYApglhow1lEP04SGAxLUjVgldNULCNUw","privKey":"UEiV9LMjBH0OqDJjLcYE2jLWc8fsOCT5naVxY4SiYkI="},"lastRemoteEphemeralKey":"BfsKTfSW3ZqTrG7gcwJjtzfVI3sHuXxRxKP+XbVLFHgv","previousCounter":0,"rootKey":"6ANy7TQmHHsIKavU8mYcNUZjJxKTElbIRihlAPsGrAg="},"indexInfo":{"baseKey":"BQHBzC+2Oq4odbHqdIvB12h/fakULpgBUhx575sljyAi","baseKeyType":2,"closed":-1,"used":1731795582033,"created":1731687956706,"remoteIdentityKey":"BepfiKs9IsTj8i/77FdwlCHFhpT/BfrYqdBipvX6RWkI"},"_chains":{"BYPuzxBa9hiAndJNtU9TVQgrxsUlwiHMy0SQXieH5FMk":{"chainKey":{"counter":0},"chainType":2,"messageKeys":{}},"BfsKTfSW3ZqTrG7gcwJjtzfVI3sHuXxRxKP+XbVLFHgv":{"chainKey":{"counter":0,"key":"v+XqVVjBKAwjmBZ+ZTerlRIivsiCuoEwXf8+KvdgREo="},"chainType":2,"messageKeys":{}},"BQN7fhHJSnrtYApglhow1lEP04SGAxLUjVgldNULCNUw":{"chainKey":{"counter":-1,"key":"tZH2hMi8C/CLSUp7CVv/xN2QdYY4DCa2Dp9oMsJsf2w="},"chainType":1,"messageKeys":{}}}}},"version":"v1"}