{"_sessions":{"BTCYD8tS7IjBi6rj6qN5+ZypeUxwEwfy+VUKRK23FKU2":{"registrationId":1448831205,"currentRatchet":{"ephemeralKeyPair":{"pubKey":"BU9ys7SaNBpGlL80Pih72Qy+Iwp4u+lgvxXB26sQvohB","privKey":"ANtorcBg4jOQoJ+zW+q/zd+oEOyTXgLFFcoArQr9iXw="},"lastRemoteEphemeralKey":"Bc9fkpvS7yJvmRfcuJ7qsE8Xwyotu7yqHe/NU06RyoBN","previousCounter":0,"rootKey":"k4EUZmnbg5vLvwyczfNlaaOuTEDdtYp2wKga5dm5qt0="},"indexInfo":{"baseKey":"BTCYD8tS7IjBi6rj6qN5+ZypeUxwEwfy+VUKRK23FKU2","baseKeyType":1,"closed":1731770226580,"used":1731770223585,"created":1731770223585,"remoteIdentityKey":"BacsfFHpl5EUnI25kKF1zb2SWP81blKKLOSoFE5IzilD"},"_chains":{"BU9ys7SaNBpGlL80Pih72Qy+Iwp4u+lgvxXB26sQvohB":{"chainKey":{"counter":0,"key":"xdmewDR/HU7UT9Eg3bN3kNfowyF3B4l4x7vsa7TNMys="},"chainType":1,"messageKeys":{}}},"pendingPreKey":{"signedKeyId":24,"baseKey":"BTCYD8tS7IjBi6rj6qN5+ZypeUxwEwfy+VUKRK23FKU2"}},"BbThTjpLi7tgQsaN4Rp1ZR9TBndl8FeYSJlqzJ9ST/Vc":{"registrationId":1448831205,"currentRatchet":{"ephemeralKeyPair":{"pubKey":"BfEI1gJ2Pqn44Ynet8ubF43SsRGgt897IesTPAa0F5gw","privKey":"qPYclhTuiQMOjhmH0tSqiWShVKE2moqzpgd9kRNNblk="},"lastRemoteEphemeralKey":"Bc9fkpvS7yJvmRfcuJ7qsE8Xwyotu7yqHe/NU06RyoBN","previousCounter":0,"rootKey":"ANSZsk81UGukRDDxdY+ad6VFqCGpeMNCQa7p8HuooXM="},"indexInfo":{"baseKey":"BbThTjpLi7tgQsaN4Rp1ZR9TBndl8FeYSJlqzJ9ST/Vc","baseKeyType":1,"closed":-1,"used":1731770226452,"created":1731770226452,"remoteIdentityKey":"BacsfFHpl5EUnI25kKF1zb2SWP81blKKLOSoFE5IzilD"},"_chains":{"BfEI1gJ2Pqn44Ynet8ubF43SsRGgt897IesTPAa0F5gw":{"chainKey":{"counter":0,"key":"mwDj6bC3taLutb7pNr90Ph8xqv9AEO02yT1QRk7Gr/k="},"chainType":1,"messageKeys":{}}},"pendingPreKey":{"signedKeyId":24,"baseKey":"BbThTjpLi7tgQsaN4Rp1ZR9TBndl8FeYSJlqzJ9ST/Vc"}}},"version":"v1"}