{"_sessions":{"BfT55WWTxM4Pfoz8DYm+yk5zVS0gmjkEjrbSUogJhYA8":{"registrationId":606542957,"currentRatchet":{"ephemeralKeyPair":{"pubKey":"BVme6g6Ch3RpbtsLTI65K1iCDBVwQDD89BnkzJAjV+J7","privKey":"oK0+0sE9li4NdTn6mVVLcacLIiWbSl449ag0oNnFVns="},"lastRemoteEphemeralKey":"Bep4tD4TBx863vzAJiAmVMRBaMXPf0P6YfnTgmIBw0lV","previousCounter":0,"rootKey":"qyIrrzEvbyuDHyXTDJ9ZfLCi9lS+K3DNAbL8RcRACwo="},"indexInfo":{"baseKey":"BfT55WWTxM4Pfoz8DYm+yk5zVS0gmjkEjrbSUogJhYA8","baseKeyType":1,"closed":-1,"used":1731761519212,"created":1731761519212,"remoteIdentityKey":"BWlphE5b6xuYp6pGrXLK37laRI95Ls6blzbb69yoBkMA"},"_chains":{"BVme6g6Ch3RpbtsLTI65K1iCDBVwQDD89BnkzJAjV+J7":{"chainKey":{"counter":2,"key":"SdpGi4hvHvs1FnwcsV6d+lN6WpkOc3EqJwFOspqwZEY="},"chainType":1,"messageKeys":{}}},"pendingPreKey":{"signedKeyId":1,"baseKey":"BfT55WWTxM4Pfoz8DYm+yk5zVS0gmjkEjrbSUogJhYA8","preKeyId":2354866}}},"version":"v1"}