{"_sessions":{"BdosHlZPtlWZL0AVW06Tgpb2G03V5n/uVmoW4gQwi/UJ":{"registrationId":1652389209,"currentRatchet":{"ephemeralKeyPair":{"pubKey":"BYaMP3fDOrtUF+G+TJWa0fNO3gVANTPvbbVGNdXav9Jm","privKey":"CPYaCptGEqx/hjimpY/ZPDlKmblliSY014eAwzsEwVg="},"lastRemoteEphemeralKey":"BRgWYlVnxPBAJtpsieoEM5+bB0zSsxG7YBdcodgyUoIK","previousCounter":0,"rootKey":"AMohokwNiHVK8uz712kdN94kVqYjEyNpNx8IG2dIDEw="},"indexInfo":{"baseKey":"BdosHlZPtlWZL0AVW06Tgpb2G03V5n/uVmoW4gQwi/UJ","baseKeyType":1,"closed":-1,"used":1731707442980,"created":1731707442980,"remoteIdentityKey":"BYr73cY+tI48FPAietcOZ3HiVMAbTsW0CCMBbnz53KIE"},"_chains":{"BYaMP3fDOrtUF+G+TJWa0fNO3gVANTPvbbVGNdXav9Jm":{"chainKey":{"counter":1,"key":"rWQU0tjLIamw1ECK+LEvEuivoOY1UVV9+WVqM69e+8Q="},"chainType":1,"messageKeys":{}}},"pendingPreKey":{"signedKeyId":5,"baseKey":"BdosHlZPtlWZL0AVW06Tgpb2G03V5n/uVmoW4gQwi/UJ","preKeyId":4087883}}},"version":"v1"}