{"_sessions":{"Bf7tQY0Vcj1FFhF7Wib5CJAFmQMZ2wnSAU9LGd7L0zQL":{"registrationId":1064979672,"currentRatchet":{"ephemeralKeyPair":{"pubKey":"BQM9q/QgKtyPAmmz2kFXRxA2EE/gS6czc69bRJ5oeFdD","privKey":"mI+Z9T7n+Z/kMvs8XBGZgucwt4ZBL/FBnJNVRdjvA30="},"lastRemoteEphemeralKey":"BTw+ZkSW2lF7TJ/o3TD+ir6sm9jNfDeDcUlZgwAVNPYl","previousCounter":1,"rootKey":"xd3j4CcEJglSOWBXyPCv1a9GCePXmvrJc2SXHr9WMZ8="},"indexInfo":{"baseKey":"Bf7tQY0Vcj1FFhF7Wib5CJAFmQMZ2wnSAU9LGd7L0zQL","baseKeyType":1,"closed":-1,"used":1731892777134,"created":1731726364461,"remoteIdentityKey":"Bd9P9vzT68h41Yi67OCsPRJmSqii0+VV/gKyHAQx9clt"},"_chains":{"BVyM/ouxKIrJQUoXn9AikOlOjWnqzysjm9sEiAdA9LUn":{"chainKey":{"counter":0},"chainType":2,"messageKeys":{}},"BTw+ZkSW2lF7TJ/o3TD+ir6sm9jNfDeDcUlZgwAVNPYl":{"chainKey":{"counter":0,"key":"/dG3qAQgAGcRU3Rj923PYyPVGC6C1TfCOs8fnIr55T0="},"chainType":2,"messageKeys":{}},"BQM9q/QgKtyPAmmz2kFXRxA2EE/gS6czc69bRJ5oeFdD":{"chainKey":{"counter":2,"key":"F1WuFvlf/rorObhb8bFnGjb4GqO0rjLDnyBQ3VUz39E="},"chainType":1,"messageKeys":{}}}}},"version":"v1"}