{"_sessions":{"BXrxZTCU+EgyLrFb7VdQT6wsGbChlabQmWcR8kZIZ5QH":{"registrationId":3981,"currentRatchet":{"ephemeralKeyPair":{"pubKey":"BfABiwfkXikbW3/8XHKBVqn1IulQfU8qqzVTyqnM1TxJ","privKey":"WHL7ScHXx7xUA6WSm4qC7XWLrR49LyqMhHRAr3C3b0k="},"lastRemoteEphemeralKey":"BaV7i1FWGJ63PX3rfJ3ndNNIxnbIrmvfZTkCotfpAulo","previousCounter":0,"rootKey":"3MfmGz1ibMkg5G14xLLgb+BVMcWyEWxIG7P1fFch5yQ="},"indexInfo":{"baseKey":"BXrxZTCU+EgyLrFb7VdQT6wsGbChlabQmWcR8kZIZ5QH","baseKeyType":1,"closed":1731669274792,"used":1731669257770,"created":1731669257770,"remoteIdentityKey":"BVWLheD7A3YCbEBeWfRXZGi25aukFiAtMkoU41SFCyJJ"},"_chains":{"BfABiwfkXikbW3/8XHKBVqn1IulQfU8qqzVTyqnM1TxJ":{"chainKey":{"counter":0,"key":"0U3Xz9suk4RcUAMXXuDbc/FxVpw/B6vjzXlVhNzCYg8="},"chainType":1,"messageKeys":{}}},"pendingPreKey":{"signedKeyId":1,"baseKey":"BXrxZTCU+EgyLrFb7VdQT6wsGbChlabQmWcR8kZIZ5QH"}},"Bekz3mvQBZbFHWYjXgrG6uKRa8Bd9A/0EfjNvi9mzNoJ":{"registrationId":3981,"currentRatchet":{"ephemeralKeyPair":{"pubKey":"BSyUFUsRcNE4JRjODg6xmTLxG5Mleip8oYet1M9OiVkQ","privKey":"uMWwANwz+5Up0uZauonhHXzHTpiCaWf7eQ89mepwx3Q="},"lastRemoteEphemeralKey":"BaV7i1FWGJ63PX3rfJ3ndNNIxnbIrmvfZTkCotfpAulo","previousCounter":0,"rootKey":"XNf4mzrwTxcczzT/BD/Zz3OQCQgRJ3Z+/H7R7ReXHzU="},"indexInfo":{"baseKey":"Bekz3mvQBZbFHWYjXgrG6uKRa8Bd9A/0EfjNvi9mzNoJ","baseKeyType":1,"closed":-1,"used":1731669271645,"created":1731669271645,"remoteIdentityKey":"BVWLheD7A3YCbEBeWfRXZGi25aukFiAtMkoU41SFCyJJ"},"_chains":{"BSyUFUsRcNE4JRjODg6xmTLxG5Mleip8oYet1M9OiVkQ":{"chainKey":{"counter":64,"key":"gXGmdh0EkrMSQk9RQ1BjjOMN3rlqmUA9Fk7mT4+Pmqo="},"chainType":1,"messageKeys":{}}},"pendingPreKey":{"signedKeyId":1,"baseKey":"Bekz3mvQBZbFHWYjXgrG6uKRa8Bd9A/0EfjNvi9mzNoJ"}}},"version":"v1"}