{"_sessions":{"BRTdZeIdeoecnmV57op+SzRDOX5rPMx5y1WTtTrK6ZoB":{"registrationId":1355350703,"currentRatchet":{"ephemeralKeyPair":{"pubKey":"BdeLYU748CW8wUkzOSySsw2vnbVZbNczasFUUE7QwX4D","privKey":"iHRl/DNI8WRSNJEreiJeQBukiO0PSA8hUGPtyyj7NFc="},"lastRemoteEphemeralKey":"BbQViNLeb3Sk1+J+itqJRIwP2ZykGd7q6aucV3rQY38S","previousCounter":0,"rootKey":"UDkUlSGVl2WjYU4VW0c7y53c2HJDsaDl5zO4rJPJfNg="},"indexInfo":{"baseKey":"BRTdZeIdeoecnmV57op+SzRDOX5rPMx5y1WTtTrK6ZoB","baseKeyType":1,"closed":-1,"used":1731979518261,"created":1731979518261,"remoteIdentityKey":"BcStXuQgR3paSOkZ4txY9kWwYqib8BQw6nnspcIU0+sX"},"_chains":{"BdeLYU748CW8wUkzOSySsw2vnbVZbNczasFUUE7QwX4D":{"chainKey":{"counter":2,"key":"9lHaSdCHPfImrYcA7MCa+iRYhFnLQ3oHJtAU4uvJF50="},"chainType":1,"messageKeys":{}}},"pendingPreKey":{"signedKeyId":1,"baseKey":"BRTdZeIdeoecnmV57op+SzRDOX5rPMx5y1WTtTrK6ZoB","preKeyId":363}}},"version":"v1"}