{"_sessions":{"BV53mnRLUrfmxHaaBODP+DAx7MI605VH/IAX+d8qLekZ":{"registrationId":68447717,"currentRatchet":{"ephemeralKeyPair":{"pubKey":"BXcwQDgQKftCT3iABLNjTudCB7KLROxXZWWrBsbfcstk","privKey":"CPYTkIEGmPiK3fwbxzKXg8SuFHevR+j6OmFwEMujQEk="},"lastRemoteEphemeralKey":"BUqgBNM2fdRQDPdb3NIj7q+mGpDqLgYGStBeY7lkqPM2","previousCounter":0,"rootKey":"mPhmP1yNNUq3hHqmJIxJ0MbU4mFCydRVxVhTMb8noJ8="},"indexInfo":{"baseKey":"BV53mnRLUrfmxHaaBODP+DAx7MI605VH/IAX+d8qLekZ","baseKeyType":2,"closed":-1,"used":1731891706053,"created":1731891706053,"remoteIdentityKey":"BaacwO0cyo8SjmnoMLgdJdcu5XSPKVdKRl0PWTT9ZSNL"},"_chains":{"BUqgBNM2fdRQDPdb3NIj7q+mGpDqLgYGStBeY7lkqPM2":{"chainKey":{"counter":0,"key":"rEr6saMe+ZYULslDeajpOv/cV95zVT+Oj3ZtYrjpFKs="},"chainType":2,"messageKeys":{}},"BXcwQDgQKftCT3iABLNjTudCB7KLROxXZWWrBsbfcstk":{"chainKey":{"counter":-1,"key":"4r2U+9lYA8h3k2hKU5Iqb9r5vHlQCHngPPtO+TyImfI="},"chainType":1,"messageKeys":{}}}}},"version":"v1"}