{"_sessions":{"BbkU1AQPB+F9d04J5MvLkUTxsL06bIq9dxYoD2Vo02EM":{"registrationId":1986793619,"currentRatchet":{"ephemeralKeyPair":{"pubKey":"BactqC2jq+MKYsR7l6uDC0p9lFOYEr4FgA7eXb4P5AYy","privKey":"YO6U9egt8SeypGL/DzlRYMOzDVdmA5cw6Mx/QoTUO00="},"lastRemoteEphemeralKey":"BZgWoK7fFuj20e476JL7wVVHz3KXP0e/8I5s5Kdo62I8","previousCounter":3,"rootKey":"s+3nd+VAFzkvQGNYNaI9aEhH7NhJboB/TZ/b6rc7Zmo="},"indexInfo":{"baseKey":"BbkU1AQPB+F9d04J5MvLkUTxsL06bIq9dxYoD2Vo02EM","baseKeyType":2,"closed":-1,"used":1731678625838,"created":1731669003655,"remoteIdentityKey":"BcFMQjsXG6jfEE0kL0sdR2phLJvc897W4QknT3miNR4g"},"_chains":{"BfXEk1xdVqQ8iDg+eXAv3SNqkbkR2JHme8f4ZQpVxM4P":{"chainKey":{"counter":0},"chainType":2,"messageKeys":{}},"BdkycM6r88d0P663TQdJuMFzQwUoIxX7gnNEZLs7OmlI":{"chainKey":{"counter":0},"chainType":2,"messageKeys":{}},"BZgWoK7fFuj20e476JL7wVVHz3KXP0e/8I5s5Kdo62I8":{"chainKey":{"counter":1,"key":"5vPBcwsmioYDJ6jDK5dH24F2YZ67yX+2FyuIaiIp2a0="},"chainType":2,"messageKeys":{"0":"IRowcpNuKkQaAEtAojMdQ5JpllIJ10L7dK1WsELOxRs="}},"BactqC2jq+MKYsR7l6uDC0p9lFOYEr4FgA7eXb4P5AYy":{"chainKey":{"counter":3,"key":"oj8e1pqQ8EsoppDWEOn1vsJjF+PBb/9G+9nTAob/1Gs="},"chainType":1,"messageKeys":{}}}}},"version":"v1"}