{"_sessions":{"BQrVCMc6chd6alLTaPybsmZFC6RLxcC0eBuJ76k6arMP":{"registrationId":1673067470,"currentRatchet":{"ephemeralKeyPair":{"pubKey":"BU0uE/XY7l4vEhkBHkvVXNBwIcd/ERfodhDvZIxzfcdb","privKey":"GC6u3QuqMpbTLLWzbov2CciTn5/p2zUtV5BRZZuCal4="},"lastRemoteEphemeralKey":"Bf1nZtMrVw+1d2SX7Tc8b2XGocKS9IXUxvP6YKHid59o","previousCounter":0,"rootKey":"nyor93GbRYIotBt7MfxQCV/7cwk/J5z+QFFum+lfxtw="},"indexInfo":{"baseKey":"BQrVCMc6chd6alLTaPybsmZFC6RLxcC0eBuJ76k6arMP","baseKeyType":1,"closed":-1,"used":1731696554013,"created":1731696554013,"remoteIdentityKey":"BYhSDULjbsv4hxgEVgu6PX373tgSnuoMRZ01wZcbsutD"},"_chains":{"BU0uE/XY7l4vEhkBHkvVXNBwIcd/ERfodhDvZIxzfcdb":{"chainKey":{"counter":1,"key":"uDk8JTC20SLYulwqisb4T0cA9ym32uNszTJ3woGRukI="},"chainType":1,"messageKeys":{}}},"pendingPreKey":{"signedKeyId":22,"baseKey":"BQrVCMc6chd6alLTaPybsmZFC6RLxcC0eBuJ76k6arMP","preKeyId":13842330}}},"version":"v1"}