{"_sessions":{"Bb2M7zyPLgHJrVy8y+54B/81nr2d73REN3Qs1+o2fMZj":{"registrationId":118,"currentRatchet":{"ephemeralKeyPair":{"pubKey":"Bbuz3AeaMg6t93MRF6x4aSHR5ufoNZmBPgHjDGmBKR5H","privKey":"cLFBC0BzJUkQ6C9y8Nwhp5cSi0zrtSaal/F1tH7ty3o="},"lastRemoteEphemeralKey":"BQPSN6ZeZsMOk6OGC3wX9cAwoyIHGy2PUk+H5i6/HLo3","previousCounter":0,"rootKey":"bOSR22ORwP9N/jnCQrciVXrCRbNL2mQmnz9zHsp8ziE="},"indexInfo":{"baseKey":"Bb2M7zyPLgHJrVy8y+54B/81nr2d73REN3Qs1+o2fMZj","baseKeyType":1,"closed":1731770226544,"used":1731770223014,"created":1731770223014,"remoteIdentityKey":"Ba43scDzcQpGjNgY2EjT2IWtS73m0I3WZSG96zzSZAM2"},"_chains":{"Bbuz3AeaMg6t93MRF6x4aSHR5ufoNZmBPgHjDGmBKR5H":{"chainKey":{"counter":0,"key":"6FapVyCn3yg4L6bPxG6dkqoCUP1HWUbUvO8+zQ1Gchw="},"chainType":1,"messageKeys":{}}},"pendingPreKey":{"signedKeyId":1,"baseKey":"Bb2M7zyPLgHJrVy8y+54B/81nr2d73REN3Qs1+o2fMZj","preKeyId":1446}},"BTMi1DMKA0ZAui3braoTjnU74+2dsmF4ct5Gy7Q7jAMW":{"registrationId":118,"currentRatchet":{"ephemeralKeyPair":{"pubKey":"BQP8xRMJi/fOzHnNTEcvPPXwN2Fao2MfBRRMkZgmGPVJ","privKey":"cN18cVdjVGx3XHEBMAY++Q4u2eISHc5M0xDdzSuhgUw="},"lastRemoteEphemeralKey":"BUd3vk5B9kiMFBCwdk7qIwtonC2Gbc2DMlTVUlRsnvA2","previousCounter":0,"rootKey":"Y/F921MLhoaPK2CASCP/kU6BNp/wVC/PgCGPOxIWPtE="},"indexInfo":{"baseKey":"BTMi1DMKA0ZAui3braoTjnU74+2dsmF4ct5Gy7Q7jAMW","baseKeyType":1,"closed":1731979152468,"used":1731965996174,"created":1731770225874,"remoteIdentityKey":"Ba43scDzcQpGjNgY2EjT2IWtS73m0I3WZSG96zzSZAM2"},"_chains":{"BUd3vk5B9kiMFBCwdk7qIwtonC2Gbc2DMlTVUlRsnvA2":{"chainKey":{"counter":7,"key":"u+4jwFdaY6SXh2ulV+XeYDyZKigbcyHGq4m/SUQQNcg="},"chainType":2,"messageKeys":{}},"BQP8xRMJi/fOzHnNTEcvPPXwN2Fao2MfBRRMkZgmGPVJ":{"chainKey":{"counter":-1,"key":"I2sDPoSE0nGUzXZe3oYpr5T2GuVYtLhtvgb0DLatj9g="},"chainType":1,"messageKeys":{}}}},"BdSHTwANVHEqd1ee2cCHUMa9UC/4Sy5neKGzh7Xup2My":{"registrationId":118,"currentRatchet":{"ephemeralKeyPair":{"pubKey":"BZCbCM/Xl8fUfgoikf2q6YkyYNFBNyrH4wbh/vvztyEt","privKey":"+LjtlEXLROtcq+/LqmDHjgCaexOHwE7bt1ZkQLtXc00="},"lastRemoteEphemeralKey":"BXPluq9I77o4M7DN+IbW3WoL0/V/Ma4HClkSTzBIYbJY","previousCounter":0,"rootKey":"goJYAjNfQcB4VCJ0whiINC3foxzFy4J0uKAVDmMtNlk="},"indexInfo":{"baseKey":"BdSHTwANVHEqd1ee2cCHUMa9UC/4Sy5neKGzh7Xup2My","baseKeyType":2,"closed":-1,"used":1731979152481,"created":1731979152481,"remoteIdentityKey":"Ba43scDzcQpGjNgY2EjT2IWtS73m0I3WZSG96zzSZAM2"},"_chains":{"BXPluq9I77o4M7DN+IbW3WoL0/V/Ma4HClkSTzBIYbJY":{"chainKey":{"counter":1,"key":"FhS8+MOYkFTX4Kx5Xs7XFBYPQgTiLh+rJjS7ZnzO0f0="},"chainType":2,"messageKeys":{}},"BZCbCM/Xl8fUfgoikf2q6YkyYNFBNyrH4wbh/vvztyEt":{"chainKey":{"counter":-1,"key":"1PpTPVRpRsonG9Vf7+uHKl1zyXP+Rhuw0+dMllX6PYA="},"chainType":1,"messageKeys":{}}}}},"version":"v1"}