{"_sessions":{"BZDHzSnQnxbAP2LT/CDpISKQO8QP1+r9/iPWYFuhSCQu":{"registrationId":1471963282,"currentRatchet":{"ephemeralKeyPair":{"pubKey":"Bbnty8HuiCMW/PVa4lHFswNW8oEJLCR0mee0YYfuO85H","privKey":"wCutLQhs2nKnqfUd2gPGEjm8ggRy3ilgmAAmStD3ilI="},"lastRemoteEphemeralKey":"BeTJltGEByg2YMeUehP52EC5gwUyacyccLwmh2HigHUD","previousCounter":0,"rootKey":"+B8/ayYKDakVrYIcmA8fkz6ppYLgsZ/L7jtLm9eE9tc="},"indexInfo":{"baseKey":"BZDHzSnQnxbAP2LT/CDpISKQO8QP1+r9/iPWYFuhSCQu","baseKeyType":1,"closed":1731669274995,"used":1731669260792,"created":1731669260792,"remoteIdentityKey":"BfIl57tsRCxqKQYQxwiPM4zw3xpU01udp1MY1DIzv30t"},"_chains":{"Bbnty8HuiCMW/PVa4lHFswNW8oEJLCR0mee0YYfuO85H":{"chainKey":{"counter":0,"key":"iBf0977O1Q2CnEuYHnIeIkTcxVFNOpwL/bin+KNjPpw="},"chainType":1,"messageKeys":{}}},"pendingPreKey":{"signedKeyId":7,"baseKey":"BZDHzSnQnxbAP2LT/CDpISKQO8QP1+r9/iPWYFuhSCQu","preKeyId":14992795}},"BSgUf7wExQlkfLYJ3LdNMIHeGAJX0KY/jDgm1T0sai0u":{"registrationId":1471963282,"currentRatchet":{"ephemeralKeyPair":{"pubKey":"BcuUTmqJ7aXGsJL9hZkdQADfJaJPBGFjhqHZur08SM1Q","privKey":"oBe+Dk/NTbNpf6fjSNWQ/sFIqkPMiBrM7XHGZnQFf2U="},"lastRemoteEphemeralKey":"BaBVBNoOIrpHcu+0+NFN7B0cjo1qjZubZFWRzPdYjaZZ","previousCounter":7,"rootKey":"nSfVnFqghsJvn+r7xUyrC3bEXK0Kh/k9EvXyFkXFTu0="},"indexInfo":{"baseKey":"BSgUf7wExQlkfLYJ3LdNMIHeGAJX0KY/jDgm1T0sai0u","baseKeyType":1,"closed":-1,"used":1732034994557,"created":1731669274587,"remoteIdentityKey":"BfIl57tsRCxqKQYQxwiPM4zw3xpU01udp1MY1DIzv30t"},"_chains":{"Bdh2OWtKPTEEtc/+8OckTyllhuP6Z5oXIMEJiqRRcXR4":{"chainKey":{"counter":0},"chainType":2,"messageKeys":{}},"BaBVBNoOIrpHcu+0+NFN7B0cjo1qjZubZFWRzPdYjaZZ":{"chainKey":{"counter":1,"key":"yMQH/IuPift8oZF+UPv7pu8UKux9+6XmmxOQwhN11dw="},"chainType":2,"messageKeys":{"0":"s7NUAMs9IuB47jk5/f3r6dcA0D0v96MiLdrvP2V+q5o="}},"BcuUTmqJ7aXGsJL9hZkdQADfJaJPBGFjhqHZur08SM1Q":{"chainKey":{"counter":-1,"key":"eyKNvTiU6zDiQSFRL3a0XWUdT5Cf3LCibsTifB1TIE0="},"chainType":1,"messageKeys":{}}}}},"version":"v1"}