{"_sessions":{"BYUu8a2RgE46SLc3y8BS+QTd/BEZ7SuRNQ+W4MJgg3V/":{"registrationId":1602551783,"currentRatchet":{"ephemeralKeyPair":{"pubKey":"BSHfDMoLNheN5EzaLdC8Qh7umrhL6/xzlgy0FPVuzj0l","privKey":"SPBcEr606rvuwZAHemqTMAMJdrujmwpnaYw1JiQKIEs="},"lastRemoteEphemeralKey":"BayyOnvv53AxoCJk+8XPq7EdxPfDhCneTZ+SqHTHdGti","previousCounter":0,"rootKey":"iqcQZtyaDPfNMjdbyKyVbE59nPBqLH1zhjzClnxXaVI="},"indexInfo":{"baseKey":"BYUu8a2RgE46SLc3y8BS+QTd/BEZ7SuRNQ+W4MJgg3V/","baseKeyType":1,"closed":1731669274974,"used":1731669260245,"created":1731669260245,"remoteIdentityKey":"BZ47nmaW1m5jjWhVG10xVGvu45v/n+y/WM93F+UArDMa"},"_chains":{"BSHfDMoLNheN5EzaLdC8Qh7umrhL6/xzlgy0FPVuzj0l":{"chainKey":{"counter":0,"key":"rwIkzZAwi5XuWt78njcmvzuqT+i4AEUD5LtrQuvHYWo="},"chainType":1,"messageKeys":{}}},"pendingPreKey":{"signedKeyId":2,"baseKey":"BYUu8a2RgE46SLc3y8BS+QTd/BEZ7SuRNQ+W4MJgg3V/","preKeyId":3118149}},"BRLeDf46kip4RZFrRip/j8wGAaHZAXUR5snbOVqrgrkX":{"registrationId":1602551783,"currentRatchet":{"ephemeralKeyPair":{"pubKey":"BcjE7OZpphIrxg4OSdd5hhdpTZoFKDpBJBbnJR2UiVNp","privKey":"kP/wEB5Jbl6TycIVsbzsYZAHfIO9s3KwWN3ueW15+0k="},"lastRemoteEphemeralKey":"BR1lkNx7Fa86iUCTAaU2lozXOlUW2pu3B7SmsCG1ELor","previousCounter":14,"rootKey":"poPL01bNNCrMii6Fqo9R3bjQO1wNXyqMFUzURAyIp8Q="},"indexInfo":{"baseKey":"BRLeDf46kip4RZFrRip/j8wGAaHZAXUR5snbOVqrgrkX","baseKeyType":1,"closed":-1,"used":1731924064718,"created":1731669274066,"remoteIdentityKey":"BZ47nmaW1m5jjWhVG10xVGvu45v/n+y/WM93F+UArDMa"},"_chains":{"BVo1KSQOPOIj3RBGNNgufzxqDZwllZoUN2z/U8xkjB9e":{"chainKey":{"counter":0},"chainType":2,"messageKeys":{}},"BVTuQEstjbTCJKaAi8YMjt9f8cWqsxH8869mpckhqj9U":{"chainKey":{"counter":0},"chainType":2,"messageKeys":{}},"BR1lkNx7Fa86iUCTAaU2lozXOlUW2pu3B7SmsCG1ELor":{"chainKey":{"counter":0,"key":"yzO3XwQkWKjbGO4hW50Rs3X424/CUcL1iQV7i0nlHPU="},"chainType":2,"messageKeys":{}},"BcjE7OZpphIrxg4OSdd5hhdpTZoFKDpBJBbnJR2UiVNp":{"chainKey":{"counter":8,"key":"Ku4I6vQ2mIRaYM4NssaDxOhE2w4+qgovYSuuQC+WNXQ="},"chainType":1,"messageKeys":{}}}}},"version":"v1"}