{"_sessions":{"Bdq4+yVjYgPqMbQaER/o9qyTQhqPD+N8fFlRJFNAC6Eo":{"registrationId":1511658228,"currentRatchet":{"ephemeralKeyPair":{"pubKey":"BYj1CIsLopFNUdsDxLehE93eXJZKNxhdiymXlpPvM3xa","privKey":"qG93pZBv+OrdqZeG6nmNkImfyJ/KnLfqDan2z6huKV0="},"lastRemoteEphemeralKey":"BWywnp6qmHHTRc7q4FseSYPauD8D+poEnYglR52NGvc2","previousCounter":0,"rootKey":"+oSP+5bjYZ8MzJUYcVdr4aQJY9QXYggVzvgeTDcI9Dg="},"indexInfo":{"baseKey":"Bdq4+yVjYgPqMbQaER/o9qyTQhqPD+N8fFlRJFNAC6Eo","baseKeyType":1,"closed":-1,"used":1731707442779,"created":1731707442779,"remoteIdentityKey":"BWkf97fxqFq6sEpbLeDRpV8lhdAWIwsIOQLjU8nfOmt8"},"_chains":{"BYj1CIsLopFNUdsDxLehE93eXJZKNxhdiymXlpPvM3xa":{"chainKey":{"counter":1,"key":"WGJsKB3UxzMW1JuXhPlM4XuksWn8MhyGTEWmdpaDaQs="},"chainType":1,"messageKeys":{}}},"pendingPreKey":{"signedKeyId":1,"baseKey":"Bdq4+yVjYgPqMbQaER/o9qyTQhqPD+N8fFlRJFNAC6Eo","preKeyId":149}}},"version":"v1"}