{"_sessions":{"BQrp0XHhKTBP9DS+PUz2oWAYpLcR7CA1z/NsOd//c4Qd":{"registrationId":771130984,"currentRatchet":{"ephemeralKeyPair":{"pubKey":"BdfKPNLI+hCNzsknQwP6ycwY9lAjXg1CUC5+2u9Zc7Ff","privKey":"ICg3LCCmdORAB2DFUihHtIZ5UMkhY3gP9Hykbftvm0o="},"lastRemoteEphemeralKey":"BQZ4I69bB6qMrj4nn6nsECrRHSXfDRm9wA2Rum19lv4B","previousCounter":1,"rootKey":"1VbZVHk1puAznby5ywr2KfqOBkiAVVZM0qU3X/qJE9k="},"indexInfo":{"baseKey":"BQrp0XHhKTBP9DS+PUz2oWAYpLcR7CA1z/NsOd//c4Qd","baseKeyType":1,"closed":-1,"used":1731975745454,"created":1731683223027,"remoteIdentityKey":"BVbDakxzbod+rIpaug7PCCHtjcWT2lJ/K9uiBKBjz2Nn"},"_chains":{"BdLalHtJbDVnf7IKbx/IzsABcBgyk3txx7CcL6Xz2TR6":{"chainKey":{"counter":2},"chainType":2,"messageKeys":{"1":"PXYP2hDUKOMTBg76SHKdLlWcsrrfLSopoQIoeoRAvVs=","2":"SWpRuamttg6a8AKvlP2s7h+zkNZFGxjGUVItAgjiXTE="}},"BQZ4I69bB6qMrj4nn6nsECrRHSXfDRm9wA2Rum19lv4B":{"chainKey":{"counter":2,"key":"BBttp0DXHCzbcQzaqvlBsxICIHwSapdALa4zsE/S7Tc="},"chainType":2,"messageKeys":{"1":"caeCylWxvdvQoxJXhs6ytZkdji4F7dCz46f9WB8ciy8="}},"BdfKPNLI+hCNzsknQwP6ycwY9lAjXg1CUC5+2u9Zc7Ff":{"chainKey":{"counter":-1,"key":"VFLoWtSzYaUaH87L45l0TPG8R3oBuRzIkhVaWozNmO0="},"chainType":1,"messageKeys":{}}}}},"version":"v1"}