{"_sessions":{"BbP5OrEba/47m8x6P3IVG0wcPSyCqAT0pXH4EPgl4xRp":{"registrationId":815661756,"currentRatchet":{"ephemeralKeyPair":{"pubKey":"BSocQfQLNNsqRIBXUXk2FGpFRg9d/AD5xJWZQqvUV3Ao","privKey":"mPDI3Q/5yAZx+IbU8MFR9WxiPLkllFgJioOjYpzZ63M="},"lastRemoteEphemeralKey":"BalMRbpxaSEg+9GkkkaYLGg0urLZ62TAA5JG6zNxT51E","previousCounter":0,"rootKey":"bDfjX+XzRanYVIgJCT2j+cbJpxtoPkzumgP6llOLb68="},"indexInfo":{"baseKey":"BbP5OrEba/47m8x6P3IVG0wcPSyCqAT0pXH4EPgl4xRp","baseKeyType":1,"closed":1731706638334,"used":1731706638006,"created":1731706638006,"remoteIdentityKey":"BViXmMU3ExtYzMwRCs8sGdvsFSxtlHEnoAtWMKAKkjUJ"},"_chains":{"BSocQfQLNNsqRIBXUXk2FGpFRg9d/AD5xJWZQqvUV3Ao":{"chainKey":{"counter":-1,"key":"bujBwwPw8kopyg+IaAanEQDwdfnurhVlXjIaQNhp1qk="},"chainType":1,"messageKeys":{}}},"pendingPreKey":{"signedKeyId":5,"baseKey":"BbP5OrEba/47m8x6P3IVG0wcPSyCqAT0pXH4EPgl4xRp","preKeyId":5214988}},"BQHvdP+6ybFjPb7pTcqeCYDnyVF2++u1bpcArSA0RKMm":{"registrationId":815661756,"currentRatchet":{"ephemeralKeyPair":{"pubKey":"BePY4ABAIKIUjvwtFjpcLJts/2gRhuNHjw6ktajZNb4k","privKey":"IDpynEu7UPqof/QJ4YkhNvAQax6Q0LUWyLrXEv/GPEw="},"lastRemoteEphemeralKey":"BalMRbpxaSEg+9GkkkaYLGg0urLZ62TAA5JG6zNxT51E","previousCounter":0,"rootKey":"NQ+2QlkKETgnWwM4OsokN8yHjgqfrcDCJS3KIw90XwM="},"indexInfo":{"baseKey":"BQHvdP+6ybFjPb7pTcqeCYDnyVF2++u1bpcArSA0RKMm","baseKeyType":1,"closed":1731706638699,"used":1731706638331,"created":1731706638331,"remoteIdentityKey":"BViXmMU3ExtYzMwRCs8sGdvsFSxtlHEnoAtWMKAKkjUJ"},"_chains":{"BePY4ABAIKIUjvwtFjpcLJts/2gRhuNHjw6ktajZNb4k":{"chainKey":{"counter":-1,"key":"X53FDXs0C5S//rA7aRj1LfAj9RY7azCNW1B4ITn4Tpw="},"chainType":1,"messageKeys":{}}},"pendingPreKey":{"signedKeyId":5,"baseKey":"BQHvdP+6ybFjPb7pTcqeCYDnyVF2++u1bpcArSA0RKMm","preKeyId":5214500}},"BdPkVvxLBdCqlZxXWojEa8OpkE0Ff8TevXK2eFJ3/Tw2":{"registrationId":815661756,"currentRatchet":{"ephemeralKeyPair":{"pubKey":"BZuNBQAkRpsOM9JLOqG+r9kQ7PXltBM27ucgGfS6txAw","privKey":"wJ3BKelfpFjsxszzxM0EjGAUXlblxn4iI3nAKkT6onI="},"lastRemoteEphemeralKey":"BalMRbpxaSEg+9GkkkaYLGg0urLZ62TAA5JG6zNxT51E","previousCounter":0,"rootKey":"tOlLfJKbg4tZzvgMwJ2FfsLvsfZD56Zlywtw6bIREAo="},"indexInfo":{"baseKey":"BdPkVvxLBdCqlZxXWojEa8OpkE0Ff8TevXK2eFJ3/Tw2","baseKeyType":1,"closed":1731706639045,"used":1731706638694,"created":1731706638694,"remoteIdentityKey":"BViXmMU3ExtYzMwRCs8sGdvsFSxtlHEnoAtWMKAKkjUJ"},"_chains":{"BZuNBQAkRpsOM9JLOqG+r9kQ7PXltBM27ucgGfS6txAw":{"chainKey":{"counter":-1,"key":"Vkk4UU89al5oI0xap9qF/yt9vUvzQ9Z/PlDf9ASVtPI="},"chainType":1,"messageKeys":{}}},"pendingPreKey":{"signedKeyId":5,"baseKey":"BdPkVvxLBdCqlZxXWojEa8OpkE0Ff8TevXK2eFJ3/Tw2","preKeyId":5214816}},"BWHr82fR/M9mTeEZ78jyTJXcGe80K0vGUxyj63mbaGhP":{"registrationId":815661756,"currentRatchet":{"ephemeralKeyPair":{"pubKey":"BepGJCEJMSZmjwDhuOVRXRWmr6YE1zG2wxseA0qeJ2JI","privKey":"2B6oVL2GVN+TBduO7D2kkiP9AdMYzaFpz17nizpMl0g="},"lastRemoteEphemeralKey":"BalMRbpxaSEg+9GkkkaYLGg0urLZ62TAA5JG6zNxT51E","previousCounter":0,"rootKey":"7v0IEHtSXxHGVlqxE7FaRYbJ9W9DV0TUywXx2996IAY="},"indexInfo":{"baseKey":"BWHr82fR/M9mTeEZ78jyTJXcGe80K0vGUxyj63mbaGhP","baseKeyType":1,"closed":1731706639425,"used":1731706639036,"created":1731706639036,"remoteIdentityKey":"BViXmMU3ExtYzMwRCs8sGdvsFSxtlHEnoAtWMKAKkjUJ"},"_chains":{"BepGJCEJMSZmjwDhuOVRXRWmr6YE1zG2wxseA0qeJ2JI":{"chainKey":{"counter":-1,"key":"ymt3wcxhTfs36QAZ49EG3gXKTjtz5bNjIisxaL3d/DQ="},"chainType":1,"messageKeys":{}}},"pendingPreKey":{"signedKeyId":5,"baseKey":"BWHr82fR/M9mTeEZ78jyTJXcGe80K0vGUxyj63mbaGhP","preKeyId":5214507}},"BQ8TBXPdvB63uRXaOOC82PycvPY5M7P9UuWAwU1uDHwy":{"registrationId":815661756,"currentRatchet":{"ephemeralKeyPair":{"pubKey":"BafRjFnVm7B4V9MXPjEk+Lwt5jukxYs12n5Ts5ZZF0Rh","privKey":"QE3P6ED/goaMfeW3eBQqNZWIW5t36gRxljK5Qfb+Zmo="},"lastRemoteEphemeralKey":"BalMRbpxaSEg+9GkkkaYLGg0urLZ62TAA5JG6zNxT51E","previousCounter":0,"rootKey":"lRgz8yal4w+6wjsLJop9oeiFVMK1UEaAyeeKG43DsBo="},"indexInfo":{"baseKey":"BQ8TBXPdvB63uRXaOOC82PycvPY5M7P9UuWAwU1uDHwy","baseKeyType":1,"closed":1731706639768,"used":1731706639421,"created":1731706639421,"remoteIdentityKey":"BViXmMU3ExtYzMwRCs8sGdvsFSxtlHEnoAtWMKAKkjUJ"},"_chains":{"BafRjFnVm7B4V9MXPjEk+Lwt5jukxYs12n5Ts5ZZF0Rh":{"chainKey":{"counter":-1,"key":"0PHx/T4bdtgAbzxjJoKA4LvSFNA86sdI7LFZA1XE0xw="},"chainType":1,"messageKeys":{}}},"pendingPreKey":{"signedKeyId":5,"baseKey":"BQ8TBXPdvB63uRXaOOC82PycvPY5M7P9UuWAwU1uDHwy","preKeyId":5214834}},"BRwLu+180QiedPGBagwGpwIuorfzedD8STC1XSp1JTVE":{"registrationId":815661756,"currentRatchet":{"ephemeralKeyPair":{"pubKey":"BZqgqQ8EWdxBY7kxxd3Ygz0yb7Hb58J+8bzxhC3YO7ss","privKey":"IHOLWdIKrY1fRe6dirXAr8K5X4rZbsAgqRkb4rbju3k="},"lastRemoteEphemeralKey":"BalMRbpxaSEg+9GkkkaYLGg0urLZ62TAA5JG6zNxT51E","previousCounter":0,"rootKey":"0n5IsWiTPxxYw/sMj6jZEplaoOaaKofwBl5WV0G1x9c="},"indexInfo":{"baseKey":"BRwLu+180QiedPGBagwGpwIuorfzedD8STC1XSp1JTVE","baseKeyType":1,"closed":1731706640136,"used":1731706639764,"created":1731706639764,"remoteIdentityKey":"BViXmMU3ExtYzMwRCs8sGdvsFSxtlHEnoAtWMKAKkjUJ"},"_chains":{"BZqgqQ8EWdxBY7kxxd3Ygz0yb7Hb58J+8bzxhC3YO7ss":{"chainKey":{"counter":-1,"key":"DD8zrtLtS34IDffXQx7Rsj4RuQpBe3qlsGc12+e68Ng="},"chainType":1,"messageKeys":{}}},"pendingPreKey":{"signedKeyId":5,"baseKey":"BRwLu+180QiedPGBagwGpwIuorfzedD8STC1XSp1JTVE","preKeyId":5214347}},"BTrgj7825CuXBvMk3QiAfzWIC5ZZvwq8BuzaQWLU1FdN":{"registrationId":815661756,"currentRatchet":{"ephemeralKeyPair":{"pubKey":"BWJSOAwQvMYFpZj5+quwWIZLBy7kFZWvuLYg17+l74wN","privKey":"uOxyJzXMBefXQIIBJeIZvpSwWl+ui9FXIB8npmpIWV4="},"lastRemoteEphemeralKey":"BalMRbpxaSEg+9GkkkaYLGg0urLZ62TAA5JG6zNxT51E","previousCounter":0,"rootKey":"fGSxVLJYQ0Qqy5zTP75kz66NWROoTxmsBbg6AuQi+Ak="},"indexInfo":{"baseKey":"BTrgj7825CuXBvMk3QiAfzWIC5ZZvwq8BuzaQWLU1FdN","baseKeyType":1,"closed":1731706640902,"used":1731706640130,"created":1731706640130,"remoteIdentityKey":"BViXmMU3ExtYzMwRCs8sGdvsFSxtlHEnoAtWMKAKkjUJ"},"_chains":{"BWJSOAwQvMYFpZj5+quwWIZLBy7kFZWvuLYg17+l74wN":{"chainKey":{"counter":-1,"key":"80duyI6X/uYj+Wt5kbxSRILnXZuDdf5pJcUjOoVxRGs="},"chainType":1,"messageKeys":{}}},"pendingPreKey":{"signedKeyId":5,"baseKey":"BTrgj7825CuXBvMk3QiAfzWIC5ZZvwq8BuzaQWLU1FdN","preKeyId":5214524}},"BQxMEN6mWmfsLaIKIOx+eNbOI/pE+Gc+c0yI5PvZ2aF4":{"registrationId":815661756,"currentRatchet":{"ephemeralKeyPair":{"pubKey":"BTv2R9i3oJ+uNj92yRwF8Wz/o+RR1s38D1DGjDJpc3dr","privKey":"UIX7x8ANNhTP43aJlrceZDJrxMUcpN0cuC+yT+5tr2E="},"lastRemoteEphemeralKey":"BalMRbpxaSEg+9GkkkaYLGg0urLZ62TAA5JG6zNxT51E","previousCounter":0,"rootKey":"z2W+LGMxxaaczS3cGv7GbdEOa5vG5AcVsysG541z/bY="},"indexInfo":{"baseKey":"BQxMEN6mWmfsLaIKIOx+eNbOI/pE+Gc+c0yI5PvZ2aF4","baseKeyType":1,"closed":1731706641247,"used":1731706640896,"created":1731706640896,"remoteIdentityKey":"BViXmMU3ExtYzMwRCs8sGdvsFSxtlHEnoAtWMKAKkjUJ"},"_chains":{"BTv2R9i3oJ+uNj92yRwF8Wz/o+RR1s38D1DGjDJpc3dr":{"chainKey":{"counter":-1,"key":"Ym5MQ1l1/7DjlCEK7CgfkQTsOkxcNNWSJdFiRxh+Oyo="},"chainType":1,"messageKeys":{}}},"pendingPreKey":{"signedKeyId":5,"baseKey":"BQxMEN6mWmfsLaIKIOx+eNbOI/pE+Gc+c0yI5PvZ2aF4","preKeyId":5215001}},"Bb80TElox3cGS9Zydthn7/wNNyCTaz7oc1OgyNRrj7ZR":{"registrationId":815661756,"currentRatchet":{"ephemeralKeyPair":{"pubKey":"BRKagJtOcE0SFekbJoP95Jua/x+otOZ0tZXPbqfVTjIG","privKey":"qMg24NW7f1bMy9v3N/jaFyefnHTRfXpqUPHfd//e41k="},"lastRemoteEphemeralKey":"BalMRbpxaSEg+9GkkkaYLGg0urLZ62TAA5JG6zNxT51E","previousCounter":0,"rootKey":"Pwg1rrk128vAZKgsmmTIcyfGzXtedJVlw5rrdUXZOeg="},"indexInfo":{"baseKey":"Bb80TElox3cGS9Zydthn7/wNNyCTaz7oc1OgyNRrj7ZR","baseKeyType":1,"closed":1731706641622,"used":1731706641240,"created":1731706641240,"remoteIdentityKey":"BViXmMU3ExtYzMwRCs8sGdvsFSxtlHEnoAtWMKAKkjUJ"},"_chains":{"BRKagJtOcE0SFekbJoP95Jua/x+otOZ0tZXPbqfVTjIG":{"chainKey":{"counter":-1,"key":"S3oSvj8Psv+v4mQPTmGKSO3bcXIt2FYfMSJL9ek+YqQ="},"chainType":1,"messageKeys":{}}},"pendingPreKey":{"signedKeyId":5,"baseKey":"Bb80TElox3cGS9Zydthn7/wNNyCTaz7oc1OgyNRrj7ZR","preKeyId":5214819}},"BaA2Yj2gaG6CXdOgrVoFkgHPcUCqYvMbagNQEgm0uf9R":{"registrationId":815661756,"currentRatchet":{"ephemeralKeyPair":{"pubKey":"BREoth5TxN4y5P/vC2grDQ4iENfv74MrtyEAonAUB+IJ","privKey":"WPugWH6QIM2oO1fbJaFqR+DzHt4G3zQ68JVTgSY6nGo="},"lastRemoteEphemeralKey":"BalMRbpxaSEg+9GkkkaYLGg0urLZ62TAA5JG6zNxT51E","previousCounter":0,"rootKey":"SBpMq2smCGQ0NOIMC8AveAk/lEiU4ZXhPiZz4rea/ok="},"indexInfo":{"baseKey":"BaA2Yj2gaG6CXdOgrVoFkgHPcUCqYvMbagNQEgm0uf9R","baseKeyType":1,"closed":1731706642020,"used":1731706641613,"created":1731706641613,"remoteIdentityKey":"BViXmMU3ExtYzMwRCs8sGdvsFSxtlHEnoAtWMKAKkjUJ"},"_chains":{"BREoth5TxN4y5P/vC2grDQ4iENfv74MrtyEAonAUB+IJ":{"chainKey":{"counter":-1,"key":"U6q8RouinVMVZ2ulV3YdRi/3G0sc87UvNjrnVcJs/2w="},"chainType":1,"messageKeys":{}}},"pendingPreKey":{"signedKeyId":5,"baseKey":"BaA2Yj2gaG6CXdOgrVoFkgHPcUCqYvMbagNQEgm0uf9R","preKeyId":5214924}},"BTisTLieDiRHC87h34HP6iJnmBhlksRXfTGKgNVF9g4r":{"registrationId":815661756,"currentRatchet":{"ephemeralKeyPair":{"pubKey":"BT/mlu4SoKSbY6GpX1jCGoi7Iv8i5rWFPKpk3H/QgkxH","privKey":"mOrT+Rqs2Z2LYDBl4WhftNbQWDVC483hkm/fvO8AHl4="},"lastRemoteEphemeralKey":"BalMRbpxaSEg+9GkkkaYLGg0urLZ62TAA5JG6zNxT51E","previousCounter":0,"rootKey":"2DuvVE0U/PfZpjKgbo9yJZNSt1eZv9jWVXkfgKprjeQ="},"indexInfo":{"baseKey":"BTisTLieDiRHC87h34HP6iJnmBhlksRXfTGKgNVF9g4r","baseKeyType":1,"closed":1731706642391,"used":1731706642014,"created":1731706642014,"remoteIdentityKey":"BViXmMU3ExtYzMwRCs8sGdvsFSxtlHEnoAtWMKAKkjUJ"},"_chains":{"BT/mlu4SoKSbY6GpX1jCGoi7Iv8i5rWFPKpk3H/QgkxH":{"chainKey":{"counter":-1,"key":"R13jQW43JpFS1jmM1e384MMZUy6oMfV4u99H+rFCYLU="},"chainType":1,"messageKeys":{}}},"pendingPreKey":{"signedKeyId":5,"baseKey":"BTisTLieDiRHC87h34HP6iJnmBhlksRXfTGKgNVF9g4r","preKeyId":5214520}},"BRUtAdetypy7Q5XAQDbe/r3fgsyHUFNcRgu/JhMbH4sA":{"registrationId":815661756,"currentRatchet":{"ephemeralKeyPair":{"pubKey":"BZMfyooIJTPeSA2eLlRH6odEvAPxDTGM7ZfHdMU3X+ck","privKey":"eIYxmrYkc1x2chH0W1X6XZcKLZkfI9qZRF7nktuOU2k="},"lastRemoteEphemeralKey":"BalMRbpxaSEg+9GkkkaYLGg0urLZ62TAA5JG6zNxT51E","previousCounter":0,"rootKey":"H+OUfIU+3xFDsM2RRv7P6AkjWxOi0Inm56+ct4YC6zs="},"indexInfo":{"baseKey":"BRUtAdetypy7Q5XAQDbe/r3fgsyHUFNcRgu/JhMbH4sA","baseKeyType":1,"closed":1731706642754,"used":1731706642385,"created":1731706642385,"remoteIdentityKey":"BViXmMU3ExtYzMwRCs8sGdvsFSxtlHEnoAtWMKAKkjUJ"},"_chains":{"BZMfyooIJTPeSA2eLlRH6odEvAPxDTGM7ZfHdMU3X+ck":{"chainKey":{"counter":-1,"key":"movXBbw6WIt9Usn2iX1srGw7wGsD39vRR/gSZhyRyjg="},"chainType":1,"messageKeys":{}}},"pendingPreKey":{"signedKeyId":5,"baseKey":"BRUtAdetypy7Q5XAQDbe/r3fgsyHUFNcRgu/JhMbH4sA","preKeyId":5214456}},"BTo0MXbh441NbmeRb4PJ96lSh1Sb8g4b3PY39vSchbo7":{"registrationId":815661756,"currentRatchet":{"ephemeralKeyPair":{"pubKey":"BZUeCRaCOd1GOvz7FgwMYep1q43KwBRA8tYN6rhFsdw4","privKey":"4D5gz90n7fHM/xYUCPyD2S0VR3AoPuuUl46AdqXKb2g="},"lastRemoteEphemeralKey":"BalMRbpxaSEg+9GkkkaYLGg0urLZ62TAA5JG6zNxT51E","previousCounter":0,"rootKey":"UcfiWMyndF29DDOCETODuXsU6tbUgcV4k4J5+nUjIgM="},"indexInfo":{"baseKey":"BTo0MXbh441NbmeRb4PJ96lSh1Sb8g4b3PY39vSchbo7","baseKeyType":1,"closed":1731706643114,"used":1731706642750,"created":1731706642750,"remoteIdentityKey":"BViXmMU3ExtYzMwRCs8sGdvsFSxtlHEnoAtWMKAKkjUJ"},"_chains":{"BZUeCRaCOd1GOvz7FgwMYep1q43KwBRA8tYN6rhFsdw4":{"chainKey":{"counter":-1,"key":"MaB7nrqrLaaaVXPKQgfa2CZKcPI7DNJZXRjBtdBBrzw="},"chainType":1,"messageKeys":{}}},"pendingPreKey":{"signedKeyId":5,"baseKey":"BTo0MXbh441NbmeRb4PJ96lSh1Sb8g4b3PY39vSchbo7","preKeyId":5214899}},"BSDhYUIx3A+iojC6v0XiUKUpWQ/bFGIBdmYBj/iHLTpu":{"registrationId":815661756,"currentRatchet":{"ephemeralKeyPair":{"pubKey":"Belt33exg2/f3B2aI8GSVfri/ZKIKOtexP4wNgE33Z5x","privKey":"gKZJOyxSJd0pPw6KfbUohPaWWlZtLTdSK9R/hH7Ww24="},"lastRemoteEphemeralKey":"BalMRbpxaSEg+9GkkkaYLGg0urLZ62TAA5JG6zNxT51E","previousCounter":0,"rootKey":"2JtI0uTlvu0ocOaxdE6r8Gq1jmNEdUtcUkMo7WBhGJg="},"indexInfo":{"baseKey":"BSDhYUIx3A+iojC6v0XiUKUpWQ/bFGIBdmYBj/iHLTpu","baseKeyType":1,"closed":1731706643491,"used":1731706643108,"created":1731706643108,"remoteIdentityKey":"BViXmMU3ExtYzMwRCs8sGdvsFSxtlHEnoAtWMKAKkjUJ"},"_chains":{"Belt33exg2/f3B2aI8GSVfri/ZKIKOtexP4wNgE33Z5x":{"chainKey":{"counter":-1,"key":"rhrFb0lAquUc4FWH5XRICecBlUmgpLFcbufgnPdgI7Y="},"chainType":1,"messageKeys":{}}},"pendingPreKey":{"signedKeyId":5,"baseKey":"BSDhYUIx3A+iojC6v0XiUKUpWQ/bFGIBdmYBj/iHLTpu","preKeyId":5214892}},"BWi1Qj2h0//XOVKLnJFINc0dbiIgAEsYeQXR/w/chJwS":{"registrationId":815661756,"currentRatchet":{"ephemeralKeyPair":{"pubKey":"BVLEl5fIq9b2WsPXhz5DOYljl2eJ0mqhEFW3Q9tkQL50","privKey":"sE7I+vN7jlaFivtsuxPP24U4ZQjxd+bvHxv1fEXXVFQ="},"lastRemoteEphemeralKey":"BalMRbpxaSEg+9GkkkaYLGg0urLZ62TAA5JG6zNxT51E","previousCounter":0,"rootKey":"HOwiWR1FaUYmKiAIc6xzN2cuqlKs/0BjD6T5oySoQvU="},"indexInfo":{"baseKey":"BWi1Qj2h0//XOVKLnJFINc0dbiIgAEsYeQXR/w/chJwS","baseKeyType":1,"closed":1731706643845,"used":1731706643484,"created":1731706643484,"remoteIdentityKey":"BViXmMU3ExtYzMwRCs8sGdvsFSxtlHEnoAtWMKAKkjUJ"},"_chains":{"BVLEl5fIq9b2WsPXhz5DOYljl2eJ0mqhEFW3Q9tkQL50":{"chainKey":{"counter":-1,"key":"QYqxVnwzvZBjf4O/HOxFJWZ4PYSMd6HEILmRNbz6GDQ="},"chainType":1,"messageKeys":{}}},"pendingPreKey":{"signedKeyId":5,"baseKey":"BWi1Qj2h0//XOVKLnJFINc0dbiIgAEsYeQXR/w/chJwS","preKeyId":5214478}},"BVF+uG5/tG6Z3gRhCVIh4kDvLh1fVp6DU4TqkYSakQ8O":{"registrationId":815661756,"currentRatchet":{"ephemeralKeyPair":{"pubKey":"Bf0qsiIbWtdMDhIer4tAWH2W1xlVEsmXiIv279SGjwUN","privKey":"SGIOqOo4OeOB+jrantphtOdw61JaDfhKSSxse8EQgGM="},"lastRemoteEphemeralKey":"BalMRbpxaSEg+9GkkkaYLGg0urLZ62TAA5JG6zNxT51E","previousCounter":0,"rootKey":"Skovhtbnq2HmIc+mBHjiFUHZ7mOO7mXXIAeD5N7QGRs="},"indexInfo":{"baseKey":"BVF+uG5/tG6Z3gRhCVIh4kDvLh1fVp6DU4TqkYSakQ8O","baseKeyType":1,"closed":1731706644227,"used":1731706643840,"created":1731706643840,"remoteIdentityKey":"BViXmMU3ExtYzMwRCs8sGdvsFSxtlHEnoAtWMKAKkjUJ"},"_chains":{"Bf0qsiIbWtdMDhIer4tAWH2W1xlVEsmXiIv279SGjwUN":{"chainKey":{"counter":-1,"key":"xim23oEH107zRy0WoRFjt8qagCPl8J1NH270Wcyb2hw="},"chainType":1,"messageKeys":{}}},"pendingPreKey":{"signedKeyId":5,"baseKey":"BVF+uG5/tG6Z3gRhCVIh4kDvLh1fVp6DU4TqkYSakQ8O","preKeyId":5214535}},"BRjlRvCIH7pBK2QBm2JX3+t+Ns5iqlRtduMlxU35bDQo":{"registrationId":815661756,"currentRatchet":{"ephemeralKeyPair":{"pubKey":"BbCfK7tz7sVEf73y0HHXdJrK8rPKTDG3x/n6yqnX80Ea","privKey":"+JYHqLWuSkL11w2ag3e8Z/oo9jtfyGNgfJb62JRIdEM="},"lastRemoteEphemeralKey":"BalMRbpxaSEg+9GkkkaYLGg0urLZ62TAA5JG6zNxT51E","previousCounter":0,"rootKey":"P6CnxG4kB6FP4yIPN8YNu6vfW0v0s2e7aAu+/I2Ch3g="},"indexInfo":{"baseKey":"BRjlRvCIH7pBK2QBm2JX3+t+Ns5iqlRtduMlxU35bDQo","baseKeyType":1,"closed":1731706644604,"used":1731706644221,"created":1731706644221,"remoteIdentityKey":"BViXmMU3ExtYzMwRCs8sGdvsFSxtlHEnoAtWMKAKkjUJ"},"_chains":{"BbCfK7tz7sVEf73y0HHXdJrK8rPKTDG3x/n6yqnX80Ea":{"chainKey":{"counter":-1,"key":"nttDio9n8mAnBk1BJAG2koDO2WPhEQLNiBD50kGyStA="},"chainType":1,"messageKeys":{}}},"pendingPreKey":{"signedKeyId":5,"baseKey":"BRjlRvCIH7pBK2QBm2JX3+t+Ns5iqlRtduMlxU35bDQo","preKeyId":5214505}},"BeCUlh1p9KGM/UeHxURT1/kLqCwT4KHzjPVtedZEByoV":{"registrationId":815661756,"currentRatchet":{"ephemeralKeyPair":{"pubKey":"BVJ4LI05KKBGiuPUtN9OE2G10tnzpsaNwnnDCz+3//NS","privKey":"aGEJrWNp5GTrpdeCisDayxtDHbdvI5iiCSIYtNU6+30="},"lastRemoteEphemeralKey":"BalMRbpxaSEg+9GkkkaYLGg0urLZ62TAA5JG6zNxT51E","previousCounter":0,"rootKey":"6amoSi9unyAMeW8DLt3jBKRd67xtvgIb9BuilMJJrw0="},"indexInfo":{"baseKey":"BeCUlh1p9KGM/UeHxURT1/kLqCwT4KHzjPVtedZEByoV","baseKeyType":1,"closed":1731706644938,"used":1731706644599,"created":1731706644599,"remoteIdentityKey":"BViXmMU3ExtYzMwRCs8sGdvsFSxtlHEnoAtWMKAKkjUJ"},"_chains":{"BVJ4LI05KKBGiuPUtN9OE2G10tnzpsaNwnnDCz+3//NS":{"chainKey":{"counter":-1,"key":"wjbpaF6VtJgSBRfHWqIpNq1X8/GEKjOWiIo6YAJ3mBU="},"chainType":1,"messageKeys":{}}},"pendingPreKey":{"signedKeyId":5,"baseKey":"BeCUlh1p9KGM/UeHxURT1/kLqCwT4KHzjPVtedZEByoV","preKeyId":5214363}},"BWADS7JXa2QIHCpeDfyiieR4y67JD/I1bkv0g6nr7Cx6":{"registrationId":815661756,"currentRatchet":{"ephemeralKeyPair":{"pubKey":"BarIsSwN/VOWiQPsba9wrqd/DmuNfZoL/GTY4bLbRBFh","privKey":"AMOvmleex0ilLjMIXvfcVwNdigMw4JvKuuKUS+Gll20="},"lastRemoteEphemeralKey":"BalMRbpxaSEg+9GkkkaYLGg0urLZ62TAA5JG6zNxT51E","previousCounter":0,"rootKey":"MuH/+25DUlmKVNpnxh4cuEdh/6BgtPPoHlNXzDXxiF0="},"indexInfo":{"baseKey":"BWADS7JXa2QIHCpeDfyiieR4y67JD/I1bkv0g6nr7Cx6","baseKeyType":1,"closed":1731706645297,"used":1731706644933,"created":1731706644933,"remoteIdentityKey":"BViXmMU3ExtYzMwRCs8sGdvsFSxtlHEnoAtWMKAKkjUJ"},"_chains":{"BarIsSwN/VOWiQPsba9wrqd/DmuNfZoL/GTY4bLbRBFh":{"chainKey":{"counter":-1,"key":"MTYArkZo+w9AHNII/FxPT3uq9Sh2oUFstnT+flybE6g="},"chainType":1,"messageKeys":{}}},"pendingPreKey":{"signedKeyId":5,"baseKey":"BWADS7JXa2QIHCpeDfyiieR4y67JD/I1bkv0g6nr7Cx6","preKeyId":5214543}},"BZFJyrMbjFN7iLA3ZAv2BpOGs7fVHkHR81OVjrYXIiI+":{"registrationId":815661756,"currentRatchet":{"ephemeralKeyPair":{"pubKey":"BSTMy/pFwjU6RovdaWrW2tRD7+qgdvcWHvxSJFRIqLAp","privKey":"iCUbAKwSQ41thndrz70SXp8CoHDogs/dOzn3pBzPs2A="},"lastRemoteEphemeralKey":"BalMRbpxaSEg+9GkkkaYLGg0urLZ62TAA5JG6zNxT51E","previousCounter":0,"rootKey":"UH8VG59upATDvrnYwlzNb1sZdrAeHz92+8qqFUXsUJE="},"indexInfo":{"baseKey":"BZFJyrMbjFN7iLA3ZAv2BpOGs7fVHkHR81OVjrYXIiI+","baseKeyType":1,"closed":1731706645647,"used":1731706645292,"created":1731706645292,"remoteIdentityKey":"BViXmMU3ExtYzMwRCs8sGdvsFSxtlHEnoAtWMKAKkjUJ"},"_chains":{"BSTMy/pFwjU6RovdaWrW2tRD7+qgdvcWHvxSJFRIqLAp":{"chainKey":{"counter":-1,"key":"qmLBLcVQokpXwUC07yP9bZ5RJWAvMjP4I/gmGeAGN/M="},"chainType":1,"messageKeys":{}}},"pendingPreKey":{"signedKeyId":5,"baseKey":"BZFJyrMbjFN7iLA3ZAv2BpOGs7fVHkHR81OVjrYXIiI+","preKeyId":5214462}},"BYw70nWQRqENs4W4NaI9NtdAYlSz5rG4m52cOmYrbgcD":{"registrationId":815661756,"currentRatchet":{"ephemeralKeyPair":{"pubKey":"BTD1/7oijWm7dmhhFeM1KARinjkF7b0EePoBoj6T3jVF","privKey":"IERKsOI7Cpb0kEAyV1jafegY0oD1g3Ysg48g2xeFw3c="},"lastRemoteEphemeralKey":"BalMRbpxaSEg+9GkkkaYLGg0urLZ62TAA5JG6zNxT51E","previousCounter":0,"rootKey":"+b3DzrfskDds/uPEG5HBy5NrSpAcYMY9JQQJyaCxEWw="},"indexInfo":{"baseKey":"BYw70nWQRqENs4W4NaI9NtdAYlSz5rG4m52cOmYrbgcD","baseKeyType":1,"closed":1731706646015,"used":1731706645643,"created":1731706645643,"remoteIdentityKey":"BViXmMU3ExtYzMwRCs8sGdvsFSxtlHEnoAtWMKAKkjUJ"},"_chains":{"BTD1/7oijWm7dmhhFeM1KARinjkF7b0EePoBoj6T3jVF":{"chainKey":{"counter":-1,"key":"Ha7w/iTY3m4jD/Tertb7WGVRisrZfdM3zvmKlnj8PY0="},"chainType":1,"messageKeys":{}}},"pendingPreKey":{"signedKeyId":5,"baseKey":"BYw70nWQRqENs4W4NaI9NtdAYlSz5rG4m52cOmYrbgcD","preKeyId":5214768}},"Bd+z6EzoviFJVji26wSwC9Hs5UKgcWHEyd7TQHIAziBF":{"registrationId":815661756,"currentRatchet":{"ephemeralKeyPair":{"pubKey":"BQdnnacM9jbCRfG5QsDf+fxAKAdndHSIFzxOVNYdZYlE","privKey":"qNJ1cm7TXMSsV/Haa1qA0O75Rf78ZXrFVF3MMbJthHE="},"lastRemoteEphemeralKey":"BalMRbpxaSEg+9GkkkaYLGg0urLZ62TAA5JG6zNxT51E","previousCounter":0,"rootKey":"Hq9j1nfGwC1uAyD48XEFlomtB76wRVhFh2EpAb3ZbPg="},"indexInfo":{"baseKey":"Bd+z6EzoviFJVji26wSwC9Hs5UKgcWHEyd7TQHIAziBF","baseKeyType":1,"closed":1731706646366,"used":1731706646010,"created":1731706646010,"remoteIdentityKey":"BViXmMU3ExtYzMwRCs8sGdvsFSxtlHEnoAtWMKAKkjUJ"},"_chains":{"BQdnnacM9jbCRfG5QsDf+fxAKAdndHSIFzxOVNYdZYlE":{"chainKey":{"counter":-1,"key":"cTSgyXMntfAVcViR+uT7+Mi4++/t86aIPYOP+PZXLS4="},"chainType":1,"messageKeys":{}}},"pendingPreKey":{"signedKeyId":5,"baseKey":"Bd+z6EzoviFJVji26wSwC9Hs5UKgcWHEyd7TQHIAziBF","preKeyId":5214484}},"BRYp2VJQUBiohP4S4L1UR3OHIKFSqdEhhC/PADUQIuNX":{"registrationId":815661756,"currentRatchet":{"ephemeralKeyPair":{"pubKey":"BSfmVEBuywxXl4OoxNOGeDsYm+ZnCE595ls0WODaGdMb","privKey":"cF0XOLWlysDYdHYN3U306iP9ZvgHpjZPg4J74Y7Sg28="},"lastRemoteEphemeralKey":"BalMRbpxaSEg+9GkkkaYLGg0urLZ62TAA5JG6zNxT51E","previousCounter":0,"rootKey":"cycCeEB2hpTPjvM1lw7YYHywDV7QyrATySBa9SZgh84="},"indexInfo":{"baseKey":"BRYp2VJQUBiohP4S4L1UR3OHIKFSqdEhhC/PADUQIuNX","baseKeyType":1,"closed":1731706646700,"used":1731706646358,"created":1731706646358,"remoteIdentityKey":"BViXmMU3ExtYzMwRCs8sGdvsFSxtlHEnoAtWMKAKkjUJ"},"_chains":{"BSfmVEBuywxXl4OoxNOGeDsYm+ZnCE595ls0WODaGdMb":{"chainKey":{"counter":-1,"key":"zyY8aBlnlcvxSkDU35qpymf2PlM9VJELRuIsb2OF9wQ="},"chainType":1,"messageKeys":{}}},"pendingPreKey":{"signedKeyId":5,"baseKey":"BRYp2VJQUBiohP4S4L1UR3OHIKFSqdEhhC/PADUQIuNX","preKeyId":5214873}},"BUBGLlJPFhij+urLMdwUBPjpEh+pUJBW8A4zuAq6htkf":{"registrationId":815661756,"currentRatchet":{"ephemeralKeyPair":{"pubKey":"BaLaBKp7S9c/bGC9O2kfBzq9UjlOU5b+9cvLaPY+HOFG","privKey":"QDh2XgAH/v6BdG7ckQp+RAm5FAwKzAHA36rvO1O061E="},"lastRemoteEphemeralKey":"BalMRbpxaSEg+9GkkkaYLGg0urLZ62TAA5JG6zNxT51E","previousCounter":0,"rootKey":"r6AbE1HVVr/y8uBPyuSKTvtyjz4KNoh7RQtC7X4qLhg="},"indexInfo":{"baseKey":"BUBGLlJPFhij+urLMdwUBPjpEh+pUJBW8A4zuAq6htkf","baseKeyType":1,"closed":1731706647054,"used":1731706646695,"created":1731706646695,"remoteIdentityKey":"BViXmMU3ExtYzMwRCs8sGdvsFSxtlHEnoAtWMKAKkjUJ"},"_chains":{"BaLaBKp7S9c/bGC9O2kfBzq9UjlOU5b+9cvLaPY+HOFG":{"chainKey":{"counter":-1,"key":"8Gm4YzIg5KTFgfrd/A/VW3pRwDp67ZJ8eDZQhoHvHeo="},"chainType":1,"messageKeys":{}}},"pendingPreKey":{"signedKeyId":5,"baseKey":"BUBGLlJPFhij+urLMdwUBPjpEh+pUJBW8A4zuAq6htkf","preKeyId":5215015}},"BbpFCRIVFlQcWw3ygh2YFo6Cnm9tLN+6G+3eGmXKTs9b":{"registrationId":815661756,"currentRatchet":{"ephemeralKeyPair":{"pubKey":"BfZe1c9EdWd0v/sYS/TFsctobjDJ1h0PYDghd8HQYWwh","privKey":"+HLbN/FLGcKkelaOg8W+dCqVDu4oC5rHzHRjSoVGPXc="},"lastRemoteEphemeralKey":"BalMRbpxaSEg+9GkkkaYLGg0urLZ62TAA5JG6zNxT51E","previousCounter":0,"rootKey":"NgokTNjlsvQtTYPXMUkXtU9RhUu7iaYMICYDzEU9uqk="},"indexInfo":{"baseKey":"BbpFCRIVFlQcWw3ygh2YFo6Cnm9tLN+6G+3eGmXKTs9b","baseKeyType":1,"closed":1731706647419,"used":1731706647050,"created":1731706647050,"remoteIdentityKey":"BViXmMU3ExtYzMwRCs8sGdvsFSxtlHEnoAtWMKAKkjUJ"},"_chains":{"BfZe1c9EdWd0v/sYS/TFsctobjDJ1h0PYDghd8HQYWwh":{"chainKey":{"counter":-1,"key":"KQJAJdQvpN27OrE7+C6VB9kXStaEaJGXvzpY5GfWWxE="},"chainType":1,"messageKeys":{}}},"pendingPreKey":{"signedKeyId":5,"baseKey":"BbpFCRIVFlQcWw3ygh2YFo6Cnm9tLN+6G+3eGmXKTs9b","preKeyId":5214773}},"BZIdH6cpbxt5xHQ3DKskSFS0oZy2dHad2MDRRlf2pD53":{"registrationId":815661756,"currentRatchet":{"ephemeralKeyPair":{"pubKey":"BURPgVDjteFcT3uSImc0NsfDEjNmW4Y4QyO7KjCH+qwc","privKey":"iIvnGr/IPOcD9qZKP/xzSLzwKzS51V4Mk1yPIo4Oqnc="},"lastRemoteEphemeralKey":"BalMRbpxaSEg+9GkkkaYLGg0urLZ62TAA5JG6zNxT51E","previousCounter":0,"rootKey":"9+H4mzifVv8GPXhBzCTTjE4whTvtia0Ktl+TKHgFJpI="},"indexInfo":{"baseKey":"BZIdH6cpbxt5xHQ3DKskSFS0oZy2dHad2MDRRlf2pD53","baseKeyType":1,"closed":1731706647763,"used":1731706647413,"created":1731706647413,"remoteIdentityKey":"BViXmMU3ExtYzMwRCs8sGdvsFSxtlHEnoAtWMKAKkjUJ"},"_chains":{"BURPgVDjteFcT3uSImc0NsfDEjNmW4Y4QyO7KjCH+qwc":{"chainKey":{"counter":-1,"key":"UwnNGYn2BWlTqRoyqyY6j+IQOMw0pG9Q1L+al3+hCxI="},"chainType":1,"messageKeys":{}}},"pendingPreKey":{"signedKeyId":5,"baseKey":"BZIdH6cpbxt5xHQ3DKskSFS0oZy2dHad2MDRRlf2pD53","preKeyId":5214445}},"BZvfBA6QFI/qnyKIwYrDZKFOxmmtNOWXA8gP5D421ash":{"registrationId":815661756,"currentRatchet":{"ephemeralKeyPair":{"pubKey":"Bcm8Mt4Ziidu8Nt5/bwWtSI5iEmwS1eSRLY2pQzjDA8i","privKey":"kF8KDnQZ1XkAvSwV0hUVjHyhnYJuWuTt7zQeM6l5eHQ="},"lastRemoteEphemeralKey":"BalMRbpxaSEg+9GkkkaYLGg0urLZ62TAA5JG6zNxT51E","previousCounter":0,"rootKey":"ouNkqKcKZUcNd7jItjC5qfQdhgUBOi93hdpNY1JUFzM="},"indexInfo":{"baseKey":"BZvfBA6QFI/qnyKIwYrDZKFOxmmtNOWXA8gP5D421ash","baseKeyType":1,"closed":1731706648139,"used":1731706647759,"created":1731706647759,"remoteIdentityKey":"BViXmMU3ExtYzMwRCs8sGdvsFSxtlHEnoAtWMKAKkjUJ"},"_chains":{"Bcm8Mt4Ziidu8Nt5/bwWtSI5iEmwS1eSRLY2pQzjDA8i":{"chainKey":{"counter":-1,"key":"iduvoNEwbRvGiBkeZjObDe/2+SxemzBROgonAJkH//I="},"chainType":1,"messageKeys":{}}},"pendingPreKey":{"signedKeyId":5,"baseKey":"BZvfBA6QFI/qnyKIwYrDZKFOxmmtNOWXA8gP5D421ash","preKeyId":5214457}},"BVMpVkQPkprDaLO73XOL88eYFFE+ZFI5LJV2kxfsyiFl":{"registrationId":815661756,"currentRatchet":{"ephemeralKeyPair":{"pubKey":"BQCjW7r9WIBsd9eZyXb42Wn0PSBTWqzpBGhGNBfPdakc","privKey":"OEGWpe2MbPpPw41MA+S6lwYbM7Jtgew0i8aEsPdBZVo="},"lastRemoteEphemeralKey":"BalMRbpxaSEg+9GkkkaYLGg0urLZ62TAA5JG6zNxT51E","previousCounter":0,"rootKey":"vlVX1/8AwuvLM59fhgGThYCB6nKJtd7vYepon7QQXxs="},"indexInfo":{"baseKey":"BVMpVkQPkprDaLO73XOL88eYFFE+ZFI5LJV2kxfsyiFl","baseKeyType":1,"closed":1731706648507,"used":1731706648133,"created":1731706648133,"remoteIdentityKey":"BViXmMU3ExtYzMwRCs8sGdvsFSxtlHEnoAtWMKAKkjUJ"},"_chains":{"BQCjW7r9WIBsd9eZyXb42Wn0PSBTWqzpBGhGNBfPdakc":{"chainKey":{"counter":-1,"key":"4kIshwNmK8QZZqAu5N4ey5+Pc38acmZki6YAmvL/EoU="},"chainType":1,"messageKeys":{}}},"pendingPreKey":{"signedKeyId":5,"baseKey":"BVMpVkQPkprDaLO73XOL88eYFFE+ZFI5LJV2kxfsyiFl","preKeyId":5214293}},"BX8wehoL058tLKxQQUqD+zTU67RaowIaqa7+yiW2uzxS":{"registrationId":815661756,"currentRatchet":{"ephemeralKeyPair":{"pubKey":"BejcjTICQiOEvktYtMI24oGsScygqMM2lGKXglajDVUb","privKey":"+IsotOPaKeuu/OTl63RZQbT/2/3kAyvqRcblOQITUEs="},"lastRemoteEphemeralKey":"BalMRbpxaSEg+9GkkkaYLGg0urLZ62TAA5JG6zNxT51E","previousCounter":0,"rootKey":"fPqniDfE83Y6FuVlYZzlp021TuAkD/bQyH7tmP6jHMQ="},"indexInfo":{"baseKey":"BX8wehoL058tLKxQQUqD+zTU67RaowIaqa7+yiW2uzxS","baseKeyType":1,"closed":1731706648968,"used":1731706648501,"created":1731706648501,"remoteIdentityKey":"BViXmMU3ExtYzMwRCs8sGdvsFSxtlHEnoAtWMKAKkjUJ"},"_chains":{"BejcjTICQiOEvktYtMI24oGsScygqMM2lGKXglajDVUb":{"chainKey":{"counter":-1,"key":"wlLoj35+Jr/h5fZ4yMpxist8SKH8JjR6b3DcggRw5wY="},"chainType":1,"messageKeys":{}}},"pendingPreKey":{"signedKeyId":5,"baseKey":"BX8wehoL058tLKxQQUqD+zTU67RaowIaqa7+yiW2uzxS","preKeyId":5214480}},"Bb4IIpVTqyP6hvCGOnhj9CmCO2ZozoXHOKm6GznlV4ga":{"registrationId":815661756,"currentRatchet":{"ephemeralKeyPair":{"pubKey":"BdbfXQr3pPe7yaatDrI4V4zLmN3WqKVCV9RyOsExidAV","privKey":"YJDxCU5731lmNf4phdSnG3KuFd44TqByY+xTPLO6rnc="},"lastRemoteEphemeralKey":"BalMRbpxaSEg+9GkkkaYLGg0urLZ62TAA5JG6zNxT51E","previousCounter":0,"rootKey":"PmWgXs2QYkctbqIiIANqKESu+u44GyDjfVt+qJy6eYY="},"indexInfo":{"baseKey":"Bb4IIpVTqyP6hvCGOnhj9CmCO2ZozoXHOKm6GznlV4ga","baseKeyType":1,"closed":1731706649336,"used":1731706648964,"created":1731706648964,"remoteIdentityKey":"BViXmMU3ExtYzMwRCs8sGdvsFSxtlHEnoAtWMKAKkjUJ"},"_chains":{"BdbfXQr3pPe7yaatDrI4V4zLmN3WqKVCV9RyOsExidAV":{"chainKey":{"counter":-1,"key":"khEYWvrXKy/OPuhKzquictVDYTzug86oc1GkNAyRo5g="},"chainType":1,"messageKeys":{}}},"pendingPreKey":{"signedKeyId":5,"baseKey":"Bb4IIpVTqyP6hvCGOnhj9CmCO2ZozoXHOKm6GznlV4ga","preKeyId":5214559}},"BcXyuO63Yf6AAhegGvQL2seSyK71AO+Tes7itu3b7qhz":{"registrationId":815661756,"currentRatchet":{"ephemeralKeyPair":{"pubKey":"BSkIQUmU8VOWk3C5nhA++BzVN0dHR71Z9Mxpwu11Gckb","privKey":"gH2czR4scJ2Q8Unn1x4hmIWtCdnS0FmYHR2nB+p1H0M="},"lastRemoteEphemeralKey":"BalMRbpxaSEg+9GkkkaYLGg0urLZ62TAA5JG6zNxT51E","previousCounter":0,"rootKey":"aj+YwcmNNo/NWWHfsrdfXZLnnvc+26XJOOEvdmDBxZo="},"indexInfo":{"baseKey":"BcXyuO63Yf6AAhegGvQL2seSyK71AO+Tes7itu3b7qhz","baseKeyType":1,"closed":1731706649681,"used":1731706649331,"created":1731706649331,"remoteIdentityKey":"BViXmMU3ExtYzMwRCs8sGdvsFSxtlHEnoAtWMKAKkjUJ"},"_chains":{"BSkIQUmU8VOWk3C5nhA++BzVN0dHR71Z9Mxpwu11Gckb":{"chainKey":{"counter":-1,"key":"84sZRSRa2p2qYuzPd7wKbZm05u0yn19IoTMYQYjszUs="},"chainType":1,"messageKeys":{}}},"pendingPreKey":{"signedKeyId":5,"baseKey":"BcXyuO63Yf6AAhegGvQL2seSyK71AO+Tes7itu3b7qhz","preKeyId":5214547}},"BUADvkXaA6ndWR1OYzLgsMPirmw/TCkEgszvJ81RO2Vh":{"registrationId":815661756,"currentRatchet":{"ephemeralKeyPair":{"pubKey":"BQ0Vyl1VnvWEkfpXHpW5mTifc2C/n6ZgCaXI+wDv/B5E","privKey":"ALnuehqvEflLaFuGKio5Xswt2+SYjyAO+BmcZE0HGVo="},"lastRemoteEphemeralKey":"BalMRbpxaSEg+9GkkkaYLGg0urLZ62TAA5JG6zNxT51E","previousCounter":0,"rootKey":"DdZYiW3/55qDBUGhwVCPBDWf/gqbeVFeA4+W6dPlnn4="},"indexInfo":{"baseKey":"BUADvkXaA6ndWR1OYzLgsMPirmw/TCkEgszvJ81RO2Vh","baseKeyType":1,"closed":1731706650058,"used":1731706649671,"created":1731706649671,"remoteIdentityKey":"BViXmMU3ExtYzMwRCs8sGdvsFSxtlHEnoAtWMKAKkjUJ"},"_chains":{"BQ0Vyl1VnvWEkfpXHpW5mTifc2C/n6ZgCaXI+wDv/B5E":{"chainKey":{"counter":-1,"key":"svqd7sH0fjVBDe83V/2TW3Kn1QyKuEPIcBm1d9p1TQ4="},"chainType":1,"messageKeys":{}}},"pendingPreKey":{"signedKeyId":5,"baseKey":"BUADvkXaA6ndWR1OYzLgsMPirmw/TCkEgszvJ81RO2Vh","preKeyId":5214782}},"BTKUMEIYAsdrExywe2E+xaNmD07P96hUHZsPNpHR6+87":{"registrationId":815661756,"currentRatchet":{"ephemeralKeyPair":{"pubKey":"BQzratSK5cmYAZZC/lbqw/+jYuR4cgsTAVJz5ga7eidY","privKey":"MF37mw6H9uBrd0AjQpRcxiGNxzD60E/NBjylz3273Wg="},"lastRemoteEphemeralKey":"BalMRbpxaSEg+9GkkkaYLGg0urLZ62TAA5JG6zNxT51E","previousCounter":0,"rootKey":"ba6bpzDMJB/hd8zcA1jcTJcK8edMXifD9FonJzSvBww="},"indexInfo":{"baseKey":"BTKUMEIYAsdrExywe2E+xaNmD07P96hUHZsPNpHR6+87","baseKeyType":1,"closed":1731706650527,"used":1731706650052,"created":1731706650052,"remoteIdentityKey":"BViXmMU3ExtYzMwRCs8sGdvsFSxtlHEnoAtWMKAKkjUJ"},"_chains":{"BQzratSK5cmYAZZC/lbqw/+jYuR4cgsTAVJz5ga7eidY":{"chainKey":{"counter":-1,"key":"OSrQelb/hZT1gJhiiQL94LzUwmYDK4ku6iKz/MeAOwI="},"chainType":1,"messageKeys":{}}},"pendingPreKey":{"signedKeyId":5,"baseKey":"BTKUMEIYAsdrExywe2E+xaNmD07P96hUHZsPNpHR6+87","preKeyId":5214770}},"BXqq2vl2Teclm64NYX5OZdOg3CeGgP2Us1FIfjeCerUT":{"registrationId":815661756,"currentRatchet":{"ephemeralKeyPair":{"pubKey":"Bd1lK+3aZbfzZB0OoSs9fpRq+btk5M7kZPrTwuzh3X8m","privKey":"uAxQaMIy/PPiKJPLL8WLyvKARd/JOKmhBCs83ip8gnQ="},"lastRemoteEphemeralKey":"BalMRbpxaSEg+9GkkkaYLGg0urLZ62TAA5JG6zNxT51E","previousCounter":0,"rootKey":"tQa193KKA2l+7ZwT8CVhLvqFWeN/IB/INNL3tQvn0lw="},"indexInfo":{"baseKey":"BXqq2vl2Teclm64NYX5OZdOg3CeGgP2Us1FIfjeCerUT","baseKeyType":1,"closed":1731706650887,"used":1731706650519,"created":1731706650519,"remoteIdentityKey":"BViXmMU3ExtYzMwRCs8sGdvsFSxtlHEnoAtWMKAKkjUJ"},"_chains":{"Bd1lK+3aZbfzZB0OoSs9fpRq+btk5M7kZPrTwuzh3X8m":{"chainKey":{"counter":-1,"key":"V8U+zHHCP52obpYSKA1aCc3IxIcMjFa6t+3n6jrzwEk="},"chainType":1,"messageKeys":{}}},"pendingPreKey":{"signedKeyId":5,"baseKey":"BXqq2vl2Teclm64NYX5OZdOg3CeGgP2Us1FIfjeCerUT","preKeyId":5214555}},"BQ9AoBT+8Z6hiivu4PNKASXXLwhf0RPfUpBiRLBL8SQJ":{"registrationId":815661756,"currentRatchet":{"ephemeralKeyPair":{"pubKey":"BZqabw2qLUbJE7Kx+XbKeIY4jX4d6ygNi9YWOLjG+F8A","privKey":"8CvKLgQyeV30KHIn94yfk4ZRhARtIzz+izXGXhcBAkE="},"lastRemoteEphemeralKey":"BalMRbpxaSEg+9GkkkaYLGg0urLZ62TAA5JG6zNxT51E","previousCounter":0,"rootKey":"7Bhu5fz8YoCW8z5CYg7E3EU+wZHneXX818aU/zGuUVs="},"indexInfo":{"baseKey":"BQ9AoBT+8Z6hiivu4PNKASXXLwhf0RPfUpBiRLBL8SQJ","baseKeyType":1,"closed":1731706651273,"used":1731706650879,"created":1731706650879,"remoteIdentityKey":"BViXmMU3ExtYzMwRCs8sGdvsFSxtlHEnoAtWMKAKkjUJ"},"_chains":{"BZqabw2qLUbJE7Kx+XbKeIY4jX4d6ygNi9YWOLjG+F8A":{"chainKey":{"counter":-1,"key":"y0Z5csaldIQuUNgTTX40JAxDbsazmuJE6QmxoDp/T5Y="},"chainType":1,"messageKeys":{}}},"pendingPreKey":{"signedKeyId":5,"baseKey":"BQ9AoBT+8Z6hiivu4PNKASXXLwhf0RPfUpBiRLBL8SQJ","preKeyId":5214440}},"BQEZZExa/j//ZRckH1yvdkY/NSaP9rUML9mBegk1zBVt":{"registrationId":815661756,"currentRatchet":{"ephemeralKeyPair":{"pubKey":"BeE3JTux3HhEPdskGCFyLqoWk3I7B/LPHRn1dZmkgflY","privKey":"SBS0DYl/HUEWhmI1jrKuz6AD6NRlo7WMi06U9sKj4kM="},"lastRemoteEphemeralKey":"BalMRbpxaSEg+9GkkkaYLGg0urLZ62TAA5JG6zNxT51E","previousCounter":0,"rootKey":"CPFIIK0gYyQJvmsTUn10XYYJiVj/yQyKgAw+gk9/DEs="},"indexInfo":{"baseKey":"BQEZZExa/j//ZRckH1yvdkY/NSaP9rUML9mBegk1zBVt","baseKeyType":1,"closed":1731706651614,"used":1731706651268,"created":1731706651268,"remoteIdentityKey":"BViXmMU3ExtYzMwRCs8sGdvsFSxtlHEnoAtWMKAKkjUJ"},"_chains":{"BeE3JTux3HhEPdskGCFyLqoWk3I7B/LPHRn1dZmkgflY":{"chainKey":{"counter":-1,"key":"8dJK5ZA1LDpi7LUS0Rw4X65f1NioSsfjc3Hvc3lSeiA="},"chainType":1,"messageKeys":{}}},"pendingPreKey":{"signedKeyId":5,"baseKey":"BQEZZExa/j//ZRckH1yvdkY/NSaP9rUML9mBegk1zBVt","preKeyId":5214865}},"BbQxwALJSxZPfgdBVIn9NmfJXGW9igdf/zXzQISkLYsk":{"registrationId":815661756,"currentRatchet":{"ephemeralKeyPair":{"pubKey":"BQ2SgrQLtsmiznU5d1FgPSYecycaDr3BT16FaJC8Y3N+","privKey":"6ODbaw30X3Fnmau05DcZDQEnU97XnATjKWVx1wtWk0M="},"lastRemoteEphemeralKey":"BalMRbpxaSEg+9GkkkaYLGg0urLZ62TAA5JG6zNxT51E","previousCounter":0,"rootKey":"PTQfhQnEGNeG/whZ8T35cELr2zTZ9ewhIlKAOvdC4og="},"indexInfo":{"baseKey":"BbQxwALJSxZPfgdBVIn9NmfJXGW9igdf/zXzQISkLYsk","baseKeyType":1,"closed":1731706651966,"used":1731706651609,"created":1731706651609,"remoteIdentityKey":"BViXmMU3ExtYzMwRCs8sGdvsFSxtlHEnoAtWMKAKkjUJ"},"_chains":{"BQ2SgrQLtsmiznU5d1FgPSYecycaDr3BT16FaJC8Y3N+":{"chainKey":{"counter":-1,"key":"NWlnfyhtUYxGdXc86nRGJVflOSwcvCQunS85xLSrwc4="},"chainType":1,"messageKeys":{}}},"pendingPreKey":{"signedKeyId":5,"baseKey":"BbQxwALJSxZPfgdBVIn9NmfJXGW9igdf/zXzQISkLYsk","preKeyId":5214571}},"BWYBurPzwuWCV5A2psWpgGekrc0P/K/s+m+ix0GDKmRr":{"registrationId":815661756,"currentRatchet":{"ephemeralKeyPair":{"pubKey":"BV57zRcH35K/t7vr2oT2hXDRO15y4z8kFiduLuyMJk1T","privKey":"WH/qKrTcbnkpLF/o0a07D8A10YQAX25DUG+TP9wVWUA="},"lastRemoteEphemeralKey":"BalMRbpxaSEg+9GkkkaYLGg0urLZ62TAA5JG6zNxT51E","previousCounter":0,"rootKey":"mBUUcl2LTr9RM9tH2pZKK0MyUDNOSRENHAHc6tYzhHM="},"indexInfo":{"baseKey":"BWYBurPzwuWCV5A2psWpgGekrc0P/K/s+m+ix0GDKmRr","baseKeyType":1,"closed":1731706652301,"used":1731706651956,"created":1731706651956,"remoteIdentityKey":"BViXmMU3ExtYzMwRCs8sGdvsFSxtlHEnoAtWMKAKkjUJ"},"_chains":{"BV57zRcH35K/t7vr2oT2hXDRO15y4z8kFiduLuyMJk1T":{"chainKey":{"counter":-1,"key":"Fi/uHCUCAzAgdSAK7zzwCxEdUb2C2m3WbAlBMPZ7udw="},"chainType":1,"messageKeys":{}}},"pendingPreKey":{"signedKeyId":5,"baseKey":"BWYBurPzwuWCV5A2psWpgGekrc0P/K/s+m+ix0GDKmRr","preKeyId":5214572}},"BcjCzaXSGT0QyGrmpkvSJvuNGKdFd8i1G5LSm6sVhEgV":{"registrationId":815661756,"currentRatchet":{"ephemeralKeyPair":{"pubKey":"Bf/UI9at3cPwJRlPRUY9lrCK9IN/XmwslLRY2qYgO+MQ","privKey":"YJ5vBWUsCc3rXXg0llluL+QeFyk/vstAf6WTRrlskVY="},"lastRemoteEphemeralKey":"BalMRbpxaSEg+9GkkkaYLGg0urLZ62TAA5JG6zNxT51E","previousCounter":0,"rootKey":"oayGeIlH3ntti8RpzyNC8L5O3b0apEtzj0/7B+PzVLs="},"indexInfo":{"baseKey":"BcjCzaXSGT0QyGrmpkvSJvuNGKdFd8i1G5LSm6sVhEgV","baseKeyType":1,"closed":1731706652632,"used":1731706652296,"created":1731706652296,"remoteIdentityKey":"BViXmMU3ExtYzMwRCs8sGdvsFSxtlHEnoAtWMKAKkjUJ"},"_chains":{"Bf/UI9at3cPwJRlPRUY9lrCK9IN/XmwslLRY2qYgO+MQ":{"chainKey":{"counter":-1,"key":"etpzuzfsRgUJxY/58HNavpa5m4Y7fe85gAE9zknQvf0="},"chainType":1,"messageKeys":{}}},"pendingPreKey":{"signedKeyId":5,"baseKey":"BcjCzaXSGT0QyGrmpkvSJvuNGKdFd8i1G5LSm6sVhEgV","preKeyId":5214511}},"BZWjuMMfiYkLMjEnWPD4wvCyuWFVouuSlCyWYxOrBwY4":{"registrationId":815661756,"currentRatchet":{"ephemeralKeyPair":{"pubKey":"Bcceee7c9RcSWLe70ZwhsvERHvOrTnfba1TONCkYV19r","privKey":"ECptx3XIAlpcQPTfW6/Or6SSla/23L/aQUWSZg3us1Q="},"lastRemoteEphemeralKey":"BXn7j8d8NpArjg+32z+EItNrQ5dkW31FzUZZl8q9qydw","previousCounter":7,"rootKey":"FCESbFdQhLZR+fLOsdYQ3XWmmH+1iKGykVhfm8X44pQ="},"indexInfo":{"baseKey":"BZWjuMMfiYkLMjEnWPD4wvCyuWFVouuSlCyWYxOrBwY4","baseKeyType":1,"closed":-1,"used":1731751433221,"created":1731706652626,"remoteIdentityKey":"BViXmMU3ExtYzMwRCs8sGdvsFSxtlHEnoAtWMKAKkjUJ"},"_chains":{"BXn7j8d8NpArjg+32z+EItNrQ5dkW31FzUZZl8q9qydw":{"chainKey":{"counter":0,"key":"zgDu+w+msQchz4tazjB4Php/PgxJ7Oy6NYbkczXxU1U="},"chainType":2,"messageKeys":{}},"Bcceee7c9RcSWLe70ZwhsvERHvOrTnfba1TONCkYV19r":{"chainKey":{"counter":33,"key":"MLx0/iNiy9QbAfYnux/yqBCbmySOrw6pg2C+507j/5s="},"chainType":1,"messageKeys":{}}}}},"version":"v1"}