{"_sessions":{"BRIE3WlzHMb5R1EAFULzsKx/UitbfOIFz8Am1KafvU9X":{"registrationId":949006449,"currentRatchet":{"ephemeralKeyPair":{"pubKey":"BQDNgoVINOkw08rOF8lWLX5VGzebHJHcXQpKmfI/6AIT","privKey":"eL4IdGraN4bcdSfDIxy5nzbBrCQ6mXkOlN4cn0s9PUQ="},"lastRemoteEphemeralKey":"BSwqaD/ylBKC0gnXtmo0iBVeV0Hnj1P0QNkaW3j7VchQ","previousCounter":0,"rootKey":"eFx2mjX0Xxyen4qgoajlBBvzmZ8bEIsIXYveHgPZQO0="},"indexInfo":{"baseKey":"BRIE3WlzHMb5R1EAFULzsKx/UitbfOIFz8Am1KafvU9X","baseKeyType":1,"closed":-1,"used":1731956537245,"created":1731956537245,"remoteIdentityKey":"BWyQgcFabsH8ngPuHBsEdHmNgKzlC49rpjo2y36py2V+"},"_chains":{"BQDNgoVINOkw08rOF8lWLX5VGzebHJHcXQpKmfI/6AIT":{"chainKey":{"counter":0,"key":"cc42DC72hQ6bi7GOCaHWGnpiDtHnDJOYD8eIeuwU0+4="},"chainType":1,"messageKeys":{}}},"pendingPreKey":{"signedKeyId":1,"baseKey":"BRIE3WlzHMb5R1EAFULzsKx/UitbfOIFz8Am1KafvU9X","preKeyId":4833634}}},"version":"v1"}