{"_sessions":{"BbqyVj+YwMniGR3VZIEw8VnM0VTvUyq7j1zYEcobPyNX":{"registrationId":598051243,"currentRatchet":{"ephemeralKeyPair":{"pubKey":"BU2X5gCLMDhjKwGerYJlX1ht+YB/mWytVVjSrH0IfWEc","privKey":"sCJxDg9DSNXuDOMZT82sDy0h8iZcj0hrW035SNVfBlY="},"lastRemoteEphemeralKey":"BUSIxrWfXnDqSMQBX8cb4fV6VHOmTR/zWYS95TATCK8N","previousCounter":0,"rootKey":"8h8lUrHDNKh3Ek+S9G+nUiSyxlPoJgD0biqNO+DCZtQ="},"indexInfo":{"baseKey":"BbqyVj+YwMniGR3VZIEw8VnM0VTvUyq7j1zYEcobPyNX","baseKeyType":1,"closed":-1,"used":1731707442971,"created":1731707442971,"remoteIdentityKey":"BaMZF4j1vTko78ro6WRGBxEdIXgySxm26QjATmDdzLp7"},"_chains":{"BU2X5gCLMDhjKwGerYJlX1ht+YB/mWytVVjSrH0IfWEc":{"chainKey":{"counter":1,"key":"nEs9iq0BHtbpYQyCtrk01XRToH21FQeDZLfk42X760Y="},"chainType":1,"messageKeys":{}}},"pendingPreKey":{"signedKeyId":12,"baseKey":"BbqyVj+YwMniGR3VZIEw8VnM0VTvUyq7j1zYEcobPyNX","preKeyId":181432}}},"version":"v1"}