{"_sessions":{"BWzphdB08xaSXrH9xu8PgcA6ETAg48oXprcg5wKKRuB1":{"registrationId":372828144,"currentRatchet":{"ephemeralKeyPair":{"pubKey":"BZeIyBco/PwTaLJrSEzmS/Qyok2MkckTi3Szumghl89j","privKey":"CBoQ8RhWjj6y5FF36a4Ap8VRyT7Ho3Zs1q+VaTJYRHg="},"lastRemoteEphemeralKey":"Bc3I7pM/4x+CxuNaOvLozJ5nd5PFcV3kJnizF8Kxt+0/","previousCounter":0,"rootKey":"HKWZwqSfg8MUNN62aTsxGPc+0rsBlloDHjbgaDAK6FI="},"indexInfo":{"baseKey":"BWzphdB08xaSXrH9xu8PgcA6ETAg48oXprcg5wKKRuB1","baseKeyType":1,"closed":-1,"used":1731675016834,"created":1731675016834,"remoteIdentityKey":"BXMzKK2AY+Gvx1xhNNoTVBgcIE+tKRWuhVt/80kOkEsq"},"_chains":{"BZeIyBco/PwTaLJrSEzmS/Qyok2MkckTi3Szumghl89j":{"chainKey":{"counter":0,"key":"tisUWlqGFIkbXLd2l9WXx8N2YS7Q7iuiQ8wO5fSUevE="},"chainType":1,"messageKeys":{}}},"pendingPreKey":{"signedKeyId":4,"baseKey":"BWzphdB08xaSXrH9xu8PgcA6ETAg48oXprcg5wKKRuB1","preKeyId":16122208}}},"version":"v1"}