{"_sessions":{"BQC4VeycbHDBUlZFX2yn9TwPofEzeY9Pgyh+an6E7Clv":{"registrationId":1543802198,"currentRatchet":{"ephemeralKeyPair":{"pubKey":"BUxv4fmphacJZuGoUlSr0OuA88+5UEGRj/AHkOjxDIZ7","privKey":"mO16y05p/Q3AiGwugq1y+F4PmpzVbp+qk0PJKbOBwXg="},"lastRemoteEphemeralKey":"BRBSWJJfT/gWre5CS9BxhxUpUq5hqa1SN/hSKimBkOoi","previousCounter":0,"rootKey":"0FJNzBIh1GLDpvZuIY8xKDiukxZhRv/vGshF3eF494s="},"indexInfo":{"baseKey":"BQC4VeycbHDBUlZFX2yn9TwPofEzeY9Pgyh+an6E7Clv","baseKeyType":1,"closed":1731669274992,"used":1731669260698,"created":1731669260698,"remoteIdentityKey":"BUEZZZNu4QNukAPko8uSkXzbEuR3Goa/cZzcU0Fv3ak9"},"_chains":{"BUxv4fmphacJZuGoUlSr0OuA88+5UEGRj/AHkOjxDIZ7":{"chainKey":{"counter":0,"key":"WAdn7iqvs/qMxOj2YTlWILfX2f1z7V/An5yHcPoJxmA="},"chainType":1,"messageKeys":{}}},"pendingPreKey":{"signedKeyId":8,"baseKey":"BQC4VeycbHDBUlZFX2yn9TwPofEzeY9Pgyh+an6E7Clv","preKeyId":13901421}},"BRXdpdi3u9JRVK4M0/TQDtyVxc2v8FwLWWjXVW7SVChA":{"registrationId":1543802198,"currentRatchet":{"ephemeralKeyPair":{"pubKey":"BRSo+h0GMgrZgtxDG0E5pqntiBFJUpXVxDCP9Wy42L9B","privKey":"mKw6E4D1fN9kOFYrUk+HHT6Ka+y3FsqKa7K9mpyRsEo="},"lastRemoteEphemeralKey":"Bf2GypSG1e2nHsQrjl7ZShIiVBa7GNwupGym8tNUqGUW","previousCounter":14,"rootKey":"X/b32VpiMjz/8RV5mGkLoNNk4m9Z9zRajusvvVdGj2g="},"indexInfo":{"baseKey":"BRXdpdi3u9JRVK4M0/TQDtyVxc2v8FwLWWjXVW7SVChA","baseKeyType":1,"closed":-1,"used":1731924068032,"created":1731669274498,"remoteIdentityKey":"BUEZZZNu4QNukAPko8uSkXzbEuR3Goa/cZzcU0Fv3ak9"},"_chains":{"BcRiHHPRoHH3D9Dx+FxKrOwQmgq1ZP7uEu6fTB+WjcYa":{"chainKey":{"counter":0},"chainType":2,"messageKeys":{}},"Bfrvv5E/wA0KdYlJas0o2Wd668v65hl7xChl7pKxpe5H":{"chainKey":{"counter":0},"chainType":2,"messageKeys":{}},"Bf2GypSG1e2nHsQrjl7ZShIiVBa7GNwupGym8tNUqGUW":{"chainKey":{"counter":0,"key":"QGEukB+QRJ+KHUxedg19xJLWjiKSNUusbHIWSxy8Lbg="},"chainType":2,"messageKeys":{}},"BRSo+h0GMgrZgtxDG0E5pqntiBFJUpXVxDCP9Wy42L9B":{"chainKey":{"counter":17,"key":"h3DuxXvPodRdJq69Vxqjtk4F1NKXe9GjwyU4Dp6pgvk="},"chainType":1,"messageKeys":{}}}}},"version":"v1"}