{"_sessions":{"BSDTAVb/VNlQfr1RJqDYNoQuKe5QfTLpnFaq9vD6TWlO":{"registrationId":1936257387,"currentRatchet":{"ephemeralKeyPair":{"pubKey":"BT5bGiqjm6vg/lQToK27L7kzd3qRwrlIJzdWy2TM42dk","privKey":"6IKa5w3KFctf+d852vsxYlqeAFmR079H1UISf8ATy08="},"lastRemoteEphemeralKey":"Ba7zc64WFRHE46h9IDS2GI6+F5pMHP/Q84VI1B8xAcpk","previousCounter":0,"rootKey":"7Pww9rqOVSLh1UL/zQJQIG9L0zoLPAFwvQ3Mmz+k3TY="},"indexInfo":{"baseKey":"BSDTAVb/VNlQfr1RJqDYNoQuKe5QfTLpnFaq9vD6TWlO","baseKeyType":1,"closed":-1,"used":1731789721156,"created":1731675016695,"remoteIdentityKey":"BS6G95AazDwH9/rJfNJztv+8udDyXRJyGhJ2HwmGJNcS"},"_chains":{"Ba7zc64WFRHE46h9IDS2GI6+F5pMHP/Q84VI1B8xAcpk":{"chainKey":{"counter":0,"key":"Oyqjm0s+/QtgB+CWxuCIVcFjPR+hNovXKkRvir2ycf4="},"chainType":2,"messageKeys":{}},"BT5bGiqjm6vg/lQToK27L7kzd3qRwrlIJzdWy2TM42dk":{"chainKey":{"counter":-1,"key":"iNxBXn/SXddUW/NPPqSvX/S4D05IqfruUp88EwCTRWM="},"chainType":1,"messageKeys":{}}}}},"version":"v1"}