{"_sessions":{"Bd8xlY5fsUMC1uvA8FXCEzKFvhySxQv3mlpZk77v+7wS":{"registrationId":1821618572,"currentRatchet":{"ephemeralKeyPair":{"pubKey":"BRqmieJ2X5DrD7Uo4mtLpCnb+PNZkW9b0BSgQZSmU9pH","privKey":"YAOlhqWmJSKN/+3Fgs1J44fU5l05GQoW37W4PuJn0m8="},"lastRemoteEphemeralKey":"Ba8mnJrCcGYYbfE2OAfEd43yBqVV1hdPSxT2+2Sc9Ggr","previousCounter":0,"rootKey":"CAhw+rWrHxlZDbGoC+dFG3lYiPE1jgVtW4DsxFOl4JE="},"indexInfo":{"baseKey":"Bd8xlY5fsUMC1uvA8FXCEzKFvhySxQv3mlpZk77v+7wS","baseKeyType":2,"closed":-1,"used":1731755356954,"created":1731755356954,"remoteIdentityKey":"Baw5Vjcn46T5dRWj1F7jDDUfcXCbOwk+7GtRE3hovd9J"},"_chains":{"Ba8mnJrCcGYYbfE2OAfEd43yBqVV1hdPSxT2+2Sc9Ggr":{"chainKey":{"counter":0,"key":"9CcgEk5PtqVWc1aQwo8wlc7XpZInUxFLviT7Txlu5N8="},"chainType":2,"messageKeys":{}},"BRqmieJ2X5DrD7Uo4mtLpCnb+PNZkW9b0BSgQZSmU9pH":{"chainKey":{"counter":-1,"key":"4liOmtO1jvYklYbfc2Q2RSaqhjodI2XCKaFZdXxm5ZM="},"chainType":1,"messageKeys":{}}}}},"version":"v1"}