{"_sessions":{"Bay6+AYAM9NOnXhmP93EbvPJMkJGb5YTnL8i0L803YJG":{"registrationId":39773098,"currentRatchet":{"ephemeralKeyPair":{"pubKey":"BYuSGZRvZHUVlNR3bu8o9rXfScOhi3IRDMI8acdb/3hV","privKey":"6KqCYCgV8LhbaXfSo/W7kHlagHyktBx5sEI4zEnYoXo="},"lastRemoteEphemeralKey":"BdO9b6xPc7d3gRcpgytYpDBcHw5++yqjm8kykPaTMhpN","previousCounter":0,"rootKey":"xnWJs1M1FIVHk9D1B83X6zfEoFciRAdnOvm+B9a8uNY="},"indexInfo":{"baseKey":"Bay6+AYAM9NOnXhmP93EbvPJMkJGb5YTnL8i0L803YJG","baseKeyType":1,"closed":-1,"used":1731890240650,"created":1731675016609,"remoteIdentityKey":"BaWD+xFBw+TBv/MxNTYYDgK31KX3WLlixo0iwehPedU3"},"_chains":{"BdO9b6xPc7d3gRcpgytYpDBcHw5++yqjm8kykPaTMhpN":{"chainKey":{"counter":0,"key":"3thryRnuPChVBQeOOSYrUL1Ge00MAL+CARprxnmsdXA="},"chainType":2,"messageKeys":{}},"BYuSGZRvZHUVlNR3bu8o9rXfScOhi3IRDMI8acdb/3hV":{"chainKey":{"counter":-1,"key":"BNWiFw9oefaMPpuqBUveOm+Le1Z82tfo72p97kyQjsY="},"chainType":1,"messageKeys":{}}}}},"version":"v1"}