{"_sessions":{"BdeZJ6gaauI0h2im2jsr1+T0GHPZ9DIZaIcXqwoLWF1N":{"registrationId":621921132,"currentRatchet":{"ephemeralKeyPair":{"pubKey":"BQ+l8t+/QRFNN6H4uQFZfcv6Jxau71tcehbbYsmNguBU","privKey":"eD7AZ+zSArEGbu/W8q+GlQFdqjZUgQO9uysvZXuB60k="},"lastRemoteEphemeralKey":"BcqZ4JHG/MYyI0ukOZ5o7NEWCzdaIkGhuJmxn66ti8pM","previousCounter":1,"rootKey":"QvUmc1t9v0zUoaya2NMcp4uRQE5Fc/XLl7KjcJp8bro="},"indexInfo":{"baseKey":"BdeZJ6gaauI0h2im2jsr1+T0GHPZ9DIZaIcXqwoLWF1N","baseKeyType":2,"closed":-1,"used":1731884181119,"created":1731763421901,"remoteIdentityKey":"BZC9Fc1LKcAyQuuN7ToD1amje9XT/EcudvjuftiGJNYE"},"_chains":{"BfaeAFZojIYpvDrDDiJpnofUxQmK5G4eBt+7B7xQSe5C":{"chainKey":{"counter":0},"chainType":2,"messageKeys":{}},"BcqZ4JHG/MYyI0ukOZ5o7NEWCzdaIkGhuJmxn66ti8pM":{"chainKey":{"counter":2,"key":"LElJkO1Di71VR/oHsLQmycHnNLzz4CxVtenl2ZqqaHk="},"chainType":2,"messageKeys":{}},"BQ+l8t+/QRFNN6H4uQFZfcv6Jxau71tcehbbYsmNguBU":{"chainKey":{"counter":-1,"key":"aDoaQZz1Wg7g08otKIp5TvRRYEEaPVJeB/j1A1X64D4="},"chainType":1,"messageKeys":{}}}}},"version":"v1"}