{"_sessions":{"BRJm3TjVB2SynlJsT+gTnLkB1AzEB4ORriizq7FOhQUU":{"registrationId":1627012850,"currentRatchet":{"ephemeralKeyPair":{"pubKey":"Bab/glLnUaapBtEIElz1RXm3UEf6HYZQ3mFLccMGAbM6","privKey":"6MZ31ZXQk9TAkwboJpEuZIO/kC0SIsFBpIAEt/zCfUw="},"lastRemoteEphemeralKey":"BUVj2BNzwhXeIsIcNN/FD0Qhf+tnDg1cQVN6ZDbAUtom","previousCounter":1,"rootKey":"RKxTUlBmEMpnJjE7ZjB/NemwDl0CHIdcNqgFQUloleA="},"indexInfo":{"baseKey":"BRJm3TjVB2SynlJsT+gTnLkB1AzEB4ORriizq7FOhQUU","baseKeyType":1,"closed":-1,"used":1731870627947,"created":1731707442849,"remoteIdentityKey":"BfSazdR/VC6ICRw4PIkvk3M7ZNsFzkDHBvZTQpBEKA4S"},"_chains":{"BUVj2BNzwhXeIsIcNN/FD0Qhf+tnDg1cQVN6ZDbAUtom":{"chainKey":{"counter":0,"key":"xGnCQBzv63om/1HQfm7UcF09d1LwRBLTNCDD6sUoHQc="},"chainType":2,"messageKeys":{}},"Bab/glLnUaapBtEIElz1RXm3UEf6HYZQ3mFLccMGAbM6":{"chainKey":{"counter":-1,"key":"f/dpGuh+SD0f8BAiVSJUgqshI7NPePNjBxlGOhDf6JQ="},"chainType":1,"messageKeys":{}}}}},"version":"v1"}