{"_sessions":{"BS6KYpkuZYVv24A7JMi0xP/UpEvQCymmER6IJaCnU85/":{"registrationId":1131168278,"currentRatchet":{"ephemeralKeyPair":{"pubKey":"BbNiqyL0kCcQam30pRG/z+iy9jrWeqlTDJ45le/UZGYf","privKey":"6BD2EzmTpg/+5J2U79Z+sV1RFW6NFPI/57dH8vHhy34="},"lastRemoteEphemeralKey":"BYXFsymga0O5acuglZxUpZtXv+W+2ZqofK+Ib3O87v9n","previousCounter":0,"rootKey":"hrmqkYjc0+l/lLI6OHzT+V/KE8ezqmqNOUllKa5r/l4="},"indexInfo":{"baseKey":"BS6KYpkuZYVv24A7JMi0xP/UpEvQCymmER6IJaCnU85/","baseKeyType":2,"closed":-1,"used":1731986744725,"created":1731708748852,"remoteIdentityKey":"BYIKAPkgeR8D3cPS64LtHX286zQOAIuuvKWxL2z4l2ch"},"_chains":{"BbeeVdXaUcI3W7Zi6cU3QwyFIQJFdVh1TAhAuLdya88W":{"chainKey":{"counter":0},"chainType":2,"messageKeys":{}},"BVAORnCMU12u6s0IHh85Q3eZsopSf9HHLqhQKfduFw1j":{"chainKey":{"counter":4},"chainType":2,"messageKeys":{"2":"bT4I9g4ZJpto2cyPANByqtX47UsGIUH7fn8KER4Q9a0="}},"BUT942XUYR65K4GCsL0k95a2BzuNLSmgZMW9HxBwdixt":{"chainKey":{"counter":0},"chainType":2,"messageKeys":{}},"BW+SfcYybytAtfncjNVSJXmUbsvh0Jta81t9NK0JpKlm":{"chainKey":{"counter":0},"chainType":2,"messageKeys":{}},"BSnHSZfrua721z4LGIVonwiSKSpEzQq+iaqcHPXhELV/":{"chainKey":{"counter":0},"chainType":2,"messageKeys":{}},"BaU7lOb8OOM4tyZn7uumrJUS2eLRC7MsRNk787lBRep4":{"chainKey":{"counter":1},"chainType":2,"messageKeys":{}},"Bdlc6ho7UrOK87HLlbjjrbl83Xm9JbRhbuBurGUZXG9F":{"chainKey":{"counter":0},"chainType":2,"messageKeys":{}},"BWt+7P8aH/rsxxzljEn9cdcipLjRQLcLJ1YnKUuyDuNe":{"chainKey":{"counter":2},"chainType":2,"messageKeys":{}},"BTvcJrMBNWB2AZJK5iCYArUnoRQ4HRYPMIYEH1IoSYRC":{"chainKey":{"counter":0},"chainType":2,"messageKeys":{}},"BYXFsymga0O5acuglZxUpZtXv+W+2ZqofK+Ib3O87v9n":{"chainKey":{"counter":0,"key":"40Wb1pQkQ7GRh+hqrZKGPn8WElUThyK2T537EzrpUWM="},"chainType":2,"messageKeys":{}},"BbNiqyL0kCcQam30pRG/z+iy9jrWeqlTDJ45le/UZGYf":{"chainKey":{"counter":-1,"key":"yE6pkVmx5DGDhb1EpfivT3PuJUMXcFB+qJzRXLGZ+60="},"chainType":1,"messageKeys":{}}}}},"version":"v1"}