{"_sessions":{"BbcpN16kw1PUcg2daY1sHTk6raC3Fuos2B9AfHHhN8kg":{"registrationId":2022192011,"currentRatchet":{"ephemeralKeyPair":{"pubKey":"BWthM9dJqOzKMHgJ9hzTR6NA96K/FvaUbVEx7PUyQwNw","privKey":"YBnC+kvxwhhBoz6vG114cxSRt4jOIcIOx4wSTnuf8UU="},"lastRemoteEphemeralKey":"BV/5u8jXUxfixsSQ1eB9evaRnTsjYCsKtIRWBcCUz890","previousCounter":0,"rootKey":"ZPLc3fLQAt5cEHZz000Z69xg6kStcT/CVZuqTXbBB9E="},"indexInfo":{"baseKey":"BbcpN16kw1PUcg2daY1sHTk6raC3Fuos2B9AfHHhN8kg","baseKeyType":1,"closed":1731669274831,"used":1731669258209,"created":1731669258209,"remoteIdentityKey":"BblBN0zw7OTcxCkwV9dYUotjAWeD/No4ndTgtcCAhzQD"},"_chains":{"BWthM9dJqOzKMHgJ9hzTR6NA96K/FvaUbVEx7PUyQwNw":{"chainKey":{"counter":0,"key":"NO1AHKAggl/zVHsyPKUtAMPcSv+l38f11/jyBW2r58w="},"chainType":1,"messageKeys":{}}},"pendingPreKey":{"signedKeyId":1,"baseKey":"BbcpN16kw1PUcg2daY1sHTk6raC3Fuos2B9AfHHhN8kg","preKeyId":15224902}},"BZKnK0O4Ft42ZBXLYuvOM/VqJHdHL99iSUvMp37JN4hW":{"registrationId":2022192011,"currentRatchet":{"ephemeralKeyPair":{"pubKey":"Bb8DzwVE83ihOOWaGIUm4mUNccOxTK0eVuS4yiLGHNQH","privKey":"cIjadX2S1KWfrumJiwfY7cSUmwlE384IvUQms+KC6nk="},"lastRemoteEphemeralKey":"BaixNe05jI179bQjKN/IXkFioWgGyeeASYGSGrQmqUQb","previousCounter":13,"rootKey":"VUiHmu2MV73OhBjqstWa+LCAdhH9XBEiu0E/Gkl+OLg="},"indexInfo":{"baseKey":"BZKnK0O4Ft42ZBXLYuvOM/VqJHdHL99iSUvMp37JN4hW","baseKeyType":1,"closed":-1,"used":1731924065829,"created":1731669272112,"remoteIdentityKey":"BblBN0zw7OTcxCkwV9dYUotjAWeD/No4ndTgtcCAhzQD"},"_chains":{"BXXhWV13dWA7Y0CGjPArKpgemvrnAHMy61ySKQjLxKxO":{"chainKey":{"counter":0},"chainType":2,"messageKeys":{}},"Ba8jv/oCRkUpoHFWiyLPVlO/r79vex/kvvWWcMY07tcF":{"chainKey":{"counter":0},"chainType":2,"messageKeys":{}},"BaixNe05jI179bQjKN/IXkFioWgGyeeASYGSGrQmqUQb":{"chainKey":{"counter":0,"key":"TEq0/vt+VXtw6oX4ymFydetsZwzgikzfke8N6pjOTaU="},"chainType":2,"messageKeys":{}},"Bb8DzwVE83ihOOWaGIUm4mUNccOxTK0eVuS4yiLGHNQH":{"chainKey":{"counter":8,"key":"14uA7vLOJejJo6zsV2wAYoNhuFDl5HUwn/MocbDjWR0="},"chainType":1,"messageKeys":{}}}}},"version":"v1"}