{"_sessions":{"BXOtYGMYuj6dXancOfHZBynWE/rBGXRKZ7//KwwCb9lG":{"registrationId":419082275,"currentRatchet":{"ephemeralKeyPair":{"pubKey":"BTjYCcQ8IP/usImchCk5syNEVvHXtlH2+HXFUeqklWQT","privKey":"SFNJc3zuzKgNGQbWgdKiK0xpV9pX1KVrViUW19R/X24="},"lastRemoteEphemeralKey":"BVZY8jyXMaTuIXeAYNCrG61Wpj3IQURJiHryJg6jIHhn","previousCounter":0,"rootKey":"75queVMPhi4X0Qpg2VMDDYbH7E+FWiry1JCE6T99CLU="},"indexInfo":{"baseKey":"BXOtYGMYuj6dXancOfHZBynWE/rBGXRKZ7//KwwCb9lG","baseKeyType":1,"closed":1731669274902,"used":1731669259548,"created":1731669259548,"remoteIdentityKey":"BXSlAuFXmeaEq+5SMo4DqtsCDKzp74SGEWjR3RtGhOVZ"},"_chains":{"BTjYCcQ8IP/usImchCk5syNEVvHXtlH2+HXFUeqklWQT":{"chainKey":{"counter":0,"key":"J/M2Pc3Edwn9rEe8hDmDe+sOWllbiqfNnznQ5sgxz5s="},"chainType":1,"messageKeys":{}}},"pendingPreKey":{"signedKeyId":0,"baseKey":"BXOtYGMYuj6dXancOfHZBynWE/rBGXRKZ7//KwwCb9lG","preKeyId":8377313}},"BXsRIgEfDPe2oOnVMy9/XDHs6oxYH2Zo8Wq0s8hIKQ59":{"registrationId":419082275,"currentRatchet":{"ephemeralKeyPair":{"pubKey":"BXuI61CwdZaU+qkGVlvu+A3/MkFNP74UKNupPK9Ybv08","privKey":"+PuQHpj5AaZ6akaneuTMs5ze+3TvzWjGE8iHKcbS+XA="},"lastRemoteEphemeralKey":"BdIsKkQeDCosGOGDy4+mRcMDOhsphzt9ZN8mVyvRgf8p","previousCounter":3,"rootKey":"byi0C9KtIfSn15cyF8KntG+lxC/MYnyXOHsYai1Gj1w="},"indexInfo":{"baseKey":"BXsRIgEfDPe2oOnVMy9/XDHs6oxYH2Zo8Wq0s8hIKQ59","baseKeyType":1,"closed":-1,"used":1732029970025,"created":1731669273435,"remoteIdentityKey":"BXSlAuFXmeaEq+5SMo4DqtsCDKzp74SGEWjR3RtGhOVZ"},"_chains":{"BahjWuwODz2FMZ7sxwr96zaieRBApD4aqcJfUeGrxK93":{"chainKey":{"counter":0},"chainType":2,"messageKeys":{}},"BVPWYW6zs+27I8e081fy3LUR/4Oi+537NahqWUSlOgAo":{"chainKey":{"counter":0},"chainType":2,"messageKeys":{}},"BVZLLScInxpWqmIwE6gmItaE5/KWIrfhJCZh1ykoEg5D":{"chainKey":{"counter":0},"chainType":2,"messageKeys":{}},"BZg1rMMmFIWkMJcvp6+jWF0AX2CqFlM3NZ0+gjxfo1Zq":{"chainKey":{"counter":0},"chainType":2,"messageKeys":{}},"BdIsKkQeDCosGOGDy4+mRcMDOhsphzt9ZN8mVyvRgf8p":{"chainKey":{"counter":0,"key":"qB5RlOuoWlemty/xUgyoipiZmXJ3w4rwePQmJp97BNM="},"chainType":2,"messageKeys":{}},"BXuI61CwdZaU+qkGVlvu+A3/MkFNP74UKNupPK9Ybv08":{"chainKey":{"counter":-1,"key":"/3iguVw2+IJ+wGqsZdBLXn7sFhJ0kBHs7Rbh45dhfIc="},"chainType":1,"messageKeys":{}}}}},"version":"v1"}