{"_sessions":{"BUIO/Q+sobRDAjEc4/7NGlBWxOj907QqNrpU7S5rsIgS":{"registrationId":917397371,"currentRatchet":{"ephemeralKeyPair":{"pubKey":"BWgAENa0ILExy/VskcQejglBdWJdhuBMziVMCsN7ksgZ","privKey":"8Lq6L8qyvRUEWKzCpwRwlaDH3fyTdD/Mp+g9EP8Fx0w="},"lastRemoteEphemeralKey":"BdgVc+KzCx0hE+V03l4xEEsTxhwAksvmvnPcAPYM4Pxr","previousCounter":0,"rootKey":"MeSvOw0TiXlb6ytYzxyGpsukNKLU+FUY2q55xNaHvMk="},"indexInfo":{"baseKey":"BUIO/Q+sobRDAjEc4/7NGlBWxOj907QqNrpU7S5rsIgS","baseKeyType":1,"closed":1731669274847,"used":1731669258485,"created":1731669258485,"remoteIdentityKey":"BRhcVIGAoXW9rSQSRC/F3chL96fWZX/q9OP9umg1Uetq"},"_chains":{"BWgAENa0ILExy/VskcQejglBdWJdhuBMziVMCsN7ksgZ":{"chainKey":{"counter":0,"key":"NxD3U2etGc6KY6fTB4ypGOvijEq1Fo0RANLmIRECVzU="},"chainType":1,"messageKeys":{}}},"pendingPreKey":{"signedKeyId":3,"baseKey":"BUIO/Q+sobRDAjEc4/7NGlBWxOj907QqNrpU7S5rsIgS","preKeyId":5502848}},"BXGgFKSpqZpDM/9gOMdh6ItuO2FaF553bCYzrOUDb2F/":{"registrationId":917397371,"currentRatchet":{"ephemeralKeyPair":{"pubKey":"BXWRwrS46oZBBIgWsLY0jJSniHMA59dmBly9t8nHwDhK","privKey":"eONsOE8hRNYo/5b+6UhQtyYkmDe0LZFCielD/DhoeVU="},"lastRemoteEphemeralKey":"Bd3m70Qp7GSn0Lvy1nkLPp+xAJajPLgIRNqHmavOR89A","previousCounter":14,"rootKey":"8cSA3TRRXICZGvVgjCo3xMLmRkGZsQH+9JTie/Eh7fU="},"indexInfo":{"baseKey":"BXGgFKSpqZpDM/9gOMdh6ItuO2FaF553bCYzrOUDb2F/","baseKeyType":1,"closed":-1,"used":1731924065675,"created":1731669272392,"remoteIdentityKey":"BRhcVIGAoXW9rSQSRC/F3chL96fWZX/q9OP9umg1Uetq"},"_chains":{"BWRA2K8vS6+Y9MuWdijPdK4XomgsYVZKEb1cS8rXbBs/":{"chainKey":{"counter":0},"chainType":2,"messageKeys":{}},"BfnM8vS/8x/az0gj9/BUjrrtn8KweEU1OmuZUObWzGEP":{"chainKey":{"counter":0},"chainType":2,"messageKeys":{}},"Bd3m70Qp7GSn0Lvy1nkLPp+xAJajPLgIRNqHmavOR89A":{"chainKey":{"counter":0,"key":"Uua/PSYSXqryiEbaenBKZ/3rpGIKpNk99+vOf/Qp2Cc="},"chainType":2,"messageKeys":{}},"BXWRwrS46oZBBIgWsLY0jJSniHMA59dmBly9t8nHwDhK":{"chainKey":{"counter":8,"key":"rkpL22dW00qgWN/hBxRqT90IUv2nNypgNq6brnvfkUE="},"chainType":1,"messageKeys":{}}}}},"version":"v1"}