{"_sessions":{"BQ7V3IGULiL/BX5UG6krmSCzcOn1rU+qW4+ii18Ts1gY":{"registrationId":1461318546,"currentRatchet":{"ephemeralKeyPair":{"pubKey":"Be4oIZyBQX0kyS/gtYGbgeaGjsg/3NI3fcIXJkS41ysA","privKey":"+G2DNfWnDXG2NgWy6GvFrzsDbPYkZEDm/Z8AVqLgSWM="},"lastRemoteEphemeralKey":"Baq19Pint/h8aKIDHIICPFVDo0p5lqOTOgKEzUKX4wgh","previousCounter":0,"rootKey":"CyzFFN60yPwjthDPYyTuwyG96kGOYyTsJuYUJFcKaiM="},"indexInfo":{"baseKey":"BQ7V3IGULiL/BX5UG6krmSCzcOn1rU+qW4+ii18Ts1gY","baseKeyType":1,"closed":-1,"used":1731696554022,"created":1731696554022,"remoteIdentityKey":"BbRJbyyRJo8FoBknPWgtbAd6PDjM88V1Zur//rR/1O9V"},"_chains":{"Be4oIZyBQX0kyS/gtYGbgeaGjsg/3NI3fcIXJkS41ysA":{"chainKey":{"counter":1,"key":"2FkvbuGeGCBcmmYGca1rQu+Rcf7qZmjc43mcrWAevO0="},"chainType":1,"messageKeys":{}}},"pendingPreKey":{"signedKeyId":11,"baseKey":"BQ7V3IGULiL/BX5UG6krmSCzcOn1rU+qW4+ii18Ts1gY","preKeyId":5644167}}},"version":"v1"}