{"_sessions":{"BaJm1NVuCm8bnmwytGtrivzfqKrwGQDHJK6vnJ/UBYxj":{"registrationId":873619912,"currentRatchet":{"ephemeralKeyPair":{"pubKey":"Bd3Q2eF0MhfQ+fC3Lck5aCUP2jDwiaY3cUqV7kh3KB1t","privKey":"aBo5+IJB2Li3usGoyqedhDONPXQt71F+KXdVXpA9f34="},"lastRemoteEphemeralKey":"BeFLoPXZld1vC4V5iW4VJroNKED3wGks2PSeilYoQaJv","previousCounter":0,"rootKey":"MheE4GvQUbJghRQuHXs1eLcB0FNyF/7SawIG3v5/sxQ="},"indexInfo":{"baseKey":"BaJm1NVuCm8bnmwytGtrivzfqKrwGQDHJK6vnJ/UBYxj","baseKeyType":1,"closed":1731770226573,"used":1731770223488,"created":1731770223488,"remoteIdentityKey":"BcRtfjvA0nzq9o+n2UuVsX1+iD5q8NpaRx3tHdtvDJp3"},"_chains":{"Bd3Q2eF0MhfQ+fC3Lck5aCUP2jDwiaY3cUqV7kh3KB1t":{"chainKey":{"counter":0,"key":"pSwQ2L9qZTni7jVejPHWXwDqf7GOyV/C5+yKPNgSSrI="},"chainType":1,"messageKeys":{}}},"pendingPreKey":{"signedKeyId":2,"baseKey":"BaJm1NVuCm8bnmwytGtrivzfqKrwGQDHJK6vnJ/UBYxj","preKeyId":615180}},"BWOeew5Gc051W7LECgizd2N1SlQanwEPMjv4yIJVZeFC":{"registrationId":873619912,"currentRatchet":{"ephemeralKeyPair":{"pubKey":"Bf0MNeoRn8RNc9gv78mJu5pOiYejyfCBqveqJFqxqz5c","privKey":"iJzc4Sg7Fsq0/KGYAZIvMtenBNnrAgUaFROyoNRbKm0="},"lastRemoteEphemeralKey":"BdAo37ZuajXWg4FUY99TpusloX+pvOSt/FEkB9OkpVRn","previousCounter":0,"rootKey":"Pn8raFU2mXQoJuEP9SuEzKmDTGtsvGOKYc/Ga0VEl7A="},"indexInfo":{"baseKey":"BWOeew5Gc051W7LECgizd2N1SlQanwEPMjv4yIJVZeFC","baseKeyType":1,"closed":-1,"used":1731804104272,"created":1731770226321,"remoteIdentityKey":"BcRtfjvA0nzq9o+n2UuVsX1+iD5q8NpaRx3tHdtvDJp3"},"_chains":{"BdAo37ZuajXWg4FUY99TpusloX+pvOSt/FEkB9OkpVRn":{"chainKey":{"counter":0,"key":"4ieBTH9vGiRlwi1Ma+tXpDjQDS6Ge8b0qvosLPWVXRc="},"chainType":2,"messageKeys":{}},"Bf0MNeoRn8RNc9gv78mJu5pOiYejyfCBqveqJFqxqz5c":{"chainKey":{"counter":-1,"key":"fj47NMWdZGyze7E8tLwXbnsK+82quKQG9H38WtPQ49Q="},"chainType":1,"messageKeys":{}}}}},"version":"v1"}