{"_sessions":{"BfKBu99WxhtmXhxrYPX12qXpHXmSRkakKV7Ok5BwWgIl":{"registrationId":385729908,"currentRatchet":{"ephemeralKeyPair":{"pubKey":"BVB/mEX/qZKCTDTY8W3CHi19iXXr35zeJWmO+/rtkHNS","privKey":"aLoGWjt6NVzIunVq88NnqYouYz8j8Vwrel8vbZdG51s="},"lastRemoteEphemeralKey":"Bfwjk0K0L4U4izDSwhBDCEuirafueuCTDKr9VcDeA1Zl","previousCounter":0,"rootKey":"YRp41vlS4KjXKQXuB3Qmd8oOiRVMr//PkxrCAeaTB20="},"indexInfo":{"baseKey":"BfKBu99WxhtmXhxrYPX12qXpHXmSRkakKV7Ok5BwWgIl","baseKeyType":1,"closed":-1,"used":1731761519177,"created":1731761519177,"remoteIdentityKey":"BRLdtjOzE7yAEGiSTpVNl5HVkxmxNhrtySFufE5x1Y8Z"},"_chains":{"BVB/mEX/qZKCTDTY8W3CHi19iXXr35zeJWmO+/rtkHNS":{"chainKey":{"counter":2,"key":"Hb3y1lKghGNaC+vDOUbJj4w+wqzaW28rMVPIH64J3/I="},"chainType":1,"messageKeys":{}}},"pendingPreKey":{"signedKeyId":0,"baseKey":"BfKBu99WxhtmXhxrYPX12qXpHXmSRkakKV7Ok5BwWgIl","preKeyId":10323610}}},"version":"v1"}