{"_sessions":{"BVEvDpxCtspkyc7upMwJXoIgEDA+AaZFHT6RT0tDzVIe":{"registrationId":838961133,"currentRatchet":{"ephemeralKeyPair":{"pubKey":"Bb7v5Dg036HFQE+WjoqgsDGAowL4IsHk7L5F56DjM1of","privKey":"WAADDDnYvmU7CdtT74qxNMvygJyoSbsC50U0MPriv1Y="},"lastRemoteEphemeralKey":"BaggcitlJQ0+MGxaDw8+RL9kGRvBoC6y8Cb2tlc4/60L","previousCounter":1,"rootKey":"hFb20lU8t2OshFyYRhVcfOtYPq+b/18PylJdjDZD/CI="},"indexInfo":{"baseKey":"BVEvDpxCtspkyc7upMwJXoIgEDA+AaZFHT6RT0tDzVIe","baseKeyType":2,"closed":-1,"used":1732028352550,"created":1731720840426,"remoteIdentityKey":"BXepBOIeH459/a+6S4Y+tBzRTqpvTiQNduqsIUhw7nMI"},"_chains":{"BZe6juZGgEkd6OI/Rdh4PfKuceH4a+7NjvxStIqWf3tf":{"chainKey":{"counter":2},"chainType":2,"messageKeys":{}},"BaggcitlJQ0+MGxaDw8+RL9kGRvBoC6y8Cb2tlc4/60L":{"chainKey":{"counter":3,"key":"zp6o7fsHMCwPOedzWjXQjoJN89HLFstz8tTV4p/OJqE="},"chainType":2,"messageKeys":{}},"Bb7v5Dg036HFQE+WjoqgsDGAowL4IsHk7L5F56DjM1of":{"chainKey":{"counter":-1,"key":"mQf+fSGAgWXGutGSDWrDHtVFhvS/FOlTTOHLDsd9PoE="},"chainType":1,"messageKeys":{}}}}},"version":"v1"}