{"_sessions":{"BR3YH6opZaScIsRt5L2OzRCkZaFa1RFNjsnIaVlXbBUu":{"registrationId":16233228,"currentRatchet":{"ephemeralKeyPair":{"pubKey":"BcWA4wtSsQ1fOiBNqCnFwhA096FE4+mSNoTceTZ9NvsY","privKey":"gE16un03OoqKj2ASG7XRo9mug/61G+8hKeKGnXGcPkY="},"lastRemoteEphemeralKey":"BYd5Z0n7T+mfqblMlWutGTdQOSKk6Ol30I4CSL0in28o","previousCounter":0,"rootKey":"R/suMKpETv39JeS5f0KEX9shIaHUXmqCTxblYNnGWsY="},"indexInfo":{"baseKey":"BR3YH6opZaScIsRt5L2OzRCkZaFa1RFNjsnIaVlXbBUu","baseKeyType":1,"closed":-1,"used":1731675016878,"created":1731675016878,"remoteIdentityKey":"BYmCnECICTNbDcYaG6qLm9AvSP+iFitHxkCXsHrDUWQ5"},"_chains":{"BcWA4wtSsQ1fOiBNqCnFwhA096FE4+mSNoTceTZ9NvsY":{"chainKey":{"counter":0,"key":"mKrYxeUM9ftSMb+49IymNkWRPElo31rl4h4/o3Xvp+o="},"chainType":1,"messageKeys":{}}},"pendingPreKey":{"signedKeyId":14235443,"baseKey":"BR3YH6opZaScIsRt5L2OzRCkZaFa1RFNjsnIaVlXbBUu","preKeyId":352}}},"version":"v1"}