{"_sessions":{"BdeL1oSTF29rmZgtYMEw/SvbIn58Tws3fS3ov5zGidxy":{"registrationId":306996905,"currentRatchet":{"ephemeralKeyPair":{"pubKey":"BdH27Gk50eadLXN65wzNuhj4+OGbQCEVH9VJRjUh6iUR","privKey":"SKqjkjH7eUgs2oN84M1cef31UukIR5vyW05hNpv+P3E="},"lastRemoteEphemeralKey":"BX969KdRc5VsKnXuVSleDXbra/QxCpwIUxWO8doBOtUC","previousCounter":0,"rootKey":"lwa3yEzrGA8eZJzX56Gk72vfjx02ghQYAHKI7bRJSLc="},"indexInfo":{"baseKey":"BdeL1oSTF29rmZgtYMEw/SvbIn58Tws3fS3ov5zGidxy","baseKeyType":2,"closed":-1,"used":1731798691709,"created":1731673986705,"remoteIdentityKey":"BWq5n5yV7xkpXnDSW0IzTKrExBFYzu6Sm/MG9qtqP4Ve"},"_chains":{"BcFk7BHEZgnNyfs2ljREkPytKUmtwcc+51zoCWWvP3tI":{"chainKey":{"counter":0},"chainType":2,"messageKeys":{}},"BX969KdRc5VsKnXuVSleDXbra/QxCpwIUxWO8doBOtUC":{"chainKey":{"counter":1,"key":"xibZEmdxKc6q26MGMWuCHX66VNgdPVuULe5HPXmrbhs="},"chainType":2,"messageKeys":{}},"BdH27Gk50eadLXN65wzNuhj4+OGbQCEVH9VJRjUh6iUR":{"chainKey":{"counter":-1,"key":"cwIUL2b926xRBf2pS9gK5ON2RYpeAmVrkGo3s5F/kf4="},"chainType":1,"messageKeys":{}}}}},"version":"v1"}