{"_sessions":{"BZty/w3fFeqHe+rh0RBo3RA9WS97q38pyOmgIS5QkR1t":{"registrationId":195628388,"currentRatchet":{"ephemeralKeyPair":{"pubKey":"BXW+wiYZeVndQz4Nut5E1EM8Kf+sIOTFI0qw6pVXT9Iv","privKey":"iG8YmZ3vpqeARsTLkRF1/DJ17li6VudxdtYeqZiH1VM="},"lastRemoteEphemeralKey":"BUP7V+z4WAhxWuP+BVxYhIyXmmNY/MAUS6lpXgiHP7li","previousCounter":0,"rootKey":"9vQvRXkwN+KDRXr+RsRoh+MXemNay++pkkxd9lwefpk="},"indexInfo":{"baseKey":"BZty/w3fFeqHe+rh0RBo3RA9WS97q38pyOmgIS5QkR1t","baseKeyType":2,"closed":-1,"used":1731863946869,"created":1731863946869,"remoteIdentityKey":"BfiLk6je3mK8f1hFfKTxKCqaZf1PGr3L/IeRt31KLURi"},"_chains":{"BUP7V+z4WAhxWuP+BVxYhIyXmmNY/MAUS6lpXgiHP7li":{"chainKey":{"counter":0,"key":"k9UaWHdOLUH7sauMoCrpNsaEARABiADKEcTDB3eyRk8="},"chainType":2,"messageKeys":{}},"BXW+wiYZeVndQz4Nut5E1EM8Kf+sIOTFI0qw6pVXT9Iv":{"chainKey":{"counter":-1,"key":"imMThzwLSMaY2fNrrURmw/UCy/1//9p48iSno3o0Hqg="},"chainType":1,"messageKeys":{}}}}},"version":"v1"}