{"_sessions":{"BRpxdRr2XNRsiCzZZyLmT7vm5RRy093NLmfPYmL0NLdU":{"registrationId":1868103133,"currentRatchet":{"ephemeralKeyPair":{"pubKey":"Bbhqo2tnpqKFMIkvibDKCt0d7jOYtu/GLIiRXtuy9Axh","privKey":"wBL8qwhOl/cQ2yO8kjaxAZpZmdhsB7jdlIjBLOT/b3Q="},"lastRemoteEphemeralKey":"BRYJ4X951VCe74jVUXOdwrDWgpzg91qF3/qlal1wDoxG","previousCounter":0,"rootKey":"XJZouJW9//xQXzEkui9rFb++RIhOJwzDW1cSN58pq+I="},"indexInfo":{"baseKey":"BRpxdRr2XNRsiCzZZyLmT7vm5RRy093NLmfPYmL0NLdU","baseKeyType":1,"closed":1731669274882,"used":1731669259164,"created":1731669259164,"remoteIdentityKey":"BdEjSBb+kYhME2ljvr6ERjs8/K9xrFylO622NXgGFiEy"},"_chains":{"Bbhqo2tnpqKFMIkvibDKCt0d7jOYtu/GLIiRXtuy9Axh":{"chainKey":{"counter":0,"key":"Q8bftk112wz9EMw03lYWhNSDaElQNLdyjjAP5NVlApA="},"chainType":1,"messageKeys":{}}},"pendingPreKey":{"signedKeyId":4,"baseKey":"BRpxdRr2XNRsiCzZZyLmT7vm5RRy093NLmfPYmL0NLdU","preKeyId":8672694}},"BV9pvdseZEYcs1XY9Q76O+1Ad1JmVokqG/muD9cmU4t3":{"registrationId":1868103133,"currentRatchet":{"ephemeralKeyPair":{"pubKey":"BfTAtePDa7/SYrHHNspu8wQC06HcL+KBhKP6pK6d9hMS","privKey":"uMnySC88UNjOvQrzKJS0GtLfj0jIRNtkidCH9Q5+6GQ="},"lastRemoteEphemeralKey":"BU0uIq9gxki/UkEGsG7CY30QXoAmISR89WrQr3stGR1a","previousCounter":6,"rootKey":"vkGPQYiWAS68TgNGOLPHPO57ZbcSzSFtF0aYS6woO44="},"indexInfo":{"baseKey":"BV9pvdseZEYcs1XY9Q76O+1Ad1JmVokqG/muD9cmU4t3","baseKeyType":1,"closed":-1,"used":1731806419940,"created":1731669273049,"remoteIdentityKey":"BdEjSBb+kYhME2ljvr6ERjs8/K9xrFylO622NXgGFiEy"},"_chains":{"BeErppONaxl/lv8RR196HI/JPP6QJUisrBFExXwHwPAx":{"chainKey":{"counter":0},"chainType":2,"messageKeys":{}},"BdjtvyhMWERjKhSI6BhQXhU2evKnuKxWWH4tjdRzMBoz":{"chainKey":{"counter":0},"chainType":2,"messageKeys":{}},"BaO77YvMz/pVCFii1S7VN807WC/DQC/7EaIbQr4xveUg":{"chainKey":{"counter":0},"chainType":2,"messageKeys":{}},"BfEnXQcp35hgNTxxPZCAjzVtmYDXLvzqMg8z2tlPAg0G":{"chainKey":{"counter":1},"chainType":2,"messageKeys":{}},"Bd5+5O23O+ZOnoZhoVEGLXYn/x99hk2VHSHjbh8iUNs9":{"chainKey":{"counter":3},"chainType":2,"messageKeys":{}},"BQbiAGunksDx91glBI1GL3WnT9Ja2sdtEvFQeSgxNB9X":{"chainKey":{"counter":0},"chainType":2,"messageKeys":{}},"BU0uIq9gxki/UkEGsG7CY30QXoAmISR89WrQr3stGR1a":{"chainKey":{"counter":0,"key":"PN9JsQk+MU/sncRUeUmhU8qRoSktd3qHdo1QBjuSBzs="},"chainType":2,"messageKeys":{}},"BfTAtePDa7/SYrHHNspu8wQC06HcL+KBhKP6pK6d9hMS":{"chainKey":{"counter":23,"key":"KEKrl+y/tr6RXB/7Z8IC0bawlCuHCRTcTISQsoFmZNs="},"chainType":1,"messageKeys":{}}}}},"version":"v1"}