{"_sessions":{"BcXv7T52BUzWWhUhHWAhMRCAppiaQa+alq8cRxWSwRBY":{"registrationId":255590019,"currentRatchet":{"ephemeralKeyPair":{"pubKey":"BYSV2PTCPFvXuDHJ7Gc4ZI/b7kUoRqWpkm6+p/m1VIlE","privKey":"2CGj2msVh8uTfVkwO3/gUpufJxzPMAz89PIgvHPfdlc="},"lastRemoteEphemeralKey":"BSZ1o9sizSIg/trcKX87IaLHWO3kR2c2qkIFORI5Zmhk","previousCounter":0,"rootKey":"AfdEhoAhJm9lvBcnwgTb/H7PejEC5B6JI9qF2OOImFA="},"indexInfo":{"baseKey":"BcXv7T52BUzWWhUhHWAhMRCAppiaQa+alq8cRxWSwRBY","baseKeyType":1,"closed":1731669275000,"used":1731669260973,"created":1731669260973,"remoteIdentityKey":"BZAwiCofKIjLeyz+TNY3z1tTgWmfbcJcMWeZvM0UidsD"},"_chains":{"BYSV2PTCPFvXuDHJ7Gc4ZI/b7kUoRqWpkm6+p/m1VIlE":{"chainKey":{"counter":0,"key":"ur3tkTlAsiYasxggQJrp1id3Kb2XStAmxTSCIrJ9rns="},"chainType":1,"messageKeys":{}}},"pendingPreKey":{"signedKeyId":2,"baseKey":"BcXv7T52BUzWWhUhHWAhMRCAppiaQa+alq8cRxWSwRBY","preKeyId":16062439}},"BYgccMVgUWTHEiumsRyQgS/g9QpkPuYNScS7SEqd02Uw":{"registrationId":255590019,"currentRatchet":{"ephemeralKeyPair":{"pubKey":"BXTiZd/JetDkxtDJPfrlKOb7zIPBRXSgADGU42ZNvB9e","privKey":"EBE663hC9uFSe7AhufJzmCSMqq7aAemiSr667thi9XA="},"lastRemoteEphemeralKey":"BZuq1zW0PBYHZdf5TraHO0Vj27T8wut2gQAHF6I7nClj","previousCounter":0,"rootKey":"zDFAfgV0AzFrip/uYfgRghIExtJey0eXFCTEyhTT1sU="},"indexInfo":{"baseKey":"BYgccMVgUWTHEiumsRyQgS/g9QpkPuYNScS7SEqd02Uw","baseKeyType":1,"closed":-1,"used":1732012334019,"created":1731669274741,"remoteIdentityKey":"BZAwiCofKIjLeyz+TNY3z1tTgWmfbcJcMWeZvM0UidsD"},"_chains":{"Bb5DKIM+3DzQdru9Izdat9y7mUzCIhLEYwbF0P8M98I7":{"chainKey":{"counter":0},"chainType":2,"messageKeys":{}},"BQKZRpi8gdD2JXPpTx6QfH3GcxZECKyoZJEjpLH5mCBt":{"chainKey":{"counter":0},"chainType":2,"messageKeys":{}},"BcO6OuFcFvKCOUB+9V8hWApZnQunmtSeDJFgWCB+j4cK":{"chainKey":{"counter":0},"chainType":2,"messageKeys":{}},"BS2JTrahXH2asxT/REJeQH3sTixrKroz09vx2L4a5LZu":{"chainKey":{"counter":0},"chainType":2,"messageKeys":{}},"BRL3SVzuGb6urJ4F83m6z9jTRtWmYxI/EthN9ebTlhxQ":{"chainKey":{"counter":0},"chainType":2,"messageKeys":{}},"BZuq1zW0PBYHZdf5TraHO0Vj27T8wut2gQAHF6I7nClj":{"chainKey":{"counter":0,"key":"OHVZpTFMqhpw9JHhJdisjw9CtP9FE39Hc807KTVyeTs="},"chainType":2,"messageKeys":{}},"BXTiZd/JetDkxtDJPfrlKOb7zIPBRXSgADGU42ZNvB9e":{"chainKey":{"counter":1,"key":"cmElCknV/n1m88QtVZC0WaErQv4XwsxmM6rzBjrA5JE="},"chainType":1,"messageKeys":{}}}}},"version":"v1"}