{"_sessions":{"BdaTtazxNwP8oShB27Ajn+OyZpuziI8jctBP+W1HuJ4H":{"registrationId":2037976459,"currentRatchet":{"ephemeralKeyPair":{"pubKey":"BQ9PVzKF3huqa88cAppTRh0LLpbr+HB4+9HTV1GTsBJj","privKey":"sMrqTgWeJX7h5N5B8PyZ72Kb058nobT/LnR9izRix10="},"lastRemoteEphemeralKey":"BVh0sk3zWxqEWLH5/XQVf3Zi+BJQnnvEOmEkiSx+zLpl","previousCounter":0,"rootKey":"aGlv5CbmcU2i3/4F0i29t3iE0YiIgwHTAFVSkmK43ZA="},"indexInfo":{"baseKey":"BdaTtazxNwP8oShB27Ajn+OyZpuziI8jctBP+W1HuJ4H","baseKeyType":1,"closed":-1,"used":1731675258285,"created":1731675258285,"remoteIdentityKey":"BVyHJzIP0bmvedj4j8XfOoUUe4WtctSePvnyFfDWxmMt"},"_chains":{"BQ9PVzKF3huqa88cAppTRh0LLpbr+HB4+9HTV1GTsBJj":{"chainKey":{"counter":1,"key":"QpC8JpIJTqkY1ssn/oNK4nFrrBFwrzZFNT+joDUCqZE="},"chainType":1,"messageKeys":{}}},"pendingPreKey":{"signedKeyId":2,"baseKey":"BdaTtazxNwP8oShB27Ajn+OyZpuziI8jctBP+W1HuJ4H","preKeyId":2148341}}},"version":"v1"}