{"_sessions":{"BeS24glOjtYVvzc7rEJEX9f1JB3DSrafH94utT4q08Et":{"registrationId":73898016,"currentRatchet":{"ephemeralKeyPair":{"pubKey":"BZXh5b0znLI6hyMweBF7wBJVAAE4Q/hlnSzKucc6n/Y8","privKey":"aK2PPrv7Qwkqlz+nKAywo3BKn5iXV73PX1RjrAQOUlk="},"lastRemoteEphemeralKey":"BQEvAIjFbVrUxFp8O7G0ZEAdG13TSNYm2TNhRrON5hYb","previousCounter":0,"rootKey":"5M2NzFq/jqXKECdVvNONVlmbnO8pCHo4UIcrza+5BIM="},"indexInfo":{"baseKey":"BeS24glOjtYVvzc7rEJEX9f1JB3DSrafH94utT4q08Et","baseKeyType":1,"closed":1731669274909,"used":1731669259724,"created":1731669259724,"remoteIdentityKey":"BXoswBktbsA4xQKm35aQM9+O8nRUFmr1QZ1ZoBvCNeZ6"},"_chains":{"BZXh5b0znLI6hyMweBF7wBJVAAE4Q/hlnSzKucc6n/Y8":{"chainKey":{"counter":0,"key":"O3OVHBMriPGpFCAkkTtcaYMaMlHFdorUCP7pEH9y6OM="},"chainType":1,"messageKeys":{}}},"pendingPreKey":{"signedKeyId":0,"baseKey":"BeS24glOjtYVvzc7rEJEX9f1JB3DSrafH94utT4q08Et"}},"BVwT0vgnOzTHs2t9XS7R1LF7iH5CcKm7U60u0vH6M9kM":{"registrationId":73898016,"currentRatchet":{"ephemeralKeyPair":{"pubKey":"BRkYeKen1xffnUXSIPIJY8EPkt07chLfBVEsxhEtcc86","privKey":"aL61v/+waRf5KkzVrD1k3V3yTDwvDvvd/z8aDgzWNXY="},"lastRemoteEphemeralKey":"BQEvAIjFbVrUxFp8O7G0ZEAdG13TSNYm2TNhRrON5hYb","previousCounter":0,"rootKey":"5EX/VTP15QyOCSUcuWgl+i9bASUT937l77vDvkknIVQ="},"indexInfo":{"baseKey":"BVwT0vgnOzTHs2t9XS7R1LF7iH5CcKm7U60u0vH6M9kM","baseKeyType":1,"closed":1731674789453,"used":1731669273611,"created":1731669273611,"remoteIdentityKey":"BXoswBktbsA4xQKm35aQM9+O8nRUFmr1QZ1ZoBvCNeZ6"},"_chains":{"BRkYeKen1xffnUXSIPIJY8EPkt07chLfBVEsxhEtcc86":{"chainKey":{"counter":1,"key":"CUS0ici4Tu2XbJV31FR0bzIxhOYbXZgMeXoqYtovqcs="},"chainType":1,"messageKeys":{}}},"pendingPreKey":{"signedKeyId":0,"baseKey":"BVwT0vgnOzTHs2t9XS7R1LF7iH5CcKm7U60u0vH6M9kM"}},"BbaTwfTyszvTk+bfpw5vNrxwzCncPFlR2odfyhfBsItE":{"registrationId":73898016,"currentRatchet":{"ephemeralKeyPair":{"pubKey":"BQp0WyR9fFRRZ+ghSujdcDL1o/goXNGVWPHU2tY8Sl4T","privKey":"0KEtVd3PtnB/Y4ZK/LBk6CSjO3Pb83ubMKV8slj6Z0g="},"lastRemoteEphemeralKey":"BQEvAIjFbVrUxFp8O7G0ZEAdG13TSNYm2TNhRrON5hYb","previousCounter":0,"rootKey":"B4yQSnFoiUnodYg73jKcxIhvBQGyCHUriK+FjYkLma4="},"indexInfo":{"baseKey":"BbaTwfTyszvTk+bfpw5vNrxwzCncPFlR2odfyhfBsItE","baseKeyType":1,"closed":1731674790175,"used":1731674789446,"created":1731674789446,"remoteIdentityKey":"BXoswBktbsA4xQKm35aQM9+O8nRUFmr1QZ1ZoBvCNeZ6"},"_chains":{"BQp0WyR9fFRRZ+ghSujdcDL1o/goXNGVWPHU2tY8Sl4T":{"chainKey":{"counter":-1,"key":"X78UXKejDNfgSdw57VE9ZBnxVUbFXk1ug8QWNOscp00="},"chainType":1,"messageKeys":{}}},"pendingPreKey":{"signedKeyId":0,"baseKey":"BbaTwfTyszvTk+bfpw5vNrxwzCncPFlR2odfyhfBsItE"}},"BUId2HyAqSPpyJ0Ni3EUPyP4FfZxtPc9M1UIzCke7NMY":{"registrationId":73898016,"currentRatchet":{"ephemeralKeyPair":{"pubKey":"BUB8FX0Bvbuj0GUV26pRtukNtFjfs29Ym3x7cRz+pjlq","privKey":"gIElYMahN/oOzd0mdu1zYV5gDPKrfqqYvOI/87sqen0="},"lastRemoteEphemeralKey":"BQEvAIjFbVrUxFp8O7G0ZEAdG13TSNYm2TNhRrON5hYb","previousCounter":0,"rootKey":"eJzNElRBhmAcsEaMa73Ygt+Mpg7HOyhTI/gUROlkvW8="},"indexInfo":{"baseKey":"BUId2HyAqSPpyJ0Ni3EUPyP4FfZxtPc9M1UIzCke7NMY","baseKeyType":1,"closed":1731674819010,"used":1731674790167,"created":1731674790167,"remoteIdentityKey":"BXoswBktbsA4xQKm35aQM9+O8nRUFmr1QZ1ZoBvCNeZ6"},"_chains":{"BUB8FX0Bvbuj0GUV26pRtukNtFjfs29Ym3x7cRz+pjlq":{"chainKey":{"counter":0,"key":"h8rkgFC0nzkfMEeNHsHYkzlJDZ22YwMLRWqKb5m2JXw="},"chainType":1,"messageKeys":{}}},"pendingPreKey":{"signedKeyId":0,"baseKey":"BUId2HyAqSPpyJ0Ni3EUPyP4FfZxtPc9M1UIzCke7NMY"}},"BQ+6K7+t4kuGC5+L0fm6KjTFLV1uEc22iFTZgTYkJB9h":{"registrationId":73898016,"currentRatchet":{"ephemeralKeyPair":{"pubKey":"BTCdSTCm6WqZeDDM5XJFojgBec3086ZeKPYndw4k0X91","privKey":"oA81rC7u0Cbtk/Orde7Ww+o6R/Bs2TWITRfoic+/n14="},"lastRemoteEphemeralKey":"BQEvAIjFbVrUxFp8O7G0ZEAdG13TSNYm2TNhRrON5hYb","previousCounter":0,"rootKey":"6iz40DBZElBLbEjQSxJJIyeRiQNS0wcGlaXt7yfk3AI="},"indexInfo":{"baseKey":"BQ+6K7+t4kuGC5+L0fm6KjTFLV1uEc22iFTZgTYkJB9h","baseKeyType":1,"closed":1731674896297,"used":1731674819003,"created":1731674819003,"remoteIdentityKey":"BXoswBktbsA4xQKm35aQM9+O8nRUFmr1QZ1ZoBvCNeZ6"},"_chains":{"BTCdSTCm6WqZeDDM5XJFojgBec3086ZeKPYndw4k0X91":{"chainKey":{"counter":-1,"key":"yr4TsKZF0RWzbbj7dlNeMJtbYodVFUogT3FNNgQZY04="},"chainType":1,"messageKeys":{}}},"pendingPreKey":{"signedKeyId":0,"baseKey":"BQ+6K7+t4kuGC5+L0fm6KjTFLV1uEc22iFTZgTYkJB9h"}},"BaoMKLVrkWnABvjz8iLBL/V2uA2bwjOxtPV7ylkc5xxT":{"registrationId":73898016,"currentRatchet":{"ephemeralKeyPair":{"pubKey":"BX6PF2ySEcdVLJcZuE6izjeaYNPTpAP6sU7mNLyqDbs4","privKey":"aM0BibFCrDPqd4OSXqRZgrwAxiiqxg4YgEwu98Q0nXM="},"lastRemoteEphemeralKey":"BQEvAIjFbVrUxFp8O7G0ZEAdG13TSNYm2TNhRrON5hYb","previousCounter":0,"rootKey":"WZ446qoMcwdanotUhXz0AwlClYrfFhXaVKJeoHD+948="},"indexInfo":{"baseKey":"BaoMKLVrkWnABvjz8iLBL/V2uA2bwjOxtPV7ylkc5xxT","baseKeyType":1,"closed":1731675194316,"used":1731674896291,"created":1731674896291,"remoteIdentityKey":"BXoswBktbsA4xQKm35aQM9+O8nRUFmr1QZ1ZoBvCNeZ6"},"_chains":{"BX6PF2ySEcdVLJcZuE6izjeaYNPTpAP6sU7mNLyqDbs4":{"chainKey":{"counter":-1,"key":"74NtuGopAE4FggWpO39ruycdfw0fIbgHqxEKIvjuakM="},"chainType":1,"messageKeys":{}}},"pendingPreKey":{"signedKeyId":0,"baseKey":"BaoMKLVrkWnABvjz8iLBL/V2uA2bwjOxtPV7ylkc5xxT"}},"BbskIwdKQqpa0MCW0I10MK51HNZGvnZeJsX1qtd34CoV":{"registrationId":73898016,"currentRatchet":{"ephemeralKeyPair":{"pubKey":"BbOQdU1paVFy3OV8GC6XYqyUoneGDYL5SrqVT64edj9B","privKey":"cB7mYY+F8oLa3GdDSqoM1mzFDvaj/igVKPCZrpsVQ3M="},"lastRemoteEphemeralKey":"BQEvAIjFbVrUxFp8O7G0ZEAdG13TSNYm2TNhRrON5hYb","previousCounter":0,"rootKey":"8klbY0ncFZOUFA1ooXMQc+n8kiLg9mV7IPw7RUOfqg4="},"indexInfo":{"baseKey":"BbskIwdKQqpa0MCW0I10MK51HNZGvnZeJsX1qtd34CoV","baseKeyType":1,"closed":1731688802772,"used":1731675194309,"created":1731675194309,"remoteIdentityKey":"BXoswBktbsA4xQKm35aQM9+O8nRUFmr1QZ1ZoBvCNeZ6"},"_chains":{"BbOQdU1paVFy3OV8GC6XYqyUoneGDYL5SrqVT64edj9B":{"chainKey":{"counter":7,"key":"/0vskamAzSDPhSruEcz9t9vFL+GYByH++KI/Ue4rk0Y="},"chainType":1,"messageKeys":{}}},"pendingPreKey":{"signedKeyId":0,"baseKey":"BbskIwdKQqpa0MCW0I10MK51HNZGvnZeJsX1qtd34CoV","preKeyId":9381342}},"Bfrn8x63FazN+bLvZSCl9Cls0iK0r7szMuR9sJlQLAYQ":{"registrationId":73898016,"currentRatchet":{"ephemeralKeyPair":{"pubKey":"BSXosogBN7+dOVci2VsDJsYHpDjFGX6I57iQYDqOmD9e","privKey":"iFmX0/ZPQE3ONWelaFdLOSXsrY3GfGF6fWRi2qRnxFo="},"lastRemoteEphemeralKey":"BQEvAIjFbVrUxFp8O7G0ZEAdG13TSNYm2TNhRrON5hYb","previousCounter":0,"rootKey":"86Wv2HNEFNXrkL+m/qXBzD4H0IKy7x742xdvTou951A="},"indexInfo":{"baseKey":"Bfrn8x63FazN+bLvZSCl9Cls0iK0r7szMuR9sJlQLAYQ","baseKeyType":1,"closed":1731689117869,"used":1731688802763,"created":1731688802763,"remoteIdentityKey":"BXoswBktbsA4xQKm35aQM9+O8nRUFmr1QZ1ZoBvCNeZ6"},"_chains":{"BSXosogBN7+dOVci2VsDJsYHpDjFGX6I57iQYDqOmD9e":{"chainKey":{"counter":-1,"key":"bV11TLmMhfsZJvCAMAm9SiupZ/aRJpmkGSjAsJqf8j8="},"chainType":1,"messageKeys":{}}},"pendingPreKey":{"signedKeyId":0,"baseKey":"Bfrn8x63FazN+bLvZSCl9Cls0iK0r7szMuR9sJlQLAYQ","preKeyId":9375518}},"BURtqDwqRKzpnZQ0MqMwobbUXG7aMgx8l5YrrEipS9cA":{"registrationId":73898016,"currentRatchet":{"ephemeralKeyPair":{"pubKey":"BR8XZ5AWJgqsXet2GhQYaYVNjpDuX67tdgdKRgSy1kB3","privKey":"CGfdrF+3ERVnXcMlG+aJJIt+6imNe2HkRBcu2KEyW04="},"lastRemoteEphemeralKey":"BWxVYq+yLc5mCS5eoeLGwbnA7LHOSVCZoLG+CE/ILNNe","previousCounter":24,"rootKey":"aVpcZvPlwtd2cuFNFh56hIt5CLzc+HVgdZgqyCpBQN8="},"indexInfo":{"baseKey":"BURtqDwqRKzpnZQ0MqMwobbUXG7aMgx8l5YrrEipS9cA","baseKeyType":1,"closed":-1,"used":1731924792535,"created":1731689117866,"remoteIdentityKey":"BXoswBktbsA4xQKm35aQM9+O8nRUFmr1QZ1ZoBvCNeZ6"},"_chains":{"BR3dvky/9iDJJvjR9Y+cYEgvgUrCtN6xLL1FRBxpiOVs":{"chainKey":{"counter":0},"chainType":2,"messageKeys":{}},"BZHYHJCx6qC2EQKbGwFxGlP4VNlnuhr+TebSdIANA15v":{"chainKey":{"counter":1},"chainType":2,"messageKeys":{}},"BWxVYq+yLc5mCS5eoeLGwbnA7LHOSVCZoLG+CE/ILNNe":{"chainKey":{"counter":1,"key":"rmV99M1ZWAxv7xDdEcNGrAZXYfTewzhEa7QnB+QRZms="},"chainType":2,"messageKeys":{"0":"1w7avZLvQkpcXfV6kFbaHhB3QGwlHVC/+OMKO0Uwr/0="}},"BR8XZ5AWJgqsXet2GhQYaYVNjpDuX67tdgdKRgSy1kB3":{"chainKey":{"counter":7,"key":"RboZzM+buj0PhK5EvJDR8LGyGuN3xozcodmxXz4Nr0U="},"chainType":1,"messageKeys":{}}}}},"version":"v1"}