{"_sessions":{"BTXe34xo2fGug1i+JXCey1B3BteiU1SwknJxKx7EeqQI":{"registrationId":770590175,"currentRatchet":{"ephemeralKeyPair":{"pubKey":"BXEz+5ZU8I2C8jxr4i+qyXlNkXIVXXSIFzH9Q17X/u4o","privKey":"yLgMk7fTygm3ZGbuz+GOX3uZHbF8j4/hIvIVDiG35Gw="},"lastRemoteEphemeralKey":"BcTLOoq0pFNe+6uyGKwWqD98ndeaIMzuhYUzyXlsqvkk","previousCounter":0,"rootKey":"9o3jxQBJd9JiQDVXw0279jlnu3bu83evjEQElzh+r6E="},"indexInfo":{"baseKey":"BTXe34xo2fGug1i+JXCey1B3BteiU1SwknJxKx7EeqQI","baseKeyType":1,"closed":1731669274879,"used":1731669259117,"created":1731669259117,"remoteIdentityKey":"BcEmecqanTnwuo15VhtihX0BMC1PdGaQ89YW2Ze5308b"},"_chains":{"BXEz+5ZU8I2C8jxr4i+qyXlNkXIVXXSIFzH9Q17X/u4o":{"chainKey":{"counter":0,"key":"i7bfJs0X7sh19W60Sp4ZQ+G4ERwdyxStXtH6x10E8Mo="},"chainType":1,"messageKeys":{}}},"pendingPreKey":{"signedKeyId":8,"baseKey":"BTXe34xo2fGug1i+JXCey1B3BteiU1SwknJxKx7EeqQI","preKeyId":5978953}},"BUq8DyION7fXaZnHgsciuqP5GIn/kXmrKQiuORwQod0i":{"registrationId":770590175,"currentRatchet":{"ephemeralKeyPair":{"pubKey":"BddyImLFuD5kCkTZeQA3D+oe+HFGiHIzCbRHKpPqdttg","privKey":"qE9j7xaMCNWXmYboWTm6OfLB2j+5r6bwL4vt0HISc1Y="},"lastRemoteEphemeralKey":"BeX8BVu3RYg53yGzPNM+BiKcsSzmPeCo1/3S6gKD2AlU","previousCounter":40,"rootKey":"HY2IM0bBgbt+8Htwi40ib2OwLR8vjUlxHTE/Nt2edT8="},"indexInfo":{"baseKey":"BUq8DyION7fXaZnHgsciuqP5GIn/kXmrKQiuORwQod0i","baseKeyType":1,"closed":-1,"used":1731837740444,"created":1731669272982,"remoteIdentityKey":"BcEmecqanTnwuo15VhtihX0BMC1PdGaQ89YW2Ze5308b"},"_chains":{"BeX8BVu3RYg53yGzPNM+BiKcsSzmPeCo1/3S6gKD2AlU":{"chainKey":{"counter":0,"key":"dB5MAC8xUOoVkHVAVZQs7iXDvYjqsY3rmVdg6Nli+kE="},"chainType":2,"messageKeys":{}},"BddyImLFuD5kCkTZeQA3D+oe+HFGiHIzCbRHKpPqdttg":{"chainKey":{"counter":23,"key":"/yFZWtJip4LY2ml30XPKmNIFpjPjeZqoYRrFyNF9U74="},"chainType":1,"messageKeys":{}}}}},"version":"v1"}