{"_sessions":{"BcgbIocBu37B2HTlN0NtijNH90OU6njABqQH1Nr9fV5P":{"registrationId":218859414,"currentRatchet":{"ephemeralKeyPair":{"pubKey":"BS/1FQK64U+PHz+OAyabVvHjZCxMNYenZKoFd7kKvR4v","privKey":"WClpTg/py1JXkurXk9dEEMozAFzxG2CMxmZGbDCJbH0="},"lastRemoteEphemeralKey":"BZRDAwLxEHjazvtLyw2m/YRX7IED/2t76S5gtA6iJP1B","previousCounter":0,"rootKey":"GL5vLBwY074lqutLBZ4y5qU5ZEThB0rk2b+vX0R/1Ok="},"indexInfo":{"baseKey":"BcgbIocBu37B2HTlN0NtijNH90OU6njABqQH1Nr9fV5P","baseKeyType":1,"closed":-1,"used":1731675258250,"created":1731675258250,"remoteIdentityKey":"BaIaKgl+CsYAuiVo60bYRe/j5RSwkXYwT00ntuGu+Etn"},"_chains":{"BS/1FQK64U+PHz+OAyabVvHjZCxMNYenZKoFd7kKvR4v":{"chainKey":{"counter":5,"key":"/XOtCqWfE7hwYsNy71wHn38wo+tbi7775S4Kv7PLeTQ="},"chainType":1,"messageKeys":{}}},"pendingPreKey":{"signedKeyId":2,"baseKey":"BcgbIocBu37B2HTlN0NtijNH90OU6njABqQH1Nr9fV5P","preKeyId":16451269}}},"version":"v1"}