{"_sessions":{"BWl+fFrPxZEXIBDSjCArgqgWbSHZdKd6776U/pt0O7YI":{"registrationId":1482649675,"currentRatchet":{"ephemeralKeyPair":{"pubKey":"BclmVYN2HGuiHtZxWHQBTtryeujo9jtM3k72zomjimJx","privKey":"kFi2JcJdNmyaEghgKlK4MeON8eKowu+badHLvw0Htns="},"lastRemoteEphemeralKey":"BTA/NfdDflUkA3igXKE9EEXxWNqpg2Nkc+Zc/NN0P7Ac","previousCounter":0,"rootKey":"TskosRiNNVykq3Q0tQijAZzhVXsc1cVI9f/XuQTZk2E="},"indexInfo":{"baseKey":"BWl+fFrPxZEXIBDSjCArgqgWbSHZdKd6776U/pt0O7YI","baseKeyType":1,"closed":1731669274909,"used":1731669259717,"created":1731669259717,"remoteIdentityKey":"Bb9tHozz68P3DHfpuYtGnihO2BxIgMo0LCQPcTomXNJ5"},"_chains":{"BclmVYN2HGuiHtZxWHQBTtryeujo9jtM3k72zomjimJx":{"chainKey":{"counter":0,"key":"sNFzw82YfWUOhCny6vtNOyHtldYS8epa0gPwLhiwpm0="},"chainType":1,"messageKeys":{}}},"pendingPreKey":{"signedKeyId":3,"baseKey":"BWl+fFrPxZEXIBDSjCArgqgWbSHZdKd6776U/pt0O7YI","preKeyId":794340}},"BQvnu2Q4ti56v85uJErFAjF7BGDnv1R14YMBVxGwNQMj":{"registrationId":1482649675,"currentRatchet":{"ephemeralKeyPair":{"pubKey":"BYFGtsDFG6i5yYhyw6Oq1vftN52QrnT+OWOsYQAnLI4C","privKey":"uP49ab4NmFuzHkJmgKdiGgitKNojQxScRLdBbM6dp0c="},"lastRemoteEphemeralKey":"BffC9HG6N4DOr4wyUttQEpEqgd6FbqbzWGjImPjWlYpO","previousCounter":29,"rootKey":"+oqkosK6/MsMoomgW7X/AiM43cN3fERPe5bWx5hLrnE="},"indexInfo":{"baseKey":"BQvnu2Q4ti56v85uJErFAjF7BGDnv1R14YMBVxGwNQMj","baseKeyType":1,"closed":-1,"used":1731716116157,"created":1731669273605,"remoteIdentityKey":"Bb9tHozz68P3DHfpuYtGnihO2BxIgMo0LCQPcTomXNJ5"},"_chains":{"BffC9HG6N4DOr4wyUttQEpEqgd6FbqbzWGjImPjWlYpO":{"chainKey":{"counter":0,"key":"QN9OcM20z6bGP+KHBNS/kF1otXryMtphGCmruGrmwx0="},"chainType":2,"messageKeys":{}},"BYFGtsDFG6i5yYhyw6Oq1vftN52QrnT+OWOsYQAnLI4C":{"chainKey":{"counter":-1,"key":"gfqDpiDHTLEJSrSJyisDMEDuedCciquwmDGbfPMom7w="},"chainType":1,"messageKeys":{}}}}},"version":"v1"}