{"_sessions":{"BcGMGU6cnE+UJTV1Jv50Kl6mZRq4oXk3rEvMYByXw0Mb":{"registrationId":48798058,"currentRatchet":{"ephemeralKeyPair":{"pubKey":"BVmxNUnRywEruwfQohCN8xGOdqnbeDGYjLzf0T7zqiBs","privKey":"4E8RkKJ5MVoLO8P/ynpF0jVIUKxSJbJTmGRmIuFJ8EM="},"lastRemoteEphemeralKey":"BUIG753t4Hhj/lFAZhbytr0YZFf4MLlMlUKcUH4IDY0D","previousCounter":0,"rootKey":"QHtrfdGTo1zP5Xs2N/YZVA6Gqrn4E6PimFUWpbU9qn8="},"indexInfo":{"baseKey":"BcGMGU6cnE+UJTV1Jv50Kl6mZRq4oXk3rEvMYByXw0Mb","baseKeyType":1,"closed":-1,"used":1731749097678,"created":1731696996026,"remoteIdentityKey":"BW4pWsPqHHRgFqtSH7tdhRku0Fqk1eOE30Rui9kDk2F4"},"_chains":{"BUIG753t4Hhj/lFAZhbytr0YZFf4MLlMlUKcUH4IDY0D":{"chainKey":{"counter":0,"key":"1X+EP9hpQg8rIFVQI8oFzenQbzaY1DCQIvhq3IcTVpw="},"chainType":2,"messageKeys":{}},"BVmxNUnRywEruwfQohCN8xGOdqnbeDGYjLzf0T7zqiBs":{"chainKey":{"counter":-1,"key":"ykTWUCC4bO6O8gR/hasl5Lib23UcXjiyypANEbKhomg="},"chainType":1,"messageKeys":{}}}}},"version":"v1"}