{"_sessions":{"BaZvyvq59E2uaxcTBWjuFWaY3M3WlonNSnab3cXESCI6":{"registrationId":1979468344,"currentRatchet":{"ephemeralKeyPair":{"pubKey":"BcevgoF3GLbRFS3qpvwD9+lPV8Tz7Uur6xvu0LYHXudK","privKey":"AFS1IhwrEZvbw0btpJ8KxCqDjx+XcVzVr+4hG9B/TFQ="},"lastRemoteEphemeralKey":"BRBpPq42tmynU7TEPu3BDqmYEu1CsfVmFJo6j51xn2wz","previousCounter":0,"rootKey":"8jybaS42Tut8SCeMfiTZG2RmTwLj8Y2i1a/7TUrNbTc="},"indexInfo":{"baseKey":"BaZvyvq59E2uaxcTBWjuFWaY3M3WlonNSnab3cXESCI6","baseKeyType":1,"closed":1731669274897,"used":1731669259444,"created":1731669259444,"remoteIdentityKey":"Bcq0niJNWfjtuHCgSDioLM8DehTiaY+lGEcei9cvaIZd"},"_chains":{"BcevgoF3GLbRFS3qpvwD9+lPV8Tz7Uur6xvu0LYHXudK":{"chainKey":{"counter":0,"key":"oASvOAM8mlDEnedHoS1OlHfPVJDARpzk/BqzL9LY8Kk="},"chainType":1,"messageKeys":{}}},"pendingPreKey":{"signedKeyId":8,"baseKey":"BaZvyvq59E2uaxcTBWjuFWaY3M3WlonNSnab3cXESCI6","preKeyId":2033554}},"Bd/gpVNvIlgmaHSV1ixTPinLJNUKcVK8in9bwWRnvosT":{"registrationId":1979468344,"currentRatchet":{"ephemeralKeyPair":{"pubKey":"BahWTBke0IVVgH3Aa8+2OefWkDGcHiBykZFIT850wLUc","privKey":"oEft6ppOynxLskCVsHj1IcNKXIb9mROWgxyLizJl82o="},"lastRemoteEphemeralKey":"BRBpPq42tmynU7TEPu3BDqmYEu1CsfVmFJo6j51xn2wz","previousCounter":0,"rootKey":"MTRWH7d/WwaTWvZEjHUgc/1GfueDFfeeBY+xv6/ZvZ8="},"indexInfo":{"baseKey":"Bd/gpVNvIlgmaHSV1ixTPinLJNUKcVK8in9bwWRnvosT","baseKeyType":1,"closed":-1,"used":1731669273330,"created":1731669273330,"remoteIdentityKey":"Bcq0niJNWfjtuHCgSDioLM8DehTiaY+lGEcei9cvaIZd"},"_chains":{"BahWTBke0IVVgH3Aa8+2OefWkDGcHiBykZFIT850wLUc":{"chainKey":{"counter":8,"key":"81VAK9ppMIIJE+7SnuBqezqKHeO64nQdkVP5HJC+nxw="},"chainType":1,"messageKeys":{}}},"pendingPreKey":{"signedKeyId":8,"baseKey":"Bd/gpVNvIlgmaHSV1ixTPinLJNUKcVK8in9bwWRnvosT","preKeyId":2032902}}},"version":"v1"}