{"_sessions":{"BdL7x6F+Sn1wTbRRptLU2MFoKo27rdJLTU6P7TeJV9Fr":{"registrationId":685126534,"currentRatchet":{"ephemeralKeyPair":{"pubKey":"BYetznFTtpnXdeAGIm8i4xBImYjPGVM/MJkc5SxxYzcf","privKey":"ENfyeNVIIFwjvMGdANbUb8Jf2vhU7KvI6nH23KnIamY="},"lastRemoteEphemeralKey":"BYWKP2o/bbjDYDmT7eu5tyisGdqXgnUB35Y/NyIzmQYz","previousCounter":0,"rootKey":"1bc4ufa+vPwZf+SP5vVEuH6TJbteiOx19Mw4+eanX+M="},"indexInfo":{"baseKey":"BdL7x6F+Sn1wTbRRptLU2MFoKo27rdJLTU6P7TeJV9Fr","baseKeyType":1,"closed":-1,"used":1731726364285,"created":1731726364285,"remoteIdentityKey":"BVYnN2Vuxgyd5KV+zt4pvdMlmX69Ci2112zQXsU/Xg5g"},"_chains":{"BYetznFTtpnXdeAGIm8i4xBImYjPGVM/MJkc5SxxYzcf":{"chainKey":{"counter":7,"key":"8oPx02Y3OU0pXiVvpEAtvznodmGGnKK0Ym7+t3zaQno="},"chainType":1,"messageKeys":{}}},"pendingPreKey":{"signedKeyId":18,"baseKey":"BdL7x6F+Sn1wTbRRptLU2MFoKo27rdJLTU6P7TeJV9Fr","preKeyId":9656479}}},"version":"v1"}