{"_sessions":{"BU+rY+vYFKB4lZq8EhalwU6yscj0GGC1wt7YZNTNUDop":{"registrationId":326462183,"currentRatchet":{"ephemeralKeyPair":{"pubKey":"BfYbLlTKsAhBFT6xZQ0t6zPxvjOpgS/g8mmFMqYhLyAz","privKey":"6LyQpjYLrH5ZBTUPEqDsmsLHCbnBCLB+1lAPxyEFIns="},"lastRemoteEphemeralKey":"BWOnrgvtVrMkEd6YLZuA2CSUhF3acCyapJ5F5E4rElY7","previousCounter":0,"rootKey":"owIG+2KlGEsu4S+0iZKZA4lnTaEaJ7kitMAKx3VF9sw="},"indexInfo":{"baseKey":"BU+rY+vYFKB4lZq8EhalwU6yscj0GGC1wt7YZNTNUDop","baseKeyType":1,"closed":-1,"used":1731852918652,"created":1731852918652,"remoteIdentityKey":"BeUHaqmX5/iagysTO8f+abSMVCtleCEQfcwnFmuQkMd3"},"_chains":{"BfYbLlTKsAhBFT6xZQ0t6zPxvjOpgS/g8mmFMqYhLyAz":{"chainKey":{"counter":0,"key":"9/ZyIt1ogbypzfrZHNyKR2tk4JP+aWgWLCR29tyQI9A="},"chainType":1,"messageKeys":{}}},"pendingPreKey":{"signedKeyId":14,"baseKey":"BU+rY+vYFKB4lZq8EhalwU6yscj0GGC1wt7YZNTNUDop","preKeyId":4162474}}},"version":"v1"}