{"_sessions":{"BeNxF8WV1ztNv1PB86OkraeJqwNWWp9eJc1NfkGqtYRe":{"registrationId":1165042120,"currentRatchet":{"ephemeralKeyPair":{"pubKey":"BbkbrXMkdCXN6CMYIgHKhCjSeiKqg2oOviBXZYJUttFd","privKey":"+BQWQzDrR69OCdekZsdAmCbhpMsxzA2GRJJ7ErBK+kI="},"lastRemoteEphemeralKey":"BXT5x1WL7b2K+rT3meYXGMGVeTEtLVsGKM/10AQk3XEI","previousCounter":0,"rootKey":"2htfSDM6nuiSZzvGRByGwHLQV0+DLsPDbMpKOOd2Puw="},"indexInfo":{"baseKey":"BeNxF8WV1ztNv1PB86OkraeJqwNWWp9eJc1NfkGqtYRe","baseKeyType":1,"closed":1731669274975,"used":1731669260262,"created":1731669260262,"remoteIdentityKey":"BbGFky/mH9fSQax/ZCIA2FUXB71NAAlL/QWrfLDTQREV"},"_chains":{"BbkbrXMkdCXN6CMYIgHKhCjSeiKqg2oOviBXZYJUttFd":{"chainKey":{"counter":0,"key":"dUdJZSRu7P5qMqeCsg9UHSJojSB3uA/tYIzL4RSbIYM="},"chainType":1,"messageKeys":{}}},"pendingPreKey":{"signedKeyId":7,"baseKey":"BeNxF8WV1ztNv1PB86OkraeJqwNWWp9eJc1NfkGqtYRe","preKeyId":1884042}},"BcKi1yHp+TWK3a5I78m18wf/Hk6GWbusmExKuQaI3y5m":{"registrationId":1165042120,"currentRatchet":{"ephemeralKeyPair":{"pubKey":"BZIYZ5uhOViZwl8s4iG7LXR+8sSOMfADoqNqFDBAXVZ4","privKey":"8J+BFpBZuT8olE2vXxco7aWk4BzRe9hNmc1pdca+nEE="},"lastRemoteEphemeralKey":"BU+W+T4x7GUtr88ZYyjVvF/G4hh2wNF5Mu/0M4jkDgwh","previousCounter":28,"rootKey":"OyN2oowv46V4ozJXZqCNgwEb0gShCbEj0tjBFoEhkBM="},"indexInfo":{"baseKey":"BcKi1yHp+TWK3a5I78m18wf/Hk6GWbusmExKuQaI3y5m","baseKeyType":1,"closed":-1,"used":1731976916579,"created":1731669274082,"remoteIdentityKey":"BbGFky/mH9fSQax/ZCIA2FUXB71NAAlL/QWrfLDTQREV"},"_chains":{"BaV+BXP4x66wqZCA7oeDI1/cE+ke7rAVJa4AupBAHPww":{"chainKey":{"counter":0},"chainType":2,"messageKeys":{}},"BcmXIYnHr4mk47uwv5eWuEMVqnm72998ofe3LAU0OXdJ":{"chainKey":{"counter":0},"chainType":2,"messageKeys":{}},"BU+W+T4x7GUtr88ZYyjVvF/G4hh2wNF5Mu/0M4jkDgwh":{"chainKey":{"counter":3,"key":"WLsUTgWZQBuPw7dNTC46HwrrIg0MK5N0tKZ9rJj/1RQ="},"chainType":2,"messageKeys":{"0":"OZ2GnbrdWWqgMaxJc7pKEjcJ1ymA2k2WXebCeFZSqaw="}},"BZIYZ5uhOViZwl8s4iG7LXR+8sSOMfADoqNqFDBAXVZ4":{"chainKey":{"counter":3,"key":"TviRp0rUh6qLsSvv4PdbcoKm970XGA9c0CxvoF3rG/g="},"chainType":1,"messageKeys":{}}}}},"version":"v1"}