{"_sessions":{"BWBriYaQt3B4OeWMK/iTOLD729ionOD1QLNEsaN33XJw":{"registrationId":769211983,"currentRatchet":{"ephemeralKeyPair":{"pubKey":"BeMjGaMwVD+4AnVZDm75usq/LIh4btFsu85Vv/eqUYVi","privKey":"4OvS9mWz278aCkXTS8cKHJyhV7b/4zMbBPLINdrYNVU="},"lastRemoteEphemeralKey":"BYwwSQgqkW4bAA5FETcAcSjh0z6MtMQSrBDCiVDSU7Mc","previousCounter":0,"rootKey":"qXr7Fcagar32fnWmcSugzdbf8PC8NRnlIEiXpSKW02g="},"indexInfo":{"baseKey":"BWBriYaQt3B4OeWMK/iTOLD729ionOD1QLNEsaN33XJw","baseKeyType":1,"closed":1731669274890,"used":1731669259339,"created":1731669259339,"remoteIdentityKey":"BTHREWDbQx2XIQJg6+42u6UTmP3yVuE7e8nypqt7ZKEE"},"_chains":{"BeMjGaMwVD+4AnVZDm75usq/LIh4btFsu85Vv/eqUYVi":{"chainKey":{"counter":0,"key":"gMfzb7Zx8FEjbcAIjxfY0zfn+zvpGySGaCQQxsPIaOU="},"chainType":1,"messageKeys":{}}},"pendingPreKey":{"signedKeyId":11,"baseKey":"BWBriYaQt3B4OeWMK/iTOLD729ionOD1QLNEsaN33XJw","preKeyId":11373157}},"BeKsphJHleZbLC22n+k5AHg3vHgon8dHWsHC3PMPjhIL":{"registrationId":769211983,"currentRatchet":{"ephemeralKeyPair":{"pubKey":"BSL2KJjmXQA65+TUYK5fOWRMN4RDFEPxzc9JJlaN+y8v","privKey":"qFO21iZqkhKOI3H4bWjz1AAz4Sotlo7u+WLTyVRuMkE="},"lastRemoteEphemeralKey":"BbHXrft6MP4HsyiDbKTXZOHJliyGf3Y/IPiq+DVUrVJz","previousCounter":14,"rootKey":"S1Dqmcr5slOeSa3ddaNJlKuNevhDAXvkCY2vWWlzJkQ="},"indexInfo":{"baseKey":"BeKsphJHleZbLC22n+k5AHg3vHgon8dHWsHC3PMPjhIL","baseKeyType":1,"closed":-1,"used":1731924068985,"created":1731669273228,"remoteIdentityKey":"BTHREWDbQx2XIQJg6+42u6UTmP3yVuE7e8nypqt7ZKEE"},"_chains":{"BW+ZrdngFa/nJuGD/VsRxas8l65KqGNedX5Z208E/JNb":{"chainKey":{"counter":0},"chainType":2,"messageKeys":{}},"BSEGPS//O7MY7Fi9ZQns2JVZ210Afc/dBHOujnCkBVRU":{"chainKey":{"counter":0},"chainType":2,"messageKeys":{}},"BbHXrft6MP4HsyiDbKTXZOHJliyGf3Y/IPiq+DVUrVJz":{"chainKey":{"counter":0,"key":"BOGvw3AttinnbQqYs0+s2bJtgr5R/fiu3Ku25bfJurc="},"chainType":2,"messageKeys":{}},"BSL2KJjmXQA65+TUYK5fOWRMN4RDFEPxzc9JJlaN+y8v":{"chainKey":{"counter":8,"key":"ZTrqAej8ptRiZC8fuGWg4+HSE/XJh3kxUfu3fsYkpJU="},"chainType":1,"messageKeys":{}}}}},"version":"v1"}