{"_sessions":{"BVVah+PFbKI7Y0wAr9D5GNOsFC2KPcynhKUBgboEMCNv":{"registrationId":1453920023,"currentRatchet":{"ephemeralKeyPair":{"pubKey":"BXAtfPkvbcd7dlJar1hweWBHurZbEkuiypbOymmmYl1z","privKey":"4Fk/pZnzbGqTzWwjtCbhEPoUCPqWojJzLmig6e/i7EY="},"lastRemoteEphemeralKey":"BfAVi+AAvNzU4IqpCPJJKSPdnZVfgyhnO6dL0rPZsPAT","previousCounter":0,"rootKey":"BsPKmAJsRuQE2/aVcC+B/HEUBHSdgw9WaxNY6RAf0eE="},"indexInfo":{"baseKey":"BVVah+PFbKI7Y0wAr9D5GNOsFC2KPcynhKUBgboEMCNv","baseKeyType":1,"closed":1731669274982,"used":1731669260450,"created":1731669260450,"remoteIdentityKey":"BdFjMRt8zhCC3j+Jh1bTDWk7mwAG3N5+uzpvps4f6BUD"},"_chains":{"BXAtfPkvbcd7dlJar1hweWBHurZbEkuiypbOymmmYl1z":{"chainKey":{"counter":0,"key":"6GNNDspx4qEmwUN3KVny/Gp7A/58DOBDQASFIAga7aE="},"chainType":1,"messageKeys":{}}},"pendingPreKey":{"signedKeyId":10,"baseKey":"BVVah+PFbKI7Y0wAr9D5GNOsFC2KPcynhKUBgboEMCNv","preKeyId":6289191}},"BTn+aky3BJNP4MVcls9ZYfKfcl+XmjtByyR375GbBmcv":{"registrationId":1453920023,"currentRatchet":{"ephemeralKeyPair":{"pubKey":"BR5DTH87cRSgjypHsxJJcTz2SGjubS0rYpHEBayOULVO","privKey":"UAhscPtVLH6MwutsqMZ9O/JdWyutiUOo/55L8VsLrlU="},"lastRemoteEphemeralKey":"BQi29f/TXDlkHkAS7EcPW1SdfUjLTmiAvUKc9QjfJet/","previousCounter":3,"rootKey":"+2oBnMO2T25nw+diQfKsoMVXzg2oueEEHfAWzxLBLqk="},"indexInfo":{"baseKey":"BTn+aky3BJNP4MVcls9ZYfKfcl+XmjtByyR375GbBmcv","baseKeyType":1,"closed":-1,"used":1732028733862,"created":1731669274264,"remoteIdentityKey":"BdFjMRt8zhCC3j+Jh1bTDWk7mwAG3N5+uzpvps4f6BUD"},"_chains":{"BUHyEEdeVHT2SmZJ2pkuDlc9b3N/itSlJfW2zPsBncRN":{"chainKey":{"counter":0},"chainType":2,"messageKeys":{}},"Be1TabHnIvGON5QXOtHcw/VfZdogsCn6IBxFOtHyoUJJ":{"chainKey":{"counter":0},"chainType":2,"messageKeys":{}},"BSBK05vRwS+eAefiK22xfrD77KVsxOTFhOYLbc80KZIX":{"chainKey":{"counter":0},"chainType":2,"messageKeys":{}},"Bb4VQIIwWf+vG22+Bj5VoNBVhKJBkfw2/NzNnWd8vZR9":{"chainKey":{"counter":0},"chainType":2,"messageKeys":{}},"BRWmYP1T6u7SISKtLAPPpej0KpAloraSJnHkE6IRRnAt":{"chainKey":{"counter":0},"chainType":2,"messageKeys":{}},"BVeIs/wmJsnYfjedGjQodeN7/JEjQUfWjCXE26kzBSIm":{"chainKey":{"counter":0},"chainType":2,"messageKeys":{}},"BRa6Wzz/drsNSE9/stE8LwUkWg/sl7ejUaf7b7pt2y8A":{"chainKey":{"counter":0},"chainType":2,"messageKeys":{}},"BTWECQ8XNsiEDMqn87DIhaKsQEquE9CQItKw9lHvfgJG":{"chainKey":{"counter":0},"chainType":2,"messageKeys":{}},"BZljZO93NPrkkcQrnrbI2ZRQkWjgOWtBbL+HzF74wx9O":{"chainKey":{"counter":0},"chainType":2,"messageKeys":{}},"Bbi+F9q92T6ht0STXpGvj8ZRbEjBkGOpv+/BULNX0b1J":{"chainKey":{"counter":0},"chainType":2,"messageKeys":{}},"Ba1NvlvVn81ksfvDtsvneBSh9kjpNHM9zgh+xWUcBaAG":{"chainKey":{"counter":0},"chainType":2,"messageKeys":{}},"Bdc2zlHEDFSyuE8kc2bfkw0WW0a9qh9CiWCXVy1wNvgg":{"chainKey":{"counter":0},"chainType":2,"messageKeys":{}},"Bcj3oxxc1X4L9feGN5I1aW7lvy/Hwb0Q+wvLK9dnfusf":{"chainKey":{"counter":0},"chainType":2,"messageKeys":{}},"BcfiFhmvxgYgLi9SXlcb6uxbI+r97oaYk47/7P8EQEEx":{"chainKey":{"counter":0},"chainType":2,"messageKeys":{}},"BQi29f/TXDlkHkAS7EcPW1SdfUjLTmiAvUKc9QjfJet/":{"chainKey":{"counter":0,"key":"COPvGnTnJ0Dfbwv6EA8sTMIzsdmuzTPpY8370K53Nd0="},"chainType":2,"messageKeys":{}},"BR5DTH87cRSgjypHsxJJcTz2SGjubS0rYpHEBayOULVO":{"chainKey":{"counter":-1,"key":"ai8qPUay12DmBC0e7ZRjwDTh25FebUz62W05WYbIfC8="},"chainType":1,"messageKeys":{}}}}},"version":"v1"}