{"_sessions":{"Bclg3yycpFeWbkt3SllB+GnT77DlToU6Bt04n7kmXp4J":{"registrationId":1281685781,"currentRatchet":{"ephemeralKeyPair":{"pubKey":"BTasJ6SfqNZ3+wMc5xtndLuppVpIp53YsYDs1D82vexw","privKey":"cC64R86wb2CMZ0kxxSAkTC2oQcEEm2ajYAFNNq7tDn8="},"lastRemoteEphemeralKey":"BSXkZQ5y1BDeSck08uf3eyZYVrUWW5C0W1vqDvcfquIc","previousCounter":0,"rootKey":"P9vi7mjXydKFv6cTmvy3rV5cR0nFWjfH0CKJsa4Nyrw="},"indexInfo":{"baseKey":"Bclg3yycpFeWbkt3SllB+GnT77DlToU6Bt04n7kmXp4J","baseKeyType":1,"closed":1731784703057,"used":1731707442866,"created":1731707442866,"remoteIdentityKey":"BZm+dLwqcP8Yr31tzYMGHpC44TZMYu5MTPS4c2i5MOZh"},"_chains":{"BTasJ6SfqNZ3+wMc5xtndLuppVpIp53YsYDs1D82vexw":{"chainKey":{"counter":0,"key":"aiUTW3TvS1i+xBeaY7/ClsQo2SgdoXEYsDi+vw0cFyI="},"chainType":1,"messageKeys":{}}},"pendingPreKey":{"signedKeyId":2,"baseKey":"Bclg3yycpFeWbkt3SllB+GnT77DlToU6Bt04n7kmXp4J","preKeyId":15101931}},"BXLKEgMKf789iKlanY5Zm7fUAEP7du9GYuWKi8ns/eEQ":{"registrationId":727209734,"currentRatchet":{"ephemeralKeyPair":{"pubKey":"BYzzFww84X1fldPP2TV/7xl4dwE1WwcvGoWWpiSWt0Vh","privKey":"4B+WrKXEKH1HRNB/N5fZamzkaAxwBvVfR88bkDb+5WI="},"lastRemoteEphemeralKey":"BbL/KzWa0eLRud8GkimqFPq2Pudrhe0455RqFY/aYwdx","previousCounter":0,"rootKey":"Hgoyn9XwfWk7VnvGsgAzOy3WrA3PhNwemjd+gMpZ4is="},"indexInfo":{"baseKey":"BXLKEgMKf789iKlanY5Zm7fUAEP7du9GYuWKi8ns/eEQ","baseKeyType":1,"closed":1731784703325,"used":1731784703053,"created":1731784703053,"remoteIdentityKey":"BS/Vzwqy+a16swB0JcRKO9LT0Kq9E8vkUas4ABwCPRhj"},"_chains":{"BYzzFww84X1fldPP2TV/7xl4dwE1WwcvGoWWpiSWt0Vh":{"chainKey":{"counter":-1,"key":"ycuBPzEuI6CDpjux0ghCetSWMgEs6fpjo6qqer5KSb0="},"chainType":1,"messageKeys":{}}},"pendingPreKey":{"signedKeyId":0,"baseKey":"BXLKEgMKf789iKlanY5Zm7fUAEP7du9GYuWKi8ns/eEQ","preKeyId":1987884}},"BT59Ln7BpriRIYm8ArsJrMgNWztND7M/0wjiNxBu86U3":{"registrationId":727209734,"currentRatchet":{"ephemeralKeyPair":{"pubKey":"BcRRSP9YTi5Hb+JyYzWk8FfGrGZCt+UcunJ6ZRXoIm5c","privKey":"qDyCCO4uFquN57+xN5r3cHo+mgP9kAclb2PlPZesokU="},"lastRemoteEphemeralKey":"BbL/KzWa0eLRud8GkimqFPq2Pudrhe0455RqFY/aYwdx","previousCounter":0,"rootKey":"Ei8QwGfQYUwLTc5lokhtrrTAyoz8tOiUzvvl4//iBwM="},"indexInfo":{"baseKey":"BT59Ln7BpriRIYm8ArsJrMgNWztND7M/0wjiNxBu86U3","baseKeyType":1,"closed":1731784710224,"used":1731784703320,"created":1731784703320,"remoteIdentityKey":"BS/Vzwqy+a16swB0JcRKO9LT0Kq9E8vkUas4ABwCPRhj"},"_chains":{"BcRRSP9YTi5Hb+JyYzWk8FfGrGZCt+UcunJ6ZRXoIm5c":{"chainKey":{"counter":-1,"key":"ZKhDsQoNFKRyqv3S0381ZrKJeTScjrIXE0pPGY6Zl7k="},"chainType":1,"messageKeys":{}}},"pendingPreKey":{"signedKeyId":0,"baseKey":"BT59Ln7BpriRIYm8ArsJrMgNWztND7M/0wjiNxBu86U3","preKeyId":1987134}},"BUP/WSXmaqs3B4JXcT700ivO1HyT5JPhp90gYJWhdDYE":{"registrationId":727209734,"currentRatchet":{"ephemeralKeyPair":{"pubKey":"BcOyynDz/VcP3/iKrMFCatSxevxJNefjXQxSJCgunR1k","privKey":"mMgy5Z9K+P9j/gnyw6jaAOwOX8K8PplXKDIv3LC3/Wg="},"lastRemoteEphemeralKey":"BbL/KzWa0eLRud8GkimqFPq2Pudrhe0455RqFY/aYwdx","previousCounter":0,"rootKey":"pChw6/P5jkCBLHBniGRqCVmJeDz8v6ztd9FCeTrC5RU="},"indexInfo":{"baseKey":"BUP/WSXmaqs3B4JXcT700ivO1HyT5JPhp90gYJWhdDYE","baseKeyType":1,"closed":1731784737880,"used":1731784710222,"created":1731784710222,"remoteIdentityKey":"BS/Vzwqy+a16swB0JcRKO9LT0Kq9E8vkUas4ABwCPRhj"},"_chains":{"BcOyynDz/VcP3/iKrMFCatSxevxJNefjXQxSJCgunR1k":{"chainKey":{"counter":-1,"key":"2jz7UYwoVnVq0rXTe8lFDdBZpwzGfCl0CS8xm9lfvsc="},"chainType":1,"messageKeys":{}}},"pendingPreKey":{"signedKeyId":0,"baseKey":"BUP/WSXmaqs3B4JXcT700ivO1HyT5JPhp90gYJWhdDYE","preKeyId":1987816}},"Be8HnKPRvFXh2PQ50S0IDiwp0668i7N05v/EaIyPxSsR":{"registrationId":727209734,"currentRatchet":{"ephemeralKeyPair":{"pubKey":"BT+l3P/eALwF1IkeGqJnWCRiQ122/7NpYUYs8eQls5Al","privKey":"sDQLgToQT/6BlmZN1cw69piJRjuAwJOQzllpr/q1kWE="},"lastRemoteEphemeralKey":"BbL/KzWa0eLRud8GkimqFPq2Pudrhe0455RqFY/aYwdx","previousCounter":0,"rootKey":"HZfQMJ1ldLD0e46xbU4oE6WjoQHzk7TM/tmHNE1JXJg="},"indexInfo":{"baseKey":"Be8HnKPRvFXh2PQ50S0IDiwp0668i7N05v/EaIyPxSsR","baseKeyType":1,"closed":1731784738211,"used":1731784737875,"created":1731784737875,"remoteIdentityKey":"BS/Vzwqy+a16swB0JcRKO9LT0Kq9E8vkUas4ABwCPRhj"},"_chains":{"BT+l3P/eALwF1IkeGqJnWCRiQ122/7NpYUYs8eQls5Al":{"chainKey":{"counter":-1,"key":"VjHGTcV7J8Bp4/IjFWU1fRb6b9P9L8t95hAdvihtGvk="},"chainType":1,"messageKeys":{}}},"pendingPreKey":{"signedKeyId":0,"baseKey":"Be8HnKPRvFXh2PQ50S0IDiwp0668i7N05v/EaIyPxSsR","preKeyId":1987837}},"BWEr9susyuM0/BtpDVtJa5XPhz/CD5RDzFl3qaqTGZ0o":{"registrationId":727209734,"currentRatchet":{"ephemeralKeyPair":{"pubKey":"BVf6l409WgE2xhsXOYRH3Iz7HCFWhCGz6AoTxxsaPGR0","privKey":"iNLmOBOdIR9D0Ut9PQap7BnwYqELVCJDuMwGCNbV7Es="},"lastRemoteEphemeralKey":"BbL/KzWa0eLRud8GkimqFPq2Pudrhe0455RqFY/aYwdx","previousCounter":0,"rootKey":"UNrXOcJO+eh0lPHuWQS6i5oIS6JbyoGBZN9iNDQv4iQ="},"indexInfo":{"baseKey":"BWEr9susyuM0/BtpDVtJa5XPhz/CD5RDzFl3qaqTGZ0o","baseKeyType":1,"closed":1731784738535,"used":1731784738206,"created":1731784738206,"remoteIdentityKey":"BS/Vzwqy+a16swB0JcRKO9LT0Kq9E8vkUas4ABwCPRhj"},"_chains":{"BVf6l409WgE2xhsXOYRH3Iz7HCFWhCGz6AoTxxsaPGR0":{"chainKey":{"counter":-1,"key":"ZfPK/GOD0nEgPv2VZjIn1y43Krl6pfNNyig4bu7AfhQ="},"chainType":1,"messageKeys":{}}},"pendingPreKey":{"signedKeyId":0,"baseKey":"BWEr9susyuM0/BtpDVtJa5XPhz/CD5RDzFl3qaqTGZ0o","preKeyId":1987203}},"BVSo4hxjfRdM+42kP9QED+xC01+jKSUPDKsLfVpXy1N8":{"registrationId":727209734,"currentRatchet":{"ephemeralKeyPair":{"pubKey":"BcLiDALgJO4NnQHHhkD0EZfuJQOzBa8ejtWvQnPV+R5P","privKey":"+GJ7Hf+JJvKQ2KKKLFFqIgOJu6AGxUjAT3Zp63wV4mw="},"lastRemoteEphemeralKey":"BbL/KzWa0eLRud8GkimqFPq2Pudrhe0455RqFY/aYwdx","previousCounter":0,"rootKey":"RzL2e27p+v6RcQF5YXDq2E6m6N+MiW+cWCCxGU0XKyU="},"indexInfo":{"baseKey":"BVSo4hxjfRdM+42kP9QED+xC01+jKSUPDKsLfVpXy1N8","baseKeyType":1,"closed":1731784738848,"used":1731784738531,"created":1731784738531,"remoteIdentityKey":"BS/Vzwqy+a16swB0JcRKO9LT0Kq9E8vkUas4ABwCPRhj"},"_chains":{"BcLiDALgJO4NnQHHhkD0EZfuJQOzBa8ejtWvQnPV+R5P":{"chainKey":{"counter":-1,"key":"ftcOBtyny4l3BrPgD7+kYe70X5Wd9//OHywrFbZw4vI="},"chainType":1,"messageKeys":{}}},"pendingPreKey":{"signedKeyId":0,"baseKey":"BVSo4hxjfRdM+42kP9QED+xC01+jKSUPDKsLfVpXy1N8","preKeyId":1987186}},"BSyECnd+EWNj5fUdZN3vFyo27UWDNgVA/vN1KLhDRzQm":{"registrationId":727209734,"currentRatchet":{"ephemeralKeyPair":{"pubKey":"BSObeodLP2KHlvwx0CwXJIxPQib80BrDKQPW47SIO8UO","privKey":"cGULXp4bgzY6OC+xfBO66t0hSVltwHE3FH99RKklGkY="},"lastRemoteEphemeralKey":"BbL/KzWa0eLRud8GkimqFPq2Pudrhe0455RqFY/aYwdx","previousCounter":0,"rootKey":"OG5SjuwqgesG+/bbjMZR+T/6FyswWFBsXdAP3b/IO30="},"indexInfo":{"baseKey":"BSyECnd+EWNj5fUdZN3vFyo27UWDNgVA/vN1KLhDRzQm","baseKeyType":1,"closed":-1,"used":1731784738842,"created":1731784738842,"remoteIdentityKey":"BS/Vzwqy+a16swB0JcRKO9LT0Kq9E8vkUas4ABwCPRhj"},"_chains":{"BSObeodLP2KHlvwx0CwXJIxPQib80BrDKQPW47SIO8UO":{"chainKey":{"counter":0,"key":"ACpahdE8llyUS39YXctbqX6SKwTwsV+qsuAICAaEzlE="},"chainType":1,"messageKeys":{}}},"pendingPreKey":{"signedKeyId":0,"baseKey":"BSyECnd+EWNj5fUdZN3vFyo27UWDNgVA/vN1KLhDRzQm","preKeyId":1987827}}},"version":"v1"}