{"_sessions":{"BfdsRHfIeVXa1XMvDMJWkxsGy4fvbSvsHubkdRQebmYI":{"registrationId":52051048,"currentRatchet":{"ephemeralKeyPair":{"pubKey":"BWr1KGLCAIFqMuGH4Hw4eZXTrz+Av7zfY90fQElp2R4+","privKey":"oHerzq6/EU1jwukR3yqKgltYKLmfCJoJAUJjhE9OgVM="},"lastRemoteEphemeralKey":"BTLp1RG6e4AfF2+0XAi1LB2c/gyx8iqBKnwzO7rLTy9L","previousCounter":0,"rootKey":"15r491Bwj8i/Hu0Or37znVRK2Ji6vLxRgIJzvM93+Ks="},"indexInfo":{"baseKey":"BfdsRHfIeVXa1XMvDMJWkxsGy4fvbSvsHubkdRQebmYI","baseKeyType":1,"closed":-1,"used":1731762755339,"created":1731745714635,"remoteIdentityKey":"Bb/6UAY4S9k5sHM0vJFUjjPoMx1B7JkOyuSVM0sijag4"},"_chains":{"BTLp1RG6e4AfF2+0XAi1LB2c/gyx8iqBKnwzO7rLTy9L":{"chainKey":{"counter":0,"key":"ztdiLxB0IYu9Mq+/aSmzT5HOocRZq0s1GX7nnXRsXJM="},"chainType":2,"messageKeys":{}},"BWr1KGLCAIFqMuGH4Hw4eZXTrz+Av7zfY90fQElp2R4+":{"chainKey":{"counter":-1,"key":"B9TcDEo51bj+A4o25iLMrJ7EBuTpayBnWM1ERbMHF6c="},"chainType":1,"messageKeys":{}}}}},"version":"v1"}