{"_sessions":{"BV7nprsPVBJhCIZo3v0Qbr3T44VFxh9hQVMuZNvJ7Dcl":{"registrationId":427582978,"currentRatchet":{"ephemeralKeyPair":{"pubKey":"BUVYZscGpTegb20AQNXciwaWa1ME8n4t0mi/AeAbILNQ","privKey":"8Ny9ukUBQFDEqbsjx/uceAbV+u7Ds7RiWUbjkqkzamA="},"lastRemoteEphemeralKey":"BZfvtBpx3QEDMQSe/WDnZBCtcjGzVTrPhriRPyjo485W","previousCounter":0,"rootKey":"ut1WzLhAywmEUlRqMCwKUPAcIruLHKEEeq+qffYmp9s="},"indexInfo":{"baseKey":"BV7nprsPVBJhCIZo3v0Qbr3T44VFxh9hQVMuZNvJ7Dcl","baseKeyType":2,"closed":-1,"used":1731700908504,"created":1731700908504,"remoteIdentityKey":"BX3iG0uPeKjpzifUQKNLxS79H48WFXHgYwBF4/unCQcK"},"_chains":{"BZfvtBpx3QEDMQSe/WDnZBCtcjGzVTrPhriRPyjo485W":{"chainKey":{"counter":0,"key":"qGlKe+lIv+iNnhdwAaaK9ZJ99dJkOVBXVXmOyFBhHnE="},"chainType":2,"messageKeys":{}},"BUVYZscGpTegb20AQNXciwaWa1ME8n4t0mi/AeAbILNQ":{"chainKey":{"counter":-1,"key":"podx2BIWKT0Lt1ZSnELNPglAQtTzNrq6PcBSBJpVAKA="},"chainType":1,"messageKeys":{}}}}},"version":"v1"}