{"_sessions":{"BWNYjD2NLDh4tmH5/awA7n0YMX40NYZ3nmk/LGpHVh85":{"registrationId":359685972,"currentRatchet":{"ephemeralKeyPair":{"pubKey":"BUMpyw7NI9exD2OeQf5UvpWIo5YLs/5lKc/hn0OmGp4T","privKey":"SJ2KMzSEwh95awM03UY4JVw+cIJUKyzSKX83U1SHtXs="},"lastRemoteEphemeralKey":"Bb+yKL3KPDLIfYHPHolXZY8hKGJPfvVkk/b4rCTKy3w0","previousCounter":0,"rootKey":"T9XdbmNJvsWo0/xZd4a0Iyep5GXH24XYPtXkaKNrY5U="},"indexInfo":{"baseKey":"BWNYjD2NLDh4tmH5/awA7n0YMX40NYZ3nmk/LGpHVh85","baseKeyType":1,"closed":1731669274907,"used":1731669259671,"created":1731669259671,"remoteIdentityKey":"Be0DAHlDD+TLIXf+tvE9AD98ccXF/jk9JWhTs1PtsVcQ"},"_chains":{"BUMpyw7NI9exD2OeQf5UvpWIo5YLs/5lKc/hn0OmGp4T":{"chainKey":{"counter":0,"key":"Btxec1qPE50SWiq4KaTVhAuAcWMZ4rINl9/G3OApOwU="},"chainType":1,"messageKeys":{}}},"pendingPreKey":{"signedKeyId":1,"baseKey":"BWNYjD2NLDh4tmH5/awA7n0YMX40NYZ3nmk/LGpHVh85"}},"Be5i1282jMeBfkWPM2V/TDdMEGqFLnP4MdS0p8QyYst6":{"registrationId":359685972,"currentRatchet":{"ephemeralKeyPair":{"pubKey":"BRbcOudp2cxyB9OceDtQV9oLHI35A6e4EVXH2swuev1p","privKey":"YM2dUvn38/y8n7qN+/RYZmhaqW9HDGAX130io4z6wmQ="},"lastRemoteEphemeralKey":"Bb+yKL3KPDLIfYHPHolXZY8hKGJPfvVkk/b4rCTKy3w0","previousCounter":0,"rootKey":"Ej+PNzKiCDrKLOj7vRPJgPixpUrJBrI+5OEPJeMMcXs="},"indexInfo":{"baseKey":"Be5i1282jMeBfkWPM2V/TDdMEGqFLnP4MdS0p8QyYst6","baseKeyType":1,"closed":-1,"used":1731669273560,"created":1731669273560,"remoteIdentityKey":"Be0DAHlDD+TLIXf+tvE9AD98ccXF/jk9JWhTs1PtsVcQ"},"_chains":{"BRbcOudp2cxyB9OceDtQV9oLHI35A6e4EVXH2swuev1p":{"chainKey":{"counter":64,"key":"GCeAdW76/ZGIf5wqDmAYTtvDilmc/dKT0X/gFDJkky4="},"chainType":1,"messageKeys":{}}},"pendingPreKey":{"signedKeyId":1,"baseKey":"Be5i1282jMeBfkWPM2V/TDdMEGqFLnP4MdS0p8QyYst6"}}},"version":"v1"}