{"_sessions":{"BV99GNU5PSZrDeWauNAZ2xEVT8p6whj3UBeUxwU+KCVl":{"registrationId":3012,"currentRatchet":{"ephemeralKeyPair":{"pubKey":"BYGWX89dEklCulhbQrF6ASGfh3eHe0sJc6hJ2GybBAJ5","privKey":"MLtwwyB5upc5V3vzn5ACQXPN1sOL91RZz66L/25asUY="},"lastRemoteEphemeralKey":"BRPNxTFRnsILq3Z5/a4q2G4TG2EJfaK6j6GKg3yplYUR","previousCounter":0,"rootKey":"C4dzr9HvzStu8FrnEtsjvor6G23GjldEYlu+7B93NEk="},"indexInfo":{"baseKey":"BV99GNU5PSZrDeWauNAZ2xEVT8p6whj3UBeUxwU+KCVl","baseKeyType":1,"closed":-1,"used":1731787255860,"created":1731787255860,"remoteIdentityKey":"Bao6vWl5ChQfD8EtHKFWTbfwPycG4SgXJgEd60cR48Ix"},"_chains":{"BYGWX89dEklCulhbQrF6ASGfh3eHe0sJc6hJ2GybBAJ5":{"chainKey":{"counter":0,"key":"H147HI0KPY9XM4NmSIvRLzhBNMwBb6yP2vyK2jU8kAQ="},"chainType":1,"messageKeys":{}}},"pendingPreKey":{"signedKeyId":1,"baseKey":"BV99GNU5PSZrDeWauNAZ2xEVT8p6whj3UBeUxwU+KCVl","preKeyId":114}}},"version":"v1"}