{"_sessions":{"Ba3p/6gIOeW2wnUcApMEU4g4iLxcHQn/AecGc+q2+kYu":{"registrationId":139,"currentRatchet":{"ephemeralKeyPair":{"pubKey":"BVDtkmRSKfqpututpxPAyshlfFg/xu97wWwNOkZGA4lh","privKey":"sEkSl+dO1AzOEHnuRfSzv3Sn3lWkHrxV5Suw0en4D24="},"lastRemoteEphemeralKey":"BWcRrg7A+Yg7ZM3uVuqdpBJw1fOc4HKfquQHTibLmxAX","previousCounter":0,"rootKey":"oSYlmbCl9oKk2cwW/v0HCzyyiJTJdD5H10L7DX54odI="},"indexInfo":{"baseKey":"Ba3p/6gIOeW2wnUcApMEU4g4iLxcHQn/AecGc+q2+kYu","baseKeyType":1,"closed":-1,"used":1731669227057,"created":1731669227057,"remoteIdentityKey":"Bb98PUdZSsX6vA1oOxKRzGRxR5r+rGu1LMlXQtz9vyUg"},"_chains":{"BVDtkmRSKfqpututpxPAyshlfFg/xu97wWwNOkZGA4lh":{"chainKey":{"counter":10,"key":"HGuvXyIsFMGnLqmJdVWywQMEI+eZOi4jaKvvj+SYxNg="},"chainType":1,"messageKeys":{}}},"pendingPreKey":{"signedKeyId":1,"baseKey":"Ba3p/6gIOeW2wnUcApMEU4g4iLxcHQn/AecGc+q2+kYu"}}},"version":"v1"}