{"_sessions":{"BVGS4STytcLUQ/293zc7zMPkNGtxSfUFatMfGxTW124I":{"registrationId":255805452,"currentRatchet":{"ephemeralKeyPair":{"pubKey":"BZpDJXufvLJZJkMwbJih2CAaSX0ekmGQo/+iasuKLFBd","privKey":"4CnlsPn5T8sn/ryodJTXtx/PKwpv7xc8x/HEnTx6Xk0="},"lastRemoteEphemeralKey":"BYS/Ib4thkTNj20BeM3nU6pxtl9DSXRtsfnnKerXMj8n","previousCounter":0,"rootKey":"2ihE+XysqRnIhAEOJ+CvioOoc/jz0V+1kw3fp4J+/2Q="},"indexInfo":{"baseKey":"BVGS4STytcLUQ/293zc7zMPkNGtxSfUFatMfGxTW124I","baseKeyType":1,"closed":1731959967936,"used":1731959959286,"created":1731959959286,"remoteIdentityKey":"BUxkqUC23wj16bU7cYqubvsETgyoN6bb/9p9EfEEWPte"},"_chains":{"BZpDJXufvLJZJkMwbJih2CAaSX0ekmGQo/+iasuKLFBd":{"chainKey":{"counter":-1,"key":"00acWt09aZT67dwoubvKYgU2OL4jCkAkPnWsrz2yiys="},"chainType":1,"messageKeys":{}}},"pendingPreKey":{"signedKeyId":0,"baseKey":"BVGS4STytcLUQ/293zc7zMPkNGtxSfUFatMfGxTW124I","preKeyId":651208}},"Ba/gN0ARv6vAlKjZVJRdIGWhln1qUcZl30I6RtrBU0EC":{"registrationId":255805452,"currentRatchet":{"ephemeralKeyPair":{"pubKey":"BRk/mJ4l4Ke2CTEa52l/Kd0BGR+GZOjSy9Jqug00I9BP","privKey":"eBXTfOLVT8nBJMND5gFyqB4cW2JFY75CC6LcQtfVblc="},"lastRemoteEphemeralKey":"BYS/Ib4thkTNj20BeM3nU6pxtl9DSXRtsfnnKerXMj8n","previousCounter":0,"rootKey":"FLiJSSaATWiBBJLSHjv6s6WUwSgIVfLrtccBTQUIJD8="},"indexInfo":{"baseKey":"Ba/gN0ARv6vAlKjZVJRdIGWhln1qUcZl30I6RtrBU0EC","baseKeyType":1,"closed":1731959976546,"used":1731959967931,"created":1731959967931,"remoteIdentityKey":"BUxkqUC23wj16bU7cYqubvsETgyoN6bb/9p9EfEEWPte"},"_chains":{"BRk/mJ4l4Ke2CTEa52l/Kd0BGR+GZOjSy9Jqug00I9BP":{"chainKey":{"counter":-1,"key":"qtgM+H7kNDte+v6fU14InfJGaiHfYeH0EePviZlOg2w="},"chainType":1,"messageKeys":{}}},"pendingPreKey":{"signedKeyId":0,"baseKey":"Ba/gN0ARv6vAlKjZVJRdIGWhln1qUcZl30I6RtrBU0EC","preKeyId":651233}},"Bdsq33yFz/aEhepZUR18mXsimUatvbpa0jtfomTyLc4G":{"registrationId":255805452,"currentRatchet":{"ephemeralKeyPair":{"pubKey":"BaNCf1HrdP3kZpKLAlXgIaUiAiGxzviYlyVQ4pCS058t","privKey":"KLgCpbNEuPmRn06AqkjFNZ49UJo8l2rzuZ7129KhVmg="},"lastRemoteEphemeralKey":"BYS/Ib4thkTNj20BeM3nU6pxtl9DSXRtsfnnKerXMj8n","previousCounter":0,"rootKey":"Gslhk77fkf8m5WV5I+T9mTURQiqHvFlsyeOHcWVDXJI="},"indexInfo":{"baseKey":"Bdsq33yFz/aEhepZUR18mXsimUatvbpa0jtfomTyLc4G","baseKeyType":1,"closed":1731959989748,"used":1731959976541,"created":1731959976541,"remoteIdentityKey":"BUxkqUC23wj16bU7cYqubvsETgyoN6bb/9p9EfEEWPte"},"_chains":{"BaNCf1HrdP3kZpKLAlXgIaUiAiGxzviYlyVQ4pCS058t":{"chainKey":{"counter":-1,"key":"I0Oj3r8O2ffKi8PyrePIjfWzIbN2LpXpavQrtykJbak="},"chainType":1,"messageKeys":{}}},"pendingPreKey":{"signedKeyId":0,"baseKey":"Bdsq33yFz/aEhepZUR18mXsimUatvbpa0jtfomTyLc4G","preKeyId":651289}},"Bdhl8ktr94FhB+65PoNpf+7mgkKjjFs7hRKnwSKGATBR":{"registrationId":255805452,"currentRatchet":{"ephemeralKeyPair":{"pubKey":"BUtnCiVeEeIuV/lMNWMUCHAuJX+tVLROpcL8M0Bla1xm","privKey":"sEPJPHwJ8P9/c4QMUeKQtWVypUNg+37Bz7ufaeeesnU="},"lastRemoteEphemeralKey":"BaT7Q9jhm6fR+3G45mVSOq/XlJhDAgRqh6U9IWWIABQr","previousCounter":1,"rootKey":"ENeKabC/Xp/QLVD3iAaLIboITEPwaGJc5E1rsqB+qRc="},"indexInfo":{"baseKey":"Bdhl8ktr94FhB+65PoNpf+7mgkKjjFs7hRKnwSKGATBR","baseKeyType":1,"closed":-1,"used":1732030259965,"created":1731959989745,"remoteIdentityKey":"BUxkqUC23wj16bU7cYqubvsETgyoN6bb/9p9EfEEWPte"},"_chains":{"BSbb+OINxSvcuWPtN2J3fcI+WfHACZq52G7Ikdo1fPA+":{"chainKey":{"counter":1},"chainType":2,"messageKeys":{}},"BZygIomTuNshoB/fCp2Fsf7rpoRGR2su+CCHVFkCBqVb":{"chainKey":{"counter":0},"chainType":2,"messageKeys":{}},"BUGtxlvHqB+f56GRQUlioZvl7rPnnOJYrMf2U3EgHbx7":{"chainKey":{"counter":0},"chainType":2,"messageKeys":{}},"BaT7Q9jhm6fR+3G45mVSOq/XlJhDAgRqh6U9IWWIABQr":{"chainKey":{"counter":0,"key":"iRGExd0lXnIzKYtWINucKvcTHG0HZJBshh8WVf5KnSU="},"chainType":2,"messageKeys":{}},"BUtnCiVeEeIuV/lMNWMUCHAuJX+tVLROpcL8M0Bla1xm":{"chainKey":{"counter":-1,"key":"q72gGH9Eaq9XafAM8W8ht23OE5PaBAqRLXu8xAY/SQ8="},"chainType":1,"messageKeys":{}}}}},"version":"v1"}