{"_sessions":{"BXfeAvfR/iLIjwtuDsESWOTylDnmCweU0K6zn15cyB4t":{"registrationId":804541451,"currentRatchet":{"ephemeralKeyPair":{"pubKey":"BeoJFkfzr7RvRbgJSc70bOkWMJbFeSMIys6lqnfio6xN","privKey":"KKEWMNLNN16x+WdEWh0zoCOH6yCmoWIEn1R38P1y8G8="},"lastRemoteEphemeralKey":"BQumdX2bkjtGUdjJ1zVYTAa2xDRxo3xKMAUXLs2S08Ba","previousCounter":0,"rootKey":"bisDad7zTVvzkREBaFxdIzZ4byI8f3Z9fCddrJs4Ak8="},"indexInfo":{"baseKey":"BXfeAvfR/iLIjwtuDsESWOTylDnmCweU0K6zn15cyB4t","baseKeyType":1,"closed":1731669274911,"used":1731669259762,"created":1731669259762,"remoteIdentityKey":"BWpolRLOKltHHjhO32pvYvE3p0+UZ5bU6Kr9gMi4SK1L"},"_chains":{"BeoJFkfzr7RvRbgJSc70bOkWMJbFeSMIys6lqnfio6xN":{"chainKey":{"counter":0,"key":"Mi+C362yeQ/fHZuHSQXmjTL65t3gX4Q6ejLrpVENZFk="},"chainType":1,"messageKeys":{}}},"pendingPreKey":{"signedKeyId":2,"baseKey":"BXfeAvfR/iLIjwtuDsESWOTylDnmCweU0K6zn15cyB4t","preKeyId":11076728}},"BZJHMHVNkZzudgLbmm4LQnYF8+XmriL21Nucj9szGsU7":{"registrationId":804541451,"currentRatchet":{"ephemeralKeyPair":{"pubKey":"BWP33FRC9UiOQUyPEQoNNeIcn3yBRwm6+7TrkulyXols","privKey":"2M2iE86/YDlOqr2b9fGVp1+7Wd+OF9i/arEqGcgi8HY="},"lastRemoteEphemeralKey":"Bcp6a3wx/ZlC+g1FFGtgOTjF8VWTFCwisCskVwSF/I1s","previousCounter":10,"rootKey":"QGIqMxZ7FueTSiyEFBO/JOkg0Bo79OFe6VTr0HNOROo="},"indexInfo":{"baseKey":"BZJHMHVNkZzudgLbmm4LQnYF8+XmriL21Nucj9szGsU7","baseKeyType":1,"closed":-1,"used":1731853054501,"created":1731669273644,"remoteIdentityKey":"BWpolRLOKltHHjhO32pvYvE3p0+UZ5bU6Kr9gMi4SK1L"},"_chains":{"BYLhtpiPz0flEZPNiOH69mQjXHyqZWw/nZ9IbaEmJ/81":{"chainKey":{"counter":0},"chainType":2,"messageKeys":{}},"Bcp6a3wx/ZlC+g1FFGtgOTjF8VWTFCwisCskVwSF/I1s":{"chainKey":{"counter":0,"key":"ry2Xhz3+KLg2HSMSOywJRB4r48m9dGvOUA/QAxBDfNg="},"chainType":2,"messageKeys":{}},"BWP33FRC9UiOQUyPEQoNNeIcn3yBRwm6+7TrkulyXols":{"chainKey":{"counter":22,"key":"cZ5OFIV1LPFFROSXGQoKV8Vp7TZcoi67XoOuu+6bX9g="},"chainType":1,"messageKeys":{}}}}},"version":"v1"}