{"_sessions":{"BVTA+hXpNkXDMwvmEiGNZQ78mktWhLlx7bTT3m7IRH0Y":{"registrationId":1035163660,"currentRatchet":{"ephemeralKeyPair":{"pubKey":"BbiT8GXwejtPb3fFpW523Xvib3/p1O2OUqyqB/Xv47UZ","privKey":"sNdlQLaM8bJpKT4R7lFX9cF6hV5lCyGoJf75ByKiBlc="},"lastRemoteEphemeralKey":"BZzBbvPnghThJd/NjpRd+f2x094QOFCcCW4gdZTKTRtS","previousCounter":0,"rootKey":"WSbdFjttwDIB+L2fO3emXhg0fICJItrSCffNJkhhKgI="},"indexInfo":{"baseKey":"BVTA+hXpNkXDMwvmEiGNZQ78mktWhLlx7bTT3m7IRH0Y","baseKeyType":1,"closed":-1,"used":1731956511337,"created":1731956511337,"remoteIdentityKey":"BWgBWM0pxzseXd26GkNo/zTKCJythN7GWwbecUQadQl7"},"_chains":{"BbiT8GXwejtPb3fFpW523Xvib3/p1O2OUqyqB/Xv47UZ":{"chainKey":{"counter":8,"key":"wc3OYb08UW0RzO+8Uqo9K4y5tW8zxU3mDOvQlUbQg80="},"chainType":1,"messageKeys":{}}},"pendingPreKey":{"signedKeyId":1,"baseKey":"BVTA+hXpNkXDMwvmEiGNZQ78mktWhLlx7bTT3m7IRH0Y"}}},"version":"v1"}