{"_sessions":{"BYhSTURyHwYXiu3erYejGTUWFHppzpAd5SEoBsOopxBu":{"registrationId":1144327821,"currentRatchet":{"ephemeralKeyPair":{"pubKey":"BeRxUqz9PH3gQ0oMpUgSHjxkIbdEAFH5a5XNCNcPF5dG","privKey":"4CJP2DvyrBJorKP+cnUsJSUPAkjagaMvcb4ulP/ZjmQ="},"lastRemoteEphemeralKey":"BWJrRG27WJGOqKU8hpcyS5Qsnp3mOvr5EUxEd6dSq2Vt","previousCounter":0,"rootKey":"pFHrHopzqMnlPB51TgufjpmeH5G9ruRP2tYqRPrVnIs="},"indexInfo":{"baseKey":"BYhSTURyHwYXiu3erYejGTUWFHppzpAd5SEoBsOopxBu","baseKeyType":1,"closed":1731669274850,"used":1731669258548,"created":1731669258548,"remoteIdentityKey":"BYJCZ/f/TWlNJRFSy8dXiFEdpRNrEfj+aIXGMGzdrRg6"},"_chains":{"BeRxUqz9PH3gQ0oMpUgSHjxkIbdEAFH5a5XNCNcPF5dG":{"chainKey":{"counter":0,"key":"r92Nm+gRQBI3fKjIWs3c8lqx0E45irSOtbGqBb7s55E="},"chainType":1,"messageKeys":{}}},"pendingPreKey":{"signedKeyId":2,"baseKey":"BYhSTURyHwYXiu3erYejGTUWFHppzpAd5SEoBsOopxBu","preKeyId":3300405}},"BfJqH9aor1uE/Elh2oXfieQyOxwUQnKfHNVcvNK40WlD":{"registrationId":1144327821,"currentRatchet":{"ephemeralKeyPair":{"pubKey":"BUlcgEjYmgoyARxCM5XPigNN9mTpK2iCKMhGmAHsEUYS","privKey":"yE2rNF7M1NDMHIJn5zMBKB8yueB9fybSV3Q3dTqOPms="},"lastRemoteEphemeralKey":"BcLTef8ZcAS3H85o8gP0LTVfeqemaAQGApQtwV5kQyIS","previousCounter":14,"rootKey":"GoWm07vq0LN2Irlu8Vamte8kUODxYMrqfB93em2xHNg="},"indexInfo":{"baseKey":"BfJqH9aor1uE/Elh2oXfieQyOxwUQnKfHNVcvNK40WlD","baseKeyType":1,"closed":-1,"used":1731924065836,"created":1731669272465,"remoteIdentityKey":"BYJCZ/f/TWlNJRFSy8dXiFEdpRNrEfj+aIXGMGzdrRg6"},"_chains":{"BdQfoDAiLWnFyq6vCGk3ncJ9xZCta859ejAJE683eF9b":{"chainKey":{"counter":0},"chainType":2,"messageKeys":{}},"BfVxxJqO7tRGH8AWW+s7PKRareWdknY1Jqv7du9bhUwS":{"chainKey":{"counter":0},"chainType":2,"messageKeys":{}},"BcLTef8ZcAS3H85o8gP0LTVfeqemaAQGApQtwV5kQyIS":{"chainKey":{"counter":0,"key":"RNjXFALt40MMm2qokjuAONtpkSgUOTj6fUzNk2QlQDE="},"chainType":2,"messageKeys":{}},"BUlcgEjYmgoyARxCM5XPigNN9mTpK2iCKMhGmAHsEUYS":{"chainKey":{"counter":8,"key":"8Z6ZHR1kbKh4JoAUpZ3yol0ztYVIKK/8G/jbhQBcAwA="},"chainType":1,"messageKeys":{}}}}},"version":"v1"}