{"_sessions":{"BT0Z3ZO+2VLyCNxpVLz0aiXGn9P/k/pc7Gp/csd0pqlu":{"registrationId":465907128,"currentRatchet":{"ephemeralKeyPair":{"pubKey":"BfpfYJCUHE/V9FtSl/tutoxpzy+kQVqnOn5yuNkumTUL","privKey":"8CnFWK/LcBDBPZzeI2npxpwqtC7tcWgUphQxRpabfX0="},"lastRemoteEphemeralKey":"BSqFZck24yuyyEisSwYVoMC92QY2d1vO00erRshXRdVV","previousCounter":0,"rootKey":"BbUpneYYxHga3bSpEfea5VfiCmGE5nolDKtovD2zAps="},"indexInfo":{"baseKey":"BT0Z3ZO+2VLyCNxpVLz0aiXGn9P/k/pc7Gp/csd0pqlu","baseKeyType":1,"closed":-1,"used":1731758333412,"created":1731758333412,"remoteIdentityKey":"BbTarHmRllBPoC6dfrUa0w5MY8mjsSr8XeH7QbkeKgI3"},"_chains":{"BfpfYJCUHE/V9FtSl/tutoxpzy+kQVqnOn5yuNkumTUL":{"chainKey":{"counter":0,"key":"gMWbhxzxR0B5fQGzj79APYJ0GJZRSEYW9v4esOAQKe4="},"chainType":1,"messageKeys":{}}},"pendingPreKey":{"signedKeyId":1,"baseKey":"BT0Z3ZO+2VLyCNxpVLz0aiXGn9P/k/pc7Gp/csd0pqlu","preKeyId":14782316}}},"version":"v1"}