{"_sessions":{"BSEmunzPxJORe2CSJk4kY4b1Hk2g8MDhmrEZo0vyxGt5":{"registrationId":766710426,"currentRatchet":{"ephemeralKeyPair":{"pubKey":"BTMS2eJ/fCUDO1pfzfS5bMPFuzoONH+BrZUHmRw63PY7","privKey":"cGJ9BuqsIdvEFVtxDp+a6QWQ0UqKKV8baEKhr9OsBG8="},"lastRemoteEphemeralKey":"BW0VMkKQi0VFMzzSN5uY+7EX6vzVt7GjDVUOCiI02JlL","previousCounter":0,"rootKey":"jywaIQC7uDYz9fDAdqeiEAGbHgfjfbVnarvNPdKr1Vw="},"indexInfo":{"baseKey":"BSEmunzPxJORe2CSJk4kY4b1Hk2g8MDhmrEZo0vyxGt5","baseKeyType":1,"closed":-1,"used":1731707442954,"created":1731707442954,"remoteIdentityKey":"Bf+ubCBNaxdOBCJCzNHJdlc/Xv34WV+guQQb7rQjnCR6"},"_chains":{"BTMS2eJ/fCUDO1pfzfS5bMPFuzoONH+BrZUHmRw63PY7":{"chainKey":{"counter":1,"key":"GcSvUBmcWRItTC9q2VvPqfSsYUlVZON3je+WYwHTgQU="},"chainType":1,"messageKeys":{}}},"pendingPreKey":{"signedKeyId":4,"baseKey":"BSEmunzPxJORe2CSJk4kY4b1Hk2g8MDhmrEZo0vyxGt5","preKeyId":8668724}}},"version":"v1"}