{"_sessions":{"BWJQSs2WiLXcTSXEVYB4S2pfOONKPjM4wW5ZwEa6Hg4q":{"registrationId":802699836,"currentRatchet":{"ephemeralKeyPair":{"pubKey":"BeI2RR9I4zAoBlbQyhuVzu5u4AUSfmVNoLQJC6Jfysoe","privKey":"wKUs1rlKS3OIiqYm0J/kSt7hVWSz1E4YXLoW51oiAGU="},"lastRemoteEphemeralKey":"Bc0pc55lo0+S79kRHkK/pCNO5mYbRAhsrr+vro7ufL4O","previousCounter":0,"rootKey":"m+SfQwOFhankHSEcw4+hx8Go+Pl3LZBw4o7yHni08VE="},"indexInfo":{"baseKey":"BWJQSs2WiLXcTSXEVYB4S2pfOONKPjM4wW5ZwEa6Hg4q","baseKeyType":2,"closed":-1,"used":1731861066873,"created":1731861066873,"remoteIdentityKey":"BXYsTyj6DjQV0lJtVJG7d2io1nhAWNeUeLT/Sq3soDAb"},"_chains":{"Bc0pc55lo0+S79kRHkK/pCNO5mYbRAhsrr+vro7ufL4O":{"chainKey":{"counter":1,"key":"e6DGpyjWtuib58qZuWW36qKpq0zdxSazTt//zRmHH2I="},"chainType":2,"messageKeys":{}},"BeI2RR9I4zAoBlbQyhuVzu5u4AUSfmVNoLQJC6Jfysoe":{"chainKey":{"counter":-1,"key":"xQsAE4WdVgM/bBuKeWbJw78nzZbSTZCrePMtlFOiFKg="},"chainType":1,"messageKeys":{}}}}},"version":"v1"}