{"_sessions":{"BWozBwpWnJWDeIj9EYrA7Nkos+R4GGgdGddFKbbLWdJy":{"registrationId":232,"currentRatchet":{"ephemeralKeyPair":{"pubKey":"BZvHorUQnT/yPMHhilTzzhMvpoiq6f+4CEABdRyfDk54","privKey":"oCNEcRQXzZUYejml/CBuoEPiwz1Bnu5tqCFdnH4BDHY="},"lastRemoteEphemeralKey":"BXNj8SWEev/1D0AS7chCiUm58RDTbJlVc3yD72j3XtQo","previousCounter":0,"rootKey":"JKCjWb39NzAD6vHVV3te+nONbVBLXbyxti88+p0hV9U="},"indexInfo":{"baseKey":"BWozBwpWnJWDeIj9EYrA7Nkos+R4GGgdGddFKbbLWdJy","baseKeyType":2,"closed":1731702571679,"used":1731702571570,"created":1731702571570,"remoteIdentityKey":"BQUk7g+/4/tZq1YriMisFfiVaqNXzvbyDcUZZ+jhV5Vy"},"_chains":{"BXNj8SWEev/1D0AS7chCiUm58RDTbJlVc3yD72j3XtQo":{"chainKey":{"counter":0,"key":"1+lJLL1xP3PbdZkhk7yuGFUUMLqoVHBN6DYc69c8mts="},"chainType":2,"messageKeys":{}},"BZvHorUQnT/yPMHhilTzzhMvpoiq6f+4CEABdRyfDk54":{"chainKey":{"counter":-1,"key":"c0vqvM+p53x5LBQ7M8FA7TIHO9nFmIYUU4rprkUI27Y="},"chainType":1,"messageKeys":{}}}},"BTv91tFUgr3O19+0I0S3wmZIiaZ3s/06QQKuGBokwX0e":{"registrationId":232,"currentRatchet":{"ephemeralKeyPair":{"pubKey":"BfwRIcGA97DbcTNaBCR7qjsYkVpyzrupyzQPSIf4vFcg","privKey":"QL2NhCIcRjuRCah4tm5DlRLTPVYTy+35E3NIL1/Ymnk="},"lastRemoteEphemeralKey":"BVl8wYmuG8c6GuYSFWD3+vtJy2yLszGGqKoWaXpFEWMA","previousCounter":0,"rootKey":"FRN4s5B0fmgziwPFiGLksAXGXHYEOtmrozzNUzxFKEA="},"indexInfo":{"baseKey":"BTv91tFUgr3O19+0I0S3wmZIiaZ3s/06QQKuGBokwX0e","baseKeyType":2,"closed":-1,"used":1731702571684,"created":1731702571684,"remoteIdentityKey":"BQUk7g+/4/tZq1YriMisFfiVaqNXzvbyDcUZZ+jhV5Vy"},"_chains":{"BVl8wYmuG8c6GuYSFWD3+vtJy2yLszGGqKoWaXpFEWMA":{"chainKey":{"counter":0,"key":"eBy6eM+KhNA9JBQ1QQXZ6N9cUSvq1I0PIZI5AwR3KtE="},"chainType":2,"messageKeys":{}},"BfwRIcGA97DbcTNaBCR7qjsYkVpyzrupyzQPSIf4vFcg":{"chainKey":{"counter":2,"key":"V0a2yJ9dXY+CRqFvVoK7gkdosExQ7Zy+CLSCeCtZxTA="},"chainType":1,"messageKeys":{}}}}},"version":"v1"}