{"_sessions":{"BYrBn3a7mjW/ThiRKXxi+WbLDCOmNf1p00avel4x/GVN":{"registrationId":1674505162,"currentRatchet":{"ephemeralKeyPair":{"pubKey":"BQQkuR2OMd7XDNrn3iTwIyHJ8FsnrSnIZeB1If0FomkC","privKey":"UPYbGZDgsudpKooykrpM0WYuR9j47DzLUiL3CoYUKWM="},"lastRemoteEphemeralKey":"BQ4w26p8q1RbQMPhtdEZa0UfoUg+CKoxUc5E2GkBelsr","previousCounter":0,"rootKey":"y0jr+4tPG+Qsjfcl4854faqejUhrtZAYyhXmyl10FuQ="},"indexInfo":{"baseKey":"BYrBn3a7mjW/ThiRKXxi+WbLDCOmNf1p00avel4x/GVN","baseKeyType":1,"closed":1731669274998,"used":1731669260890,"created":1731669260890,"remoteIdentityKey":"Bfe6IfA9z5AopIKpiJYp7j0mz5mcjipf4TjSPnkBK9UG"},"_chains":{"BQQkuR2OMd7XDNrn3iTwIyHJ8FsnrSnIZeB1If0FomkC":{"chainKey":{"counter":0,"key":"BBz2F/Lod29XqX8FkBc7K0FIUCq/k21mhwwb6N/pl0w="},"chainType":1,"messageKeys":{}}},"pendingPreKey":{"signedKeyId":0,"baseKey":"BYrBn3a7mjW/ThiRKXxi+WbLDCOmNf1p00avel4x/GVN","preKeyId":263558}},"BS1khRogdhs16XxT9yaA8AgDucKdEN8OzwrIkSOPpW1M":{"registrationId":1674505162,"currentRatchet":{"ephemeralKeyPair":{"pubKey":"BZmrtdKbLJ1+/lNepNwv68ibJJOGBa2G7NZH/Wum0LpD","privKey":"6KtQdAFdXS3GWucv2i0XwD0yT9ns2y3Z4Qlt1k0DL0E="},"lastRemoteEphemeralKey":"BQ4w26p8q1RbQMPhtdEZa0UfoUg+CKoxUc5E2GkBelsr","previousCounter":0,"rootKey":"QXGsyE6yp5jWc+1lZg18Ji4PgLwUQidZESZbWkeatag="},"indexInfo":{"baseKey":"BS1khRogdhs16XxT9yaA8AgDucKdEN8OzwrIkSOPpW1M","baseKeyType":1,"closed":-1,"used":1731669274672,"created":1731669274672,"remoteIdentityKey":"Bfe6IfA9z5AopIKpiJYp7j0mz5mcjipf4TjSPnkBK9UG"},"_chains":{"BZmrtdKbLJ1+/lNepNwv68ibJJOGBa2G7NZH/Wum0LpD":{"chainKey":{"counter":29,"key":"NnTrFGMnqMBjcixd1Qx16JLz/WNNfNrzLSjYKmawCkM="},"chainType":1,"messageKeys":{}}},"pendingPreKey":{"signedKeyId":0,"baseKey":"BS1khRogdhs16XxT9yaA8AgDucKdEN8OzwrIkSOPpW1M","preKeyId":263538}}},"version":"v1"}