{"_sessions":{"BbvQZG+Yoo2oLRpPkTR7QnTI0X7/Ra/akdljdBkOT01F":{"registrationId":1949434650,"currentRatchet":{"ephemeralKeyPair":{"pubKey":"BWjHBWSYfpuS8ozJVhvT1d5PMXkbTqoOvKnyx8TkRTpw","privKey":"QIlSQw+rr6I3oqNDPwg329EalUIBdlKtjknH2itftnE="},"lastRemoteEphemeralKey":"BeeV72PGqQSAxgXeW1ZgoGk6dx+9YrTDE9mGHsuLQFhG","previousCounter":0,"rootKey":"cAINhQdjGIfr0+YOZay8XNjc/8VqLaZDgOGPLYnabXg="},"indexInfo":{"baseKey":"BbvQZG+Yoo2oLRpPkTR7QnTI0X7/Ra/akdljdBkOT01F","baseKeyType":1,"closed":1731770226571,"used":1731770223439,"created":1731770223439,"remoteIdentityKey":"BWmAfJWpbGVvY7NcciAzxy9KNm0CjPj4Cz5yzhxnKbND"},"_chains":{"BWjHBWSYfpuS8ozJVhvT1d5PMXkbTqoOvKnyx8TkRTpw":{"chainKey":{"counter":0,"key":"P5d44y3CQviS2PbF3WvVC7uLDPVVSOxUJ8IqGniba+I="},"chainType":1,"messageKeys":{}}},"pendingPreKey":{"signedKeyId":4,"baseKey":"BbvQZG+Yoo2oLRpPkTR7QnTI0X7/Ra/akdljdBkOT01F","preKeyId":15793371}},"BT8PWSC4FDHxqmMkshJNjp8sQku0pWe4lQ1mulpqOuEB":{"registrationId":1949434650,"currentRatchet":{"ephemeralKeyPair":{"pubKey":"BcX0PNknEbJDV9s/bjCsJVa2l30gy7A5KPDy/Cl5S90a","privKey":"YEg/RaqLNXcVdjNSE4cF5nCEWlPNk63MZ/mbqq5M6Fw="},"lastRemoteEphemeralKey":"BeeV72PGqQSAxgXeW1ZgoGk6dx+9YrTDE9mGHsuLQFhG","previousCounter":0,"rootKey":"IDdCzeLmDgWOzHXB7gs5sosGgUJSYfSvf8ruIa2Ktag="},"indexInfo":{"baseKey":"BT8PWSC4FDHxqmMkshJNjp8sQku0pWe4lQ1mulpqOuEB","baseKeyType":1,"closed":-1,"used":1731770226280,"created":1731770226280,"remoteIdentityKey":"BWmAfJWpbGVvY7NcciAzxy9KNm0CjPj4Cz5yzhxnKbND"},"_chains":{"BcX0PNknEbJDV9s/bjCsJVa2l30gy7A5KPDy/Cl5S90a":{"chainKey":{"counter":0,"key":"8SwM2XYDzPZfaIL1DStY2soLcP1vDrIpFz9M+VeCjk4="},"chainType":1,"messageKeys":{}}},"pendingPreKey":{"signedKeyId":4,"baseKey":"BT8PWSC4FDHxqmMkshJNjp8sQku0pWe4lQ1mulpqOuEB","preKeyId":15793784}}},"version":"v1"}