{"_sessions":{"BYvtBNMB3elqS+J7QI/s+IQGXZ1+7Ph3OL1OwR4TmhMs":{"registrationId":57828328,"currentRatchet":{"ephemeralKeyPair":{"pubKey":"BY0bhs41OvqcykLTUlCcWC4uvKzqrsZoGphBF87rA4Zu","privKey":"0B4bUfRiIWGXMTQWWRSube0vtLuo3PJqUUv4asSPT3k="},"lastRemoteEphemeralKey":"BSTd7GQW6gZnpw7WgOVTTJG/e/PN0mTLkpB/yoaibQFQ","previousCounter":0,"rootKey":"TExW9Q5ueomOgV9DwepxmqkBDzLeaqs7MwKDRkPJ95g="},"indexInfo":{"baseKey":"BYvtBNMB3elqS+J7QI/s+IQGXZ1+7Ph3OL1OwR4TmhMs","baseKeyType":1,"closed":1731669274961,"used":1731669259925,"created":1731669259925,"remoteIdentityKey":"BZCV7/i5EYMksZ/mYFxf3QWGkG+0BZLWDH9YKVpTp0YF"},"_chains":{"BY0bhs41OvqcykLTUlCcWC4uvKzqrsZoGphBF87rA4Zu":{"chainKey":{"counter":0,"key":"/O0Q8Z8finOPZcpOpp4SAuN9e4ehapOQx9BfcnJPBs4="},"chainType":1,"messageKeys":{}}},"pendingPreKey":{"signedKeyId":4662425,"baseKey":"BYvtBNMB3elqS+J7QI/s+IQGXZ1+7Ph3OL1OwR4TmhMs"}},"BaiJakL6fghx7WYY7nm62JjF81COWvlzff4U2/m/MWkz":{"registrationId":57828328,"currentRatchet":{"ephemeralKeyPair":{"pubKey":"BSXa5G0bcegFUEinXdz9R0A94s5FGj5TWTdr/Z1KRJtA","privKey":"kNDl86x1dnsUR0UP8mPPspELzvVcnO3BAx/RSG3ralY="},"lastRemoteEphemeralKey":"BSTd7GQW6gZnpw7WgOVTTJG/e/PN0mTLkpB/yoaibQFQ","previousCounter":0,"rootKey":"+zffyPpnVEPcC0PQh+/OjWItNGmtlo472+12TVSdI6M="},"indexInfo":{"baseKey":"BaiJakL6fghx7WYY7nm62JjF81COWvlzff4U2/m/MWkz","baseKeyType":1,"closed":-1,"used":1731669273800,"created":1731669273800,"remoteIdentityKey":"BZCV7/i5EYMksZ/mYFxf3QWGkG+0BZLWDH9YKVpTp0YF"},"_chains":{"BSXa5G0bcegFUEinXdz9R0A94s5FGj5TWTdr/Z1KRJtA":{"chainKey":{"counter":64,"key":"WtMCubQgOznfooe/ILMn8ZPYvV9smNuiaswrK9Yqyzs="},"chainType":1,"messageKeys":{}}},"pendingPreKey":{"signedKeyId":4662425,"baseKey":"BaiJakL6fghx7WYY7nm62JjF81COWvlzff4U2/m/MWkz"}}},"version":"v1"}