{"_sessions":{"BTPrid13lfgqqB/aiAmF+N+uqiKy2pQMAfu8YXN/qUII":{"registrationId":1698016202,"currentRatchet":{"ephemeralKeyPair":{"pubKey":"BY9rj62NzNDYMSrk9ORE0FLTpE8gsrZ6b18c0wKDwJY/","privKey":"mAo9B246sW/nqU36wSPpPoOfQoHTgPRMs1Zllziu4HQ="},"lastRemoteEphemeralKey":"BVCoiPL0Y3TCsb4u+8kwxyMqFQC2CegkprePMX07B/dn","previousCounter":0,"rootKey":"8/UZJfAsol4gDrDZLB2F4pXmUjcagZmVPbkS3D09BIU="},"indexInfo":{"baseKey":"BTPrid13lfgqqB/aiAmF+N+uqiKy2pQMAfu8YXN/qUII","baseKeyType":1,"closed":1731669274989,"used":1731669260615,"created":1731669260615,"remoteIdentityKey":"Beu8ZQjLGh80lVlEXQXB5D2LMzG7fJjSpkbgq488D7hL"},"_chains":{"BY9rj62NzNDYMSrk9ORE0FLTpE8gsrZ6b18c0wKDwJY/":{"chainKey":{"counter":0,"key":"JSxv5w6vUtUrYTJsgVx+3KtQYCjFxEXAi72i1h1GuP0="},"chainType":1,"messageKeys":{}}},"pendingPreKey":{"signedKeyId":0,"baseKey":"BTPrid13lfgqqB/aiAmF+N+uqiKy2pQMAfu8YXN/qUII","preKeyId":2464954}},"BRcReBezRoZSG3q+1JJwzp7M0a0/j3k4KirOyutuZfY4":{"registrationId":1698016202,"currentRatchet":{"ephemeralKeyPair":{"pubKey":"BSOSliLs4WGI/ooy8a6iySqmBABkQP6YPpa32yzUb4FD","privKey":"oLsvxXNRqbfG/UvF7W3sAC+L6GMBFnzfbcBphAiXBmg="},"lastRemoteEphemeralKey":"Bdxr8vPdo7xUAxeurWaUADoMhcuwRKcpwurriEjMFzMX","previousCounter":6,"rootKey":"N+DZ/aRcrs0AggwmoR+xGCBiDGINTGsMmCItHa5QUbg="},"indexInfo":{"baseKey":"BRcReBezRoZSG3q+1JJwzp7M0a0/j3k4KirOyutuZfY4","baseKeyType":1,"closed":-1,"used":1731871237071,"created":1731669274421,"remoteIdentityKey":"Beu8ZQjLGh80lVlEXQXB5D2LMzG7fJjSpkbgq488D7hL"},"_chains":{"Bdm5Jjbq/S28rQTvsR4veqFWy8PWCBc/WVfzchcDfOVP":{"chainKey":{"counter":0},"chainType":2,"messageKeys":{}},"BRIghkntHi3KF82RUwWrZrTGJJDjTROKvSohz5an/LYF":{"chainKey":{"counter":1},"chainType":2,"messageKeys":{}},"BYMtJ9GIDIuVYSisyy1Q68jt01n8TPZBoIQbCQ7uCE1W":{"chainKey":{"counter":0},"chainType":2,"messageKeys":{}},"BYhbEfuLtbaJmUIK0MNVVk1ysJfRYy1tDPt5qLaIzkAj":{"chainKey":{"counter":0},"chainType":2,"messageKeys":{}},"Bdxr8vPdo7xUAxeurWaUADoMhcuwRKcpwurriEjMFzMX":{"chainKey":{"counter":0,"key":"r++VFIS1cW+BDpbKFlGlBJV5THPzONe+yqGbExXFgAE="},"chainType":2,"messageKeys":{}},"BSOSliLs4WGI/ooy8a6iySqmBABkQP6YPpa32yzUb4FD":{"chainKey":{"counter":0,"key":"ufWlEU2/gquJ7v9rLrynct/k8VAWbnFNt+qUvUfL2oQ="},"chainType":1,"messageKeys":{}}}}},"version":"v1"}