{"_sessions":{"BeQgISWUcwNTs5vqRebKoASPj0oHT4dV7+ynwogwYM9l":{"registrationId":1764556894,"currentRatchet":{"ephemeralKeyPair":{"pubKey":"BblCNTXKjWWvcFtMiW6WeaLE6oMf7eYs8/jaMAwwa48D","privKey":"QOpvSlT0hXFr2t3ktN6DTjDmCk669z2kQ56B6YP0/XE="},"lastRemoteEphemeralKey":"BWPMydNJtEVNZyGYwT0dintXh5G1RS1nlyfcg8F3f88E","previousCounter":0,"rootKey":"C/up+NXigJ8XGDhz08QPVKAMhyQCpohKdwZjQz4myH8="},"indexInfo":{"baseKey":"BeQgISWUcwNTs5vqRebKoASPj0oHT4dV7+ynwogwYM9l","baseKeyType":1,"closed":-1,"used":1731675283234,"created":1731675283234,"remoteIdentityKey":"BXy3KRPlz54SNS8aXehXFf3//3gtHPiHEJcKSWku9ip5"},"_chains":{"BblCNTXKjWWvcFtMiW6WeaLE6oMf7eYs8/jaMAwwa48D":{"chainKey":{"counter":3,"key":"Pc5lkqYlTFiJX3cr1Q7ZFlg2RRH+rFumoS/SUdnjHbA="},"chainType":1,"messageKeys":{}}},"pendingPreKey":{"signedKeyId":0,"baseKey":"BeQgISWUcwNTs5vqRebKoASPj0oHT4dV7+ynwogwYM9l","preKeyId":9962124}}},"version":"v1"}