{"_sessions":{"BTZYLMUNJ/14TlnSCuY4JR0GCd5IPK5ScbLupwW9BeEp":{"registrationId":426499915,"currentRatchet":{"ephemeralKeyPair":{"pubKey":"BUVYoZ/ujQCW5sc8xgdwqZnWm5Wlj09qANViysJFJEYY","privKey":"CGlCqqhlIkQO40egCM4sCpt8RUu98aD8ZxWslEC0CU8="},"lastRemoteEphemeralKey":"BeK1f3yC5A0uF4CpGLDpEKNbhA5dS3d/8q8UhzbdzBdr","previousCounter":0,"rootKey":"Chde1Y6o0q46BawjdCImXIuk/B0OKU/92ar5AgUSMdA="},"indexInfo":{"baseKey":"BTZYLMUNJ/14TlnSCuY4JR0GCd5IPK5ScbLupwW9BeEp","baseKeyType":1,"closed":-1,"used":1731701518362,"created":1731700485236,"remoteIdentityKey":"BUFI9xXTTiRvgzyIL5tprHQCYQk8nGpsJO5VIZU3JVMc"},"_chains":{"BeK1f3yC5A0uF4CpGLDpEKNbhA5dS3d/8q8UhzbdzBdr":{"chainKey":{"counter":0,"key":"TXjN4qb0uvwToTeosCxGNPSeIS5jZD6zc8G39Cv8V9o="},"chainType":2,"messageKeys":{}},"BUVYoZ/ujQCW5sc8xgdwqZnWm5Wlj09qANViysJFJEYY":{"chainKey":{"counter":0,"key":"31MMnR3lv2AYvOnNb2Rxm1zrhBArbWUntWzKewrApcM="},"chainType":1,"messageKeys":{}}}}},"version":"v1"}