{"_sessions":{"BcnKMPGdKIs/hzo7Gim5Loxz4nD4/NB+ncYfvgaRO5FR":{"registrationId":243268708,"currentRatchet":{"ephemeralKeyPair":{"pubKey":"BWl8GKIhKUDBF7g01kjqr+R3KZZLBfP6t50DeHgPkNFq","privKey":"IMtO7QlT68ARraMkiP/byhWWm0LRsUQvCfiM6JdP32w="},"lastRemoteEphemeralKey":"BYwpc5lZr0lzKnA2d0C+GkmtKXisS6df0uTE/Pcgh1MF","previousCounter":0,"rootKey":"VnA7pbZVo9M7iWp3JswJJA1T9o3uSaBKfmWTWH/3xR4="},"indexInfo":{"baseKey":"BcnKMPGdKIs/hzo7Gim5Loxz4nD4/NB+ncYfvgaRO5FR","baseKeyType":1,"closed":1731669274861,"used":1731669258734,"created":1731669258734,"remoteIdentityKey":"BdWFViwugrM1CT43Yzqmu1WpYNRhhGUQ+vWlqhv3WGw2"},"_chains":{"BWl8GKIhKUDBF7g01kjqr+R3KZZLBfP6t50DeHgPkNFq":{"chainKey":{"counter":0,"key":"dJPm8ERuBF91ciBp9W8Qn1ZpCthZAgRRftsb55BcIZM="},"chainType":1,"messageKeys":{}}},"pendingPreKey":{"signedKeyId":0,"baseKey":"BcnKMPGdKIs/hzo7Gim5Loxz4nD4/NB+ncYfvgaRO5FR"}},"BdO7/6mb3bHj8SLwU308gZOF3u7W4I9Vqn6ZHArZI2AE":{"registrationId":243268708,"currentRatchet":{"ephemeralKeyPair":{"pubKey":"BXyky1aDw0/qWJhGVku/ykbgmwXWWhJ0TeHOWm/+TepB","privKey":"2FqfBImYXuj84fF1tUDcS04ZYR4W8qv5Ex4/WxtuFXs="},"lastRemoteEphemeralKey":"BYwpc5lZr0lzKnA2d0C+GkmtKXisS6df0uTE/Pcgh1MF","previousCounter":0,"rootKey":"3LF0H1vQVSxgYpQI87q3uwSZ6qQx4VAA9vh4nP28OVA="},"indexInfo":{"baseKey":"BdO7/6mb3bHj8SLwU308gZOF3u7W4I9Vqn6ZHArZI2AE","baseKeyType":1,"closed":-1,"used":1731669272638,"created":1731669272638,"remoteIdentityKey":"BdWFViwugrM1CT43Yzqmu1WpYNRhhGUQ+vWlqhv3WGw2"},"_chains":{"BXyky1aDw0/qWJhGVku/ykbgmwXWWhJ0TeHOWm/+TepB":{"chainKey":{"counter":64,"key":"+CLS1l56NJBrjH4ocU9hbuKcv955d/eqMDEPqU9I34g="},"chainType":1,"messageKeys":{}}},"pendingPreKey":{"signedKeyId":0,"baseKey":"BdO7/6mb3bHj8SLwU308gZOF3u7W4I9Vqn6ZHArZI2AE"}}},"version":"v1"}