{"_sessions":{"BZHyZcqeHGRzOFc+rA8Lgb8TxeBwcpj1QC1s7uVeBYkb":{"registrationId":1365,"currentRatchet":{"ephemeralKeyPair":{"pubKey":"BUrMhdp3LBJHFMUvOoXS+Ebe+50YOVPatdeLd2HCXVd/","privKey":"WFOP31nqLnixsEp23N42oNMbgu82xfAzXsASM8P3c2g="},"lastRemoteEphemeralKey":"BTXWvsdujrOFZTyjXQ68of4ZOk6w+vMHt5IxLEs4RFoE","previousCounter":0,"rootKey":"+UaQjcgX971bpJfir93Jl+Hang2GnJWvtky9ZqtZgsE="},"indexInfo":{"baseKey":"BZHyZcqeHGRzOFc+rA8Lgb8TxeBwcpj1QC1s7uVeBYkb","baseKeyType":1,"closed":1731954475275,"used":1731954475038,"created":1731954475038,"remoteIdentityKey":"BZ107uqM8pFAzmxUC3lL9gVvoIS8ZwQ+Lx0kyP/+8uZl"},"_chains":{"BUrMhdp3LBJHFMUvOoXS+Ebe+50YOVPatdeLd2HCXVd/":{"chainKey":{"counter":-1,"key":"3eJsLQSL8JFVQqCdAV9v1nbMLi7mqlz7FJrboNmaZA0="},"chainType":1,"messageKeys":{}}},"pendingPreKey":{"signedKeyId":1,"baseKey":"BZHyZcqeHGRzOFc+rA8Lgb8TxeBwcpj1QC1s7uVeBYkb"}},"BedmQDfykilqfRc0um7fzPe9jxUgj0S/AHADl+v/iL5C":{"registrationId":1365,"currentRatchet":{"ephemeralKeyPair":{"pubKey":"BRXIc2eDq8F9BMGKdsvrmiD1KX49JKyRsXey1tiR9jIs","privKey":"IHtl0fr2672GA9HP1u9Ub+qY1PSzIrqq/oqDAU9anlo="},"lastRemoteEphemeralKey":"BTXWvsdujrOFZTyjXQ68of4ZOk6w+vMHt5IxLEs4RFoE","previousCounter":0,"rootKey":"/W2yvLQ14I/k9tnbJkAjpsfClvFw/c7he3ohO52rAXo="},"indexInfo":{"baseKey":"BedmQDfykilqfRc0um7fzPe9jxUgj0S/AHADl+v/iL5C","baseKeyType":1,"closed":1731954479615,"used":1731954475257,"created":1731954475257,"remoteIdentityKey":"BZ107uqM8pFAzmxUC3lL9gVvoIS8ZwQ+Lx0kyP/+8uZl"},"_chains":{"BRXIc2eDq8F9BMGKdsvrmiD1KX49JKyRsXey1tiR9jIs":{"chainKey":{"counter":-1,"key":"V5rSiD60Tnc11kQdcCXPK9PIaulzX7TPyfkGu1MZ48M="},"chainType":1,"messageKeys":{}}},"pendingPreKey":{"signedKeyId":1,"baseKey":"BedmQDfykilqfRc0um7fzPe9jxUgj0S/AHADl+v/iL5C"}},"BXrZ2jvj6UuDg53dS/q2+jkrDdiZci6zwoV1t39eEpUQ":{"registrationId":1365,"currentRatchet":{"ephemeralKeyPair":{"pubKey":"BQb4ZLrPo53E5gBdVMDW5ZXbBz1WsSX35DBeXNCN5N1A","privKey":"eLNOzll5/Xo4RmeOD4Ax3ZaBlisSkfEo6JYvhxXYlHc="},"lastRemoteEphemeralKey":"BTXWvsdujrOFZTyjXQ68of4ZOk6w+vMHt5IxLEs4RFoE","previousCounter":0,"rootKey":"nM1ATUQWOKgWxpgGiGYH+HSB4ACZJytdTVWH9lv2XXQ="},"indexInfo":{"baseKey":"BXrZ2jvj6UuDg53dS/q2+jkrDdiZci6zwoV1t39eEpUQ","baseKeyType":1,"closed":1731954479850,"used":1731954479602,"created":1731954479602,"remoteIdentityKey":"BZ107uqM8pFAzmxUC3lL9gVvoIS8ZwQ+Lx0kyP/+8uZl"},"_chains":{"BQb4ZLrPo53E5gBdVMDW5ZXbBz1WsSX35DBeXNCN5N1A":{"chainKey":{"counter":-1,"key":"IVzVHUlOXfRMSCCNXgywAPZ9U0L74U27HePVZ19l4Tw="},"chainType":1,"messageKeys":{}}},"pendingPreKey":{"signedKeyId":1,"baseKey":"BXrZ2jvj6UuDg53dS/q2+jkrDdiZci6zwoV1t39eEpUQ"}},"BbTF2QrIobiWP4onfBs6nFu4EsNwpQ39Azi5ZyAYOxon":{"registrationId":1365,"currentRatchet":{"ephemeralKeyPair":{"pubKey":"BdKqWb2hA1M7RLM9nVZCJfNeVN2mIzlNK/V0hxX0kRh4","privKey":"eDasNwYZi/El+vSPsOLfatyJE1748aPjbvREVBNWLW8="},"lastRemoteEphemeralKey":"BTXWvsdujrOFZTyjXQ68of4ZOk6w+vMHt5IxLEs4RFoE","previousCounter":0,"rootKey":"7qcQBujZn2GdhjHPeOpxROOq+68qdCMc2Vx/MjUHK4c="},"indexInfo":{"baseKey":"BbTF2QrIobiWP4onfBs6nFu4EsNwpQ39Azi5ZyAYOxon","baseKeyType":1,"closed":1731954481125,"used":1731954479828,"created":1731954479828,"remoteIdentityKey":"BZ107uqM8pFAzmxUC3lL9gVvoIS8ZwQ+Lx0kyP/+8uZl"},"_chains":{"BdKqWb2hA1M7RLM9nVZCJfNeVN2mIzlNK/V0hxX0kRh4":{"chainKey":{"counter":-1,"key":"53GHikdfwbkxOS/DW7amKMLb13SeqWFX7Pvr/KR0nQE="},"chainType":1,"messageKeys":{}}},"pendingPreKey":{"signedKeyId":1,"baseKey":"BbTF2QrIobiWP4onfBs6nFu4EsNwpQ39Azi5ZyAYOxon"}},"Bc0cVsqiuiKKk8xiv+vR5PHiGwjlQZL5dLq/KqCrAScV":{"registrationId":1365,"currentRatchet":{"ephemeralKeyPair":{"pubKey":"BV1YxX7EcB08Kv7OZjFxrKHIO9fNCCNtuulVukDSKFxC","privKey":"yKhHPa0TGpO0mzIV8XzmIb0oa3DfSPiyj9fGGrqk81s="},"lastRemoteEphemeralKey":"BTXWvsdujrOFZTyjXQ68of4ZOk6w+vMHt5IxLEs4RFoE","previousCounter":0,"rootKey":"dJju93QCcGRjaPGthm8WcWZd+rkmLgvLTXh1bfnRPPk="},"indexInfo":{"baseKey":"Bc0cVsqiuiKKk8xiv+vR5PHiGwjlQZL5dLq/KqCrAScV","baseKeyType":1,"closed":1731954481360,"used":1731954481102,"created":1731954481102,"remoteIdentityKey":"BZ107uqM8pFAzmxUC3lL9gVvoIS8ZwQ+Lx0kyP/+8uZl"},"_chains":{"BV1YxX7EcB08Kv7OZjFxrKHIO9fNCCNtuulVukDSKFxC":{"chainKey":{"counter":-1,"key":"qzHiQUmJf5Wf+CNjIU2eh37ZjjTrCZNdPrRSInqFMGQ="},"chainType":1,"messageKeys":{}}},"pendingPreKey":{"signedKeyId":1,"baseKey":"Bc0cVsqiuiKKk8xiv+vR5PHiGwjlQZL5dLq/KqCrAScV"}},"BQa/APyiRBbYlmi8HfVCpq7JC2VXCvRhHTFMj+CBbURv":{"registrationId":1365,"currentRatchet":{"ephemeralKeyPair":{"pubKey":"BSycnofI8P71eO5/+2QAwDU4pbXNXizBtDlwp6oxzwcF","privKey":"8LcLQljrUFtr3lkOyqz8ABLmSbxwsQkIMkXiqIo3IXI="},"lastRemoteEphemeralKey":"BTXWvsdujrOFZTyjXQ68of4ZOk6w+vMHt5IxLEs4RFoE","previousCounter":0,"rootKey":"uxmdCYcmDz8PDWjfU0PazQKSdph5xmUIyksbMlMvFx4="},"indexInfo":{"baseKey":"BQa/APyiRBbYlmi8HfVCpq7JC2VXCvRhHTFMj+CBbURv","baseKeyType":1,"closed":1731954481579,"used":1731954481339,"created":1731954481339,"remoteIdentityKey":"BZ107uqM8pFAzmxUC3lL9gVvoIS8ZwQ+Lx0kyP/+8uZl"},"_chains":{"BSycnofI8P71eO5/+2QAwDU4pbXNXizBtDlwp6oxzwcF":{"chainKey":{"counter":-1,"key":"EgascJgFsLvJibItVP3SOYeDWTVPlFqLTC3iT9FQL/c="},"chainType":1,"messageKeys":{}}},"pendingPreKey":{"signedKeyId":1,"baseKey":"BQa/APyiRBbYlmi8HfVCpq7JC2VXCvRhHTFMj+CBbURv"}},"BaCjlVZEOkDlauxau8/jxSatVecgO2U9dSrzgU7lcT8F":{"registrationId":1365,"currentRatchet":{"ephemeralKeyPair":{"pubKey":"BZQVDm/HxTDbP7/1MRjC3k1V+P1BNwbsgTh4av+w6HZS","privKey":"OLaqX0tXaQiTlFufohr4Vl/+C9hR4659XhB9xT38Zk4="},"lastRemoteEphemeralKey":"BTXWvsdujrOFZTyjXQ68of4ZOk6w+vMHt5IxLEs4RFoE","previousCounter":0,"rootKey":"KLZ4xswzDgPGHCTcdah/kWgZFwDcdFsh4uowKIqZwSI="},"indexInfo":{"baseKey":"BaCjlVZEOkDlauxau8/jxSatVecgO2U9dSrzgU7lcT8F","baseKeyType":1,"closed":1731954481828,"used":1731954481566,"created":1731954481566,"remoteIdentityKey":"BZ107uqM8pFAzmxUC3lL9gVvoIS8ZwQ+Lx0kyP/+8uZl"},"_chains":{"BZQVDm/HxTDbP7/1MRjC3k1V+P1BNwbsgTh4av+w6HZS":{"chainKey":{"counter":-1,"key":"jfkhtHqWqy7Wqsyc97Koe14u/SgLT23ptpKCOIJTiAE="},"chainType":1,"messageKeys":{}}},"pendingPreKey":{"signedKeyId":1,"baseKey":"BaCjlVZEOkDlauxau8/jxSatVecgO2U9dSrzgU7lcT8F"}},"BW0qynTGup8AtRqqnIjaqAceLtzovqdBoxC6hlf4HSUb":{"registrationId":1365,"currentRatchet":{"ephemeralKeyPair":{"pubKey":"BTrtZ7jcFrYVECxoiZsrsCxRvz9ingLlw4IiYiHabFgK","privKey":"cPmL4Wn3nNOz+YOGUn5fG7R5O+81jHD6hcCHAk8Ctlw="},"lastRemoteEphemeralKey":"BTXWvsdujrOFZTyjXQ68of4ZOk6w+vMHt5IxLEs4RFoE","previousCounter":0,"rootKey":"WTGHV1WybMdG0kWdLWS7w85RpoEjcL0EIXbdZYmDeXg="},"indexInfo":{"baseKey":"BW0qynTGup8AtRqqnIjaqAceLtzovqdBoxC6hlf4HSUb","baseKeyType":1,"closed":1731954482079,"used":1731954481810,"created":1731954481810,"remoteIdentityKey":"BZ107uqM8pFAzmxUC3lL9gVvoIS8ZwQ+Lx0kyP/+8uZl"},"_chains":{"BTrtZ7jcFrYVECxoiZsrsCxRvz9ingLlw4IiYiHabFgK":{"chainKey":{"counter":-1,"key":"b2CGCVrkpWtKB1MSeAT4fCvifQ5mhYuxmSupK1E7aTs="},"chainType":1,"messageKeys":{}}},"pendingPreKey":{"signedKeyId":1,"baseKey":"BW0qynTGup8AtRqqnIjaqAceLtzovqdBoxC6hlf4HSUb"}},"BVYuGDR6yuOzB/sbF6AyPGgkKsSUBXTzdc8UwWNTAg94":{"registrationId":1365,"currentRatchet":{"ephemeralKeyPair":{"pubKey":"BXISNEbJLDSQ0PcUl76cFmAAX7NdJ27GQtco8GBs/oVX","privKey":"IGaTSa/QGRRzlBeL0mq56M2tmJmaNyQKtcuVc5kMR1g="},"lastRemoteEphemeralKey":"BTXWvsdujrOFZTyjXQ68of4ZOk6w+vMHt5IxLEs4RFoE","previousCounter":0,"rootKey":"vh77IfXCXurrysGRT3z+dd4Laa/yFO48W2JdsSf8c8g="},"indexInfo":{"baseKey":"BVYuGDR6yuOzB/sbF6AyPGgkKsSUBXTzdc8UwWNTAg94","baseKeyType":1,"closed":1731954486012,"used":1731954482062,"created":1731954482062,"remoteIdentityKey":"BZ107uqM8pFAzmxUC3lL9gVvoIS8ZwQ+Lx0kyP/+8uZl"},"_chains":{"BXISNEbJLDSQ0PcUl76cFmAAX7NdJ27GQtco8GBs/oVX":{"chainKey":{"counter":-1,"key":"ShbKcm/GgCxq50CeOa/iJb4tQyxscEv4ib/A+uTPpfs="},"chainType":1,"messageKeys":{}}},"pendingPreKey":{"signedKeyId":1,"baseKey":"BVYuGDR6yuOzB/sbF6AyPGgkKsSUBXTzdc8UwWNTAg94"}},"BaawIY6gFwKwdJvZDVQvHpoT4XCZFjpZ23eD/ISdhikb":{"registrationId":1365,"currentRatchet":{"ephemeralKeyPair":{"pubKey":"BQP6d2LqgdEskwo8Chr4wIoyf8t/OQvmhTsh9JYB41ME","privKey":"eDr6tK/N0il7kCLHwK9gLROBwTg5tiq8wEL21MzQ4lw="},"lastRemoteEphemeralKey":"BTXWvsdujrOFZTyjXQ68of4ZOk6w+vMHt5IxLEs4RFoE","previousCounter":0,"rootKey":"neR1+ZJ0JAjlidMmlfdvMe7Bpc16sZ2DOQqgyX5Y0k0="},"indexInfo":{"baseKey":"BaawIY6gFwKwdJvZDVQvHpoT4XCZFjpZ23eD/ISdhikb","baseKeyType":1,"closed":1731954486231,"used":1731954485990,"created":1731954485990,"remoteIdentityKey":"BZ107uqM8pFAzmxUC3lL9gVvoIS8ZwQ+Lx0kyP/+8uZl"},"_chains":{"BQP6d2LqgdEskwo8Chr4wIoyf8t/OQvmhTsh9JYB41ME":{"chainKey":{"counter":-1,"key":"CbAms+p86S283ugrGezmgvlMyFgGtgz8dX5ty6VmiEc="},"chainType":1,"messageKeys":{}}},"pendingPreKey":{"signedKeyId":1,"baseKey":"BaawIY6gFwKwdJvZDVQvHpoT4XCZFjpZ23eD/ISdhikb"}},"Bdm3uGxKc+DuHB0scagvJKWmf36q8qpU3wVebzVUFFxG":{"registrationId":1365,"currentRatchet":{"ephemeralKeyPair":{"pubKey":"BfARnjSMPNycUDMxTDzn4w9L2vIj75ULKQolJRDwLlgj","privKey":"+KD0NvWBMYnXdNALxUdBD1cFsptuD8YGxqoVV0Sxo2Y="},"lastRemoteEphemeralKey":"BTXWvsdujrOFZTyjXQ68of4ZOk6w+vMHt5IxLEs4RFoE","previousCounter":0,"rootKey":"VmVG1wtBEhQxEzHJGOiA1KX7X/GklaiCx+bG/aUE1CQ="},"indexInfo":{"baseKey":"Bdm3uGxKc+DuHB0scagvJKWmf36q8qpU3wVebzVUFFxG","baseKeyType":1,"closed":1731954486608,"used":1731954486220,"created":1731954486220,"remoteIdentityKey":"BZ107uqM8pFAzmxUC3lL9gVvoIS8ZwQ+Lx0kyP/+8uZl"},"_chains":{"BfARnjSMPNycUDMxTDzn4w9L2vIj75ULKQolJRDwLlgj":{"chainKey":{"counter":-1,"key":"FIytS8cG7ahTzQHvIbckh3WKsstAvJWiGhtwhNh7k9U="},"chainType":1,"messageKeys":{}}},"pendingPreKey":{"signedKeyId":1,"baseKey":"Bdm3uGxKc+DuHB0scagvJKWmf36q8qpU3wVebzVUFFxG"}},"BSproN4aQe3REyTgoEgW3ySJ5Jy+n0q5MyIM4QFQAqkT":{"registrationId":1365,"currentRatchet":{"ephemeralKeyPair":{"pubKey":"BdOpS62h3mO8RsXVMxAe6Gu/hLNfUnf7d8STCy6GfNwD","privKey":"MEInl5GmOKYtHyWqDfgJlornNQgAfqCgILvRC3YYyE8="},"lastRemoteEphemeralKey":"BTXWvsdujrOFZTyjXQ68of4ZOk6w+vMHt5IxLEs4RFoE","previousCounter":0,"rootKey":"VViRwhGkEUh9+ox/8viry1PauAcxsUoT8KcNiWrrmlc="},"indexInfo":{"baseKey":"BSproN4aQe3REyTgoEgW3ySJ5Jy+n0q5MyIM4QFQAqkT","baseKeyType":1,"closed":1731954486853,"used":1731954486587,"created":1731954486587,"remoteIdentityKey":"BZ107uqM8pFAzmxUC3lL9gVvoIS8ZwQ+Lx0kyP/+8uZl"},"_chains":{"BdOpS62h3mO8RsXVMxAe6Gu/hLNfUnf7d8STCy6GfNwD":{"chainKey":{"counter":-1,"key":"sqLG7yGTyzqTtnq8JdykAcfr9nlh+NptQRhHuNcXfXI="},"chainType":1,"messageKeys":{}}},"pendingPreKey":{"signedKeyId":1,"baseKey":"BSproN4aQe3REyTgoEgW3ySJ5Jy+n0q5MyIM4QFQAqkT"}},"BfIgNSZIgL3dYwJzQKurycc78CYLhHRXna6QdNp76iJb":{"registrationId":1365,"currentRatchet":{"ephemeralKeyPair":{"pubKey":"BYeKRuX4eKY0/hNtlZ9Hg1guk0BN1DntvJ0VWP0P7vZx","privKey":"8Gy7WTZBl9WlfId2bVCgVw4uS7KKHXCqsnKbmWguFXo="},"lastRemoteEphemeralKey":"BTXWvsdujrOFZTyjXQ68of4ZOk6w+vMHt5IxLEs4RFoE","previousCounter":0,"rootKey":"+irsATQSWYgEIvfmewfv391WigHvQ56aDzp73Jrs7kY="},"indexInfo":{"baseKey":"BfIgNSZIgL3dYwJzQKurycc78CYLhHRXna6QdNp76iJb","baseKeyType":1,"closed":1731954487905,"used":1731954486837,"created":1731954486837,"remoteIdentityKey":"BZ107uqM8pFAzmxUC3lL9gVvoIS8ZwQ+Lx0kyP/+8uZl"},"_chains":{"BYeKRuX4eKY0/hNtlZ9Hg1guk0BN1DntvJ0VWP0P7vZx":{"chainKey":{"counter":-1,"key":"lK6kw3DxNK43X397nqN6IqivBSQRvOSbKBD3BJOhojo="},"chainType":1,"messageKeys":{}}},"pendingPreKey":{"signedKeyId":1,"baseKey":"BfIgNSZIgL3dYwJzQKurycc78CYLhHRXna6QdNp76iJb"}},"BQLCUYY3lGhMmyZOl6DRhGwGFp3McSvX07VUubFIyx4n":{"registrationId":1365,"currentRatchet":{"ephemeralKeyPair":{"pubKey":"BSPbKWw7WcJzcetvywblrpSW+Fo8LBQ0znfWoH66nFsE","privKey":"2HLlq4RIqf8sW3YS+sBkXsKyCdtFtDU51c8Y3HXaw2A="},"lastRemoteEphemeralKey":"BTXWvsdujrOFZTyjXQ68of4ZOk6w+vMHt5IxLEs4RFoE","previousCounter":0,"rootKey":"p5euEkXHKKVg+5wIJTYGecrHAbje4vaKkbJCQ0/v9PU="},"indexInfo":{"baseKey":"BQLCUYY3lGhMmyZOl6DRhGwGFp3McSvX07VUubFIyx4n","baseKeyType":1,"closed":1731954488684,"used":1731954487883,"created":1731954487883,"remoteIdentityKey":"BZ107uqM8pFAzmxUC3lL9gVvoIS8ZwQ+Lx0kyP/+8uZl"},"_chains":{"BSPbKWw7WcJzcetvywblrpSW+Fo8LBQ0znfWoH66nFsE":{"chainKey":{"counter":-1,"key":"N0shs93w1SsCgi5Rj1KHT2vIioGkHd6DB1KcHjmXvzM="},"chainType":1,"messageKeys":{}}},"pendingPreKey":{"signedKeyId":1,"baseKey":"BQLCUYY3lGhMmyZOl6DRhGwGFp3McSvX07VUubFIyx4n"}},"BeR3vJlL/S08zF2USahj4JO9kkmHogObjQG6h+esrMpe":{"registrationId":1365,"currentRatchet":{"ephemeralKeyPair":{"pubKey":"BSRqfeIoSuQbHx1IxaWk/QKq4LsmdxErFc5hzzRycVBn","privKey":"YCovSiTyJBN9lDQksWWDQUcA2sPi5yU6a/ScwCuE/kA="},"lastRemoteEphemeralKey":"BTXWvsdujrOFZTyjXQ68of4ZOk6w+vMHt5IxLEs4RFoE","previousCounter":0,"rootKey":"fv0KKjKQAtBvAd6FJqN5suMmLhiJ7ZTr7R2NvKf8qkg="},"indexInfo":{"baseKey":"BeR3vJlL/S08zF2USahj4JO9kkmHogObjQG6h+esrMpe","baseKeyType":1,"closed":1731954488917,"used":1731954488665,"created":1731954488665,"remoteIdentityKey":"BZ107uqM8pFAzmxUC3lL9gVvoIS8ZwQ+Lx0kyP/+8uZl"},"_chains":{"BSRqfeIoSuQbHx1IxaWk/QKq4LsmdxErFc5hzzRycVBn":{"chainKey":{"counter":-1,"key":"LagBARV3iO/JQnax9cIluFCehdN20uLQD5PZc6ckRC8="},"chainType":1,"messageKeys":{}}},"pendingPreKey":{"signedKeyId":1,"baseKey":"BeR3vJlL/S08zF2USahj4JO9kkmHogObjQG6h+esrMpe"}},"BTpxAFrJPuZmA6DWAxsmQfjh/gPFdgff+6Xj2f+9O84C":{"registrationId":1365,"currentRatchet":{"ephemeralKeyPair":{"pubKey":"BVfk8npR0y6lt+hpEje1RZbrrf2ip3hdYAst05TdswEJ","privKey":"8K0wEkfsEdvtnEeahGfGsu6+IAdLNHlVk7NoCceaSWw="},"lastRemoteEphemeralKey":"BTXWvsdujrOFZTyjXQ68of4ZOk6w+vMHt5IxLEs4RFoE","previousCounter":0,"rootKey":"NK8BidcIMS9zvM2DInij5PovNDZxXMl2iMnH+hcukLI="},"indexInfo":{"baseKey":"BTpxAFrJPuZmA6DWAxsmQfjh/gPFdgff+6Xj2f+9O84C","baseKeyType":1,"closed":1731954489144,"used":1731954488896,"created":1731954488896,"remoteIdentityKey":"BZ107uqM8pFAzmxUC3lL9gVvoIS8ZwQ+Lx0kyP/+8uZl"},"_chains":{"BVfk8npR0y6lt+hpEje1RZbrrf2ip3hdYAst05TdswEJ":{"chainKey":{"counter":-1,"key":"A+wEsaHShVde/sqkdm/1h0d2K31pXFZTlMXuCcvob7M="},"chainType":1,"messageKeys":{}}},"pendingPreKey":{"signedKeyId":1,"baseKey":"BTpxAFrJPuZmA6DWAxsmQfjh/gPFdgff+6Xj2f+9O84C"}},"Bd6sWVBrNITOf3mH9JykQZcJ6Vj6kt6HY4WiUdHQVXZD":{"registrationId":1365,"currentRatchet":{"ephemeralKeyPair":{"pubKey":"BVNVVBVPv1D44PgpPLKwxSIjeDDuoXhJ1L77QzE8JP0N","privKey":"sMz45Kuj6OS99j0hm2LXhSuGy+wLPWSYqixrNaXWek8="},"lastRemoteEphemeralKey":"BTXWvsdujrOFZTyjXQ68of4ZOk6w+vMHt5IxLEs4RFoE","previousCounter":0,"rootKey":"tMKAgItTE95ffcdJ8DqWVVQwi7P8GENIaEEL8TifWFs="},"indexInfo":{"baseKey":"Bd6sWVBrNITOf3mH9JykQZcJ6Vj6kt6HY4WiUdHQVXZD","baseKeyType":1,"closed":1731954489379,"used":1731954489130,"created":1731954489130,"remoteIdentityKey":"BZ107uqM8pFAzmxUC3lL9gVvoIS8ZwQ+Lx0kyP/+8uZl"},"_chains":{"BVNVVBVPv1D44PgpPLKwxSIjeDDuoXhJ1L77QzE8JP0N":{"chainKey":{"counter":-1,"key":"L39I4OIevFfLDmt9Lx8Vmo9D64WUOgv2pcLivFUPjok="},"chainType":1,"messageKeys":{}}},"pendingPreKey":{"signedKeyId":1,"baseKey":"Bd6sWVBrNITOf3mH9JykQZcJ6Vj6kt6HY4WiUdHQVXZD"}},"Bf6Llni/uK/d0pVaBKIxhTxbmN9Vqg9dTYhCnZhx1UUV":{"registrationId":1365,"currentRatchet":{"ephemeralKeyPair":{"pubKey":"BQ2KlPEmmMVyhVDYcWoAGMp5O4m3YB+ly49bTVOCG180","privKey":"eENPdWdrOQyb2deKUDibZ+Pu/BIit//iOUA0WvWhZnA="},"lastRemoteEphemeralKey":"BTXWvsdujrOFZTyjXQ68of4ZOk6w+vMHt5IxLEs4RFoE","previousCounter":0,"rootKey":"KHNpXAkXqiQr5uVw8mgCaA6gNp3zX0CyC4GSYxakxQs="},"indexInfo":{"baseKey":"Bf6Llni/uK/d0pVaBKIxhTxbmN9Vqg9dTYhCnZhx1UUV","baseKeyType":1,"closed":1731954489615,"used":1731954489361,"created":1731954489361,"remoteIdentityKey":"BZ107uqM8pFAzmxUC3lL9gVvoIS8ZwQ+Lx0kyP/+8uZl"},"_chains":{"BQ2KlPEmmMVyhVDYcWoAGMp5O4m3YB+ly49bTVOCG180":{"chainKey":{"counter":-1,"key":"zEhpR0COqIkWTxk0gt+qwht0urlt1Jz/NTDM8FFXnfs="},"chainType":1,"messageKeys":{}}},"pendingPreKey":{"signedKeyId":1,"baseKey":"Bf6Llni/uK/d0pVaBKIxhTxbmN9Vqg9dTYhCnZhx1UUV"}},"BXOeP9+XyZusH+BnTS4krvAal9P5TrV5NjAETfghxB4f":{"registrationId":1365,"currentRatchet":{"ephemeralKeyPair":{"pubKey":"BbTxldRtm5V4CESosOdmlu8sNi4AeJL43X50vESGl6Qb","privKey":"mBT8fDAiZviD9hJcKosHnUg621sTkeJaLv+0vTVISXI="},"lastRemoteEphemeralKey":"BTXWvsdujrOFZTyjXQ68of4ZOk6w+vMHt5IxLEs4RFoE","previousCounter":0,"rootKey":"ZeudvjOdQe/uYzSYa5DAHybevM/evLgCS9nIKgYjMnU="},"indexInfo":{"baseKey":"BXOeP9+XyZusH+BnTS4krvAal9P5TrV5NjAETfghxB4f","baseKeyType":1,"closed":1731954489830,"used":1731954489587,"created":1731954489587,"remoteIdentityKey":"BZ107uqM8pFAzmxUC3lL9gVvoIS8ZwQ+Lx0kyP/+8uZl"},"_chains":{"BbTxldRtm5V4CESosOdmlu8sNi4AeJL43X50vESGl6Qb":{"chainKey":{"counter":-1,"key":"7cJ+qxLv7j9f7n2ughdmtQC7Ahsxll5KLdkpp/YJM3w="},"chainType":1,"messageKeys":{}}},"pendingPreKey":{"signedKeyId":1,"baseKey":"BXOeP9+XyZusH+BnTS4krvAal9P5TrV5NjAETfghxB4f"}},"Bbtn3u+8sCgipDQW3TreJBFqaz62OctIt67vXi1sfPBU":{"registrationId":1365,"currentRatchet":{"ephemeralKeyPair":{"pubKey":"BchzmIXVrKpUi+x4nbrtHvZzagv5KoxFXD3iKVarLfcX","privKey":"UFS6aEbJqPVrkXLjIYBnld1uoKIX0Ud0vQB3fy5yLXI="},"lastRemoteEphemeralKey":"BTXWvsdujrOFZTyjXQ68of4ZOk6w+vMHt5IxLEs4RFoE","previousCounter":0,"rootKey":"lZoOm+DI2fisqDVRlURFYf9r9KOF8iF7EDOyEIHBhfA="},"indexInfo":{"baseKey":"Bbtn3u+8sCgipDQW3TreJBFqaz62OctIt67vXi1sfPBU","baseKeyType":1,"closed":1731954492502,"used":1731954489817,"created":1731954489817,"remoteIdentityKey":"BZ107uqM8pFAzmxUC3lL9gVvoIS8ZwQ+Lx0kyP/+8uZl"},"_chains":{"BchzmIXVrKpUi+x4nbrtHvZzagv5KoxFXD3iKVarLfcX":{"chainKey":{"counter":-1,"key":"Io4iudgg+ytu68hIDpAr7/ADO77a9krt972wEq4/GUw="},"chainType":1,"messageKeys":{}}},"pendingPreKey":{"signedKeyId":1,"baseKey":"Bbtn3u+8sCgipDQW3TreJBFqaz62OctIt67vXi1sfPBU"}},"BW/WoYOdbHFg9O097XLBLwXVZhKnGImeofhyToxDUHcw":{"registrationId":1365,"currentRatchet":{"ephemeralKeyPair":{"pubKey":"BQ48qXaBnfjbWu3LagIWsjFMTmZkFZjrKu7oeKPMFels","privKey":"sCJhn9vu+kaUwLgf5PXaBaU7u3PhBj3zR7lqnaG4sms="},"lastRemoteEphemeralKey":"BTXWvsdujrOFZTyjXQ68of4ZOk6w+vMHt5IxLEs4RFoE","previousCounter":0,"rootKey":"s+WmMJbYc/SNRakoY4KX7nhVJzAM5KR4gOMt8BGzo98="},"indexInfo":{"baseKey":"BW/WoYOdbHFg9O097XLBLwXVZhKnGImeofhyToxDUHcw","baseKeyType":1,"closed":1731954492766,"used":1731954492479,"created":1731954492479,"remoteIdentityKey":"BZ107uqM8pFAzmxUC3lL9gVvoIS8ZwQ+Lx0kyP/+8uZl"},"_chains":{"BQ48qXaBnfjbWu3LagIWsjFMTmZkFZjrKu7oeKPMFels":{"chainKey":{"counter":-1,"key":"NPFxNzFbXs/oUs9TdSUaSKokYex9H0f09bucWoLi/Zk="},"chainType":1,"messageKeys":{}}},"pendingPreKey":{"signedKeyId":1,"baseKey":"BW/WoYOdbHFg9O097XLBLwXVZhKnGImeofhyToxDUHcw"}},"Be+/TNck/FxGwhsuE00awMsSysix/SfVQrI3MPWBY/td":{"registrationId":1365,"currentRatchet":{"ephemeralKeyPair":{"pubKey":"BZfIchdvTThpVD517eEeo0vVS1R2Y09V+/RG+zzCIGE/","privKey":"KONfFbwj/IYIX2LIgOy0wb2Zd3FM/7B24aNrkFGvuUk="},"lastRemoteEphemeralKey":"BTXWvsdujrOFZTyjXQ68of4ZOk6w+vMHt5IxLEs4RFoE","previousCounter":0,"rootKey":"0FbfllbRAr3TgfArUJq/td+vodwowe6FwV0QXWJ5SEY="},"indexInfo":{"baseKey":"Be+/TNck/FxGwhsuE00awMsSysix/SfVQrI3MPWBY/td","baseKeyType":1,"closed":1731954494043,"used":1731954492745,"created":1731954492745,"remoteIdentityKey":"BZ107uqM8pFAzmxUC3lL9gVvoIS8ZwQ+Lx0kyP/+8uZl"},"_chains":{"BZfIchdvTThpVD517eEeo0vVS1R2Y09V+/RG+zzCIGE/":{"chainKey":{"counter":-1,"key":"SngiAsgYzAvhseCIuTAYeebf6PLKrl4VKSoSnN+Yny4="},"chainType":1,"messageKeys":{}}},"pendingPreKey":{"signedKeyId":1,"baseKey":"Be+/TNck/FxGwhsuE00awMsSysix/SfVQrI3MPWBY/td"}},"BaHkp4Rh7zVYuWzaU5poBVzBXlprUqbW8pIJEdN2ZUYE":{"registrationId":1365,"currentRatchet":{"ephemeralKeyPair":{"pubKey":"BUsBVqXm3OLNEnnsCAsNyad4gS69MMYfrb4pNwFLhuBL","privKey":"KIEYSe9hfeZL+u7vteIUBr2uVgVRp76uccV+iI6I7G4="},"lastRemoteEphemeralKey":"BTXWvsdujrOFZTyjXQ68of4ZOk6w+vMHt5IxLEs4RFoE","previousCounter":0,"rootKey":"RI/VCur4xXwsClF5n/zL8z64oikVjS0eVDFayEg0elA="},"indexInfo":{"baseKey":"BaHkp4Rh7zVYuWzaU5poBVzBXlprUqbW8pIJEdN2ZUYE","baseKeyType":1,"closed":1731954494752,"used":1731954494012,"created":1731954494012,"remoteIdentityKey":"BZ107uqM8pFAzmxUC3lL9gVvoIS8ZwQ+Lx0kyP/+8uZl"},"_chains":{"BUsBVqXm3OLNEnnsCAsNyad4gS69MMYfrb4pNwFLhuBL":{"chainKey":{"counter":-1,"key":"aIvpsabmd+8uZhAbnaiOrb2pAovuFrC6ERvaSaBuxys="},"chainType":1,"messageKeys":{}}},"pendingPreKey":{"signedKeyId":1,"baseKey":"BaHkp4Rh7zVYuWzaU5poBVzBXlprUqbW8pIJEdN2ZUYE"}},"BRf5JoM+0T4FEiNZRxYbIVWetlzKuyRvvUsjVYoLkLRx":{"registrationId":1365,"currentRatchet":{"ephemeralKeyPair":{"pubKey":"BRcWK5ynxM40fGYdeG5q1Zl1+I051VEzp0NqV+8S7WIS","privKey":"yKJML1t9iY/y03BDAI2dkBnCmRTE6F5Uf1vdS1q1gWo="},"lastRemoteEphemeralKey":"BTXWvsdujrOFZTyjXQ68of4ZOk6w+vMHt5IxLEs4RFoE","previousCounter":0,"rootKey":"UixENuWxBbeVVVZHaMfhcM0j85964UdElriSEu2EDog="},"indexInfo":{"baseKey":"BRf5JoM+0T4FEiNZRxYbIVWetlzKuyRvvUsjVYoLkLRx","baseKeyType":1,"closed":1731954494979,"used":1731954494730,"created":1731954494730,"remoteIdentityKey":"BZ107uqM8pFAzmxUC3lL9gVvoIS8ZwQ+Lx0kyP/+8uZl"},"_chains":{"BRcWK5ynxM40fGYdeG5q1Zl1+I051VEzp0NqV+8S7WIS":{"chainKey":{"counter":-1,"key":"t4j1ZDI9fwweBMXXdZpt45W+CtrxB/TaEPeeNLKjrxE="},"chainType":1,"messageKeys":{}}},"pendingPreKey":{"signedKeyId":1,"baseKey":"BRf5JoM+0T4FEiNZRxYbIVWetlzKuyRvvUsjVYoLkLRx"}},"BVwgxvpdfvHHYmO9NCd78f+r2r+b3i/4tYOvIor90mNl":{"registrationId":1365,"currentRatchet":{"ephemeralKeyPair":{"pubKey":"BcLjmHzS1feFi4q688DhfxeblAcYiMD8PFiTFg+f4UEt","privKey":"mIIvEqX0KjiiF5o0UDQKQqwkRLy4VSrY3/ZL608r634="},"lastRemoteEphemeralKey":"BTXWvsdujrOFZTyjXQ68of4ZOk6w+vMHt5IxLEs4RFoE","previousCounter":0,"rootKey":"M44awTMpjnlTTO37sj8l6gl3Icg00UtUrKPSdqfG/1o="},"indexInfo":{"baseKey":"BVwgxvpdfvHHYmO9NCd78f+r2r+b3i/4tYOvIor90mNl","baseKeyType":1,"closed":1731954495204,"used":1731954494955,"created":1731954494955,"remoteIdentityKey":"BZ107uqM8pFAzmxUC3lL9gVvoIS8ZwQ+Lx0kyP/+8uZl"},"_chains":{"BcLjmHzS1feFi4q688DhfxeblAcYiMD8PFiTFg+f4UEt":{"chainKey":{"counter":-1,"key":"pZhAxqNivIYvSoe/SgQq883EkwsAd8n2yFhhX7qg0Ig="},"chainType":1,"messageKeys":{}}},"pendingPreKey":{"signedKeyId":1,"baseKey":"BVwgxvpdfvHHYmO9NCd78f+r2r+b3i/4tYOvIor90mNl"}},"BYK8F1NS+7gmYurLHMlEtzA69cb7ib7VUXUfhE7FuohK":{"registrationId":1365,"currentRatchet":{"ephemeralKeyPair":{"pubKey":"BV/P2sWfiUB4F5K1oLZpKiNCcPBZvaAUMEB5Duezp+Qu","privKey":"SJqGcx82CItz2VxIOuGxQAac5ui/KvWy5mJlZA/R9Xc="},"lastRemoteEphemeralKey":"BTXWvsdujrOFZTyjXQ68of4ZOk6w+vMHt5IxLEs4RFoE","previousCounter":0,"rootKey":"cpC7TIuFK1fbIG731kdp9drGfpn4B78AeSHI4lKSOD8="},"indexInfo":{"baseKey":"BYK8F1NS+7gmYurLHMlEtzA69cb7ib7VUXUfhE7FuohK","baseKeyType":1,"closed":1731954495438,"used":1731954495192,"created":1731954495192,"remoteIdentityKey":"BZ107uqM8pFAzmxUC3lL9gVvoIS8ZwQ+Lx0kyP/+8uZl"},"_chains":{"BV/P2sWfiUB4F5K1oLZpKiNCcPBZvaAUMEB5Duezp+Qu":{"chainKey":{"counter":-1,"key":"FR5664pHTLCGq2ILd5fzO/JCaNA+HvdsQMMMoHx39/Y="},"chainType":1,"messageKeys":{}}},"pendingPreKey":{"signedKeyId":1,"baseKey":"BYK8F1NS+7gmYurLHMlEtzA69cb7ib7VUXUfhE7FuohK"}},"Bbjxcoc+auwMt3PYTCtFMiqjkL524RbeUyktg13TznQj":{"registrationId":1365,"currentRatchet":{"ephemeralKeyPair":{"pubKey":"BcpMlc6gllEhdAVoPw60ewiWjPCoY5uuVb4JrEfDQqEf","privKey":"gJhlhz/ulgQv47uA+a4/lcN0NouLDkSSJOOqV8kVunY="},"lastRemoteEphemeralKey":"BTXWvsdujrOFZTyjXQ68of4ZOk6w+vMHt5IxLEs4RFoE","previousCounter":0,"rootKey":"KnRjZUUPPS1FCfhUk5Ccm1wryY6EMmXaIoVYWprJ+H8="},"indexInfo":{"baseKey":"Bbjxcoc+auwMt3PYTCtFMiqjkL524RbeUyktg13TznQj","baseKeyType":1,"closed":1731954495666,"used":1731954495419,"created":1731954495419,"remoteIdentityKey":"BZ107uqM8pFAzmxUC3lL9gVvoIS8ZwQ+Lx0kyP/+8uZl"},"_chains":{"BcpMlc6gllEhdAVoPw60ewiWjPCoY5uuVb4JrEfDQqEf":{"chainKey":{"counter":-1,"key":"QDNAX0+YhAkK44zqwTAdk8x3yisuWltoImyiOiD5oI8="},"chainType":1,"messageKeys":{}}},"pendingPreKey":{"signedKeyId":1,"baseKey":"Bbjxcoc+auwMt3PYTCtFMiqjkL524RbeUyktg13TznQj"}},"BcJdkuv2vDQCizGqDyOYIgtURfk65xXT6DDFCqGU9+8R":{"registrationId":1365,"currentRatchet":{"ephemeralKeyPair":{"pubKey":"BdzOzv5G0Ct39zUZhcWi1M1jiW4ne5b93JfvqvTIa2ta","privKey":"2O90/VvOjRpXldiMR0nq/XAo/f4E/GMMeIIootzVqmw="},"lastRemoteEphemeralKey":"BTXWvsdujrOFZTyjXQ68of4ZOk6w+vMHt5IxLEs4RFoE","previousCounter":0,"rootKey":"gYuO6SHwim15y4lO6S0RtiWQm+zHsMfUHulwVgNvJ1w="},"indexInfo":{"baseKey":"BcJdkuv2vDQCizGqDyOYIgtURfk65xXT6DDFCqGU9+8R","baseKeyType":1,"closed":1731954495899,"used":1731954495652,"created":1731954495652,"remoteIdentityKey":"BZ107uqM8pFAzmxUC3lL9gVvoIS8ZwQ+Lx0kyP/+8uZl"},"_chains":{"BdzOzv5G0Ct39zUZhcWi1M1jiW4ne5b93JfvqvTIa2ta":{"chainKey":{"counter":-1,"key":"mHweb8M9+/QBf1Prw/yf1bimaYQIqzKLwDpFgOWIcYM="},"chainType":1,"messageKeys":{}}},"pendingPreKey":{"signedKeyId":1,"baseKey":"BcJdkuv2vDQCizGqDyOYIgtURfk65xXT6DDFCqGU9+8R"}},"BRzotSohalNm6/rTMB5GOilrvxlmForyDfuTusmtoJcz":{"registrationId":1365,"currentRatchet":{"ephemeralKeyPair":{"pubKey":"BbtvC+NHawU6ltEzAVpx3yMm3e4LUY6wAjD1nZ5knmBq","privKey":"cKOUz8Cw2UhFILedruiGo34zmusfTTm6dacz6ExHjFI="},"lastRemoteEphemeralKey":"BTXWvsdujrOFZTyjXQ68of4ZOk6w+vMHt5IxLEs4RFoE","previousCounter":0,"rootKey":"eBU2psIvdJ8OR3a9v8e8bvnn4k3bmS8gxZVOZwl0X8E="},"indexInfo":{"baseKey":"BRzotSohalNm6/rTMB5GOilrvxlmForyDfuTusmtoJcz","baseKeyType":1,"closed":1731954496129,"used":1731954495883,"created":1731954495883,"remoteIdentityKey":"BZ107uqM8pFAzmxUC3lL9gVvoIS8ZwQ+Lx0kyP/+8uZl"},"_chains":{"BbtvC+NHawU6ltEzAVpx3yMm3e4LUY6wAjD1nZ5knmBq":{"chainKey":{"counter":-1,"key":"RcLEwZYqt/4g6TghriQnYn+RTcwyUgoQT/sH74XqVyE="},"chainType":1,"messageKeys":{}}},"pendingPreKey":{"signedKeyId":1,"baseKey":"BRzotSohalNm6/rTMB5GOilrvxlmForyDfuTusmtoJcz"}},"BYvv94PpA8uhZqPAzAelyeS71h4FVkyNeLm9En/JVlkm":{"registrationId":1365,"currentRatchet":{"ephemeralKeyPair":{"pubKey":"BfL/uxZ3kx9nrM0bLTtgkfiVRHgqHoqQ1Bu7edZYpOwN","privKey":"+Nsek1R8P2B/seRZOTIUyM13CrKP+dF3nP9HG4CA90w="},"lastRemoteEphemeralKey":"BTXWvsdujrOFZTyjXQ68of4ZOk6w+vMHt5IxLEs4RFoE","previousCounter":0,"rootKey":"d+41ZpUyD7/YMyRsRRalfFF34hNvptlAxow5GgLnZLA="},"indexInfo":{"baseKey":"BYvv94PpA8uhZqPAzAelyeS71h4FVkyNeLm9En/JVlkm","baseKeyType":1,"closed":1731954496336,"used":1731954496113,"created":1731954496113,"remoteIdentityKey":"BZ107uqM8pFAzmxUC3lL9gVvoIS8ZwQ+Lx0kyP/+8uZl"},"_chains":{"BfL/uxZ3kx9nrM0bLTtgkfiVRHgqHoqQ1Bu7edZYpOwN":{"chainKey":{"counter":-1,"key":"nWoQUEiHkAzbGM7SOiT74e+M5PKSrEOJLOxZ5haNz6U="},"chainType":1,"messageKeys":{}}},"pendingPreKey":{"signedKeyId":1,"baseKey":"BYvv94PpA8uhZqPAzAelyeS71h4FVkyNeLm9En/JVlkm"}},"BX31wpYBdl0XrSbGlQAZHKHQcHKapISKggxbEzZETkgd":{"registrationId":1365,"currentRatchet":{"ephemeralKeyPair":{"pubKey":"Ba8LBxZ+DmwDM11tCwndFWdr5TgtZogQT/BUnDA2/kRk","privKey":"0HPaSce3399WIQ3V9E6pomCZDyjTIp9D3oWUJWZQA14="},"lastRemoteEphemeralKey":"BTXWvsdujrOFZTyjXQ68of4ZOk6w+vMHt5IxLEs4RFoE","previousCounter":0,"rootKey":"baUPp0xr9XwDCH0XhOw9aYEHgGtXjWq3lHzVP5KPQOw="},"indexInfo":{"baseKey":"BX31wpYBdl0XrSbGlQAZHKHQcHKapISKggxbEzZETkgd","baseKeyType":1,"closed":1731954496540,"used":1731954496312,"created":1731954496312,"remoteIdentityKey":"BZ107uqM8pFAzmxUC3lL9gVvoIS8ZwQ+Lx0kyP/+8uZl"},"_chains":{"Ba8LBxZ+DmwDM11tCwndFWdr5TgtZogQT/BUnDA2/kRk":{"chainKey":{"counter":-1,"key":"k1cc7HxGKhHQ53/6VIUg0si48pDtd/m/FU4psZc3NH4="},"chainType":1,"messageKeys":{}}},"pendingPreKey":{"signedKeyId":1,"baseKey":"BX31wpYBdl0XrSbGlQAZHKHQcHKapISKggxbEzZETkgd"}},"BUeapOZEW+3Q/LC4iu5j/CsWqAbgRMLdMnlKp+1SlJVK":{"registrationId":1365,"currentRatchet":{"ephemeralKeyPair":{"pubKey":"BY+dR6h9OoDL1QY5rV+vlf46VVNMlvUfqyOcKMJ0Bt9L","privKey":"UP8WNEH0YAwPKhQCkpPCbLaFe8hFR2k+541CdvZUzWg="},"lastRemoteEphemeralKey":"BTXWvsdujrOFZTyjXQ68of4ZOk6w+vMHt5IxLEs4RFoE","previousCounter":0,"rootKey":"6XTCSgiUMp3iOpv2Xxf5ZyvIQ7CaJwsnwCPaHGQ/4Z0="},"indexInfo":{"baseKey":"BUeapOZEW+3Q/LC4iu5j/CsWqAbgRMLdMnlKp+1SlJVK","baseKeyType":1,"closed":1731954502481,"used":1731954496526,"created":1731954496526,"remoteIdentityKey":"BZ107uqM8pFAzmxUC3lL9gVvoIS8ZwQ+Lx0kyP/+8uZl"},"_chains":{"BY+dR6h9OoDL1QY5rV+vlf46VVNMlvUfqyOcKMJ0Bt9L":{"chainKey":{"counter":-1,"key":"gxWkUKNpOm3IQgGKnuUecqjaeTiAgIJ3Dm0Ww6eS+AQ="},"chainType":1,"messageKeys":{}}},"pendingPreKey":{"signedKeyId":1,"baseKey":"BUeapOZEW+3Q/LC4iu5j/CsWqAbgRMLdMnlKp+1SlJVK"}},"BeFS5nwH0OVLcm2wFEGKpi+lNTRT/o/lxoX7ZHSBgggx":{"registrationId":1365,"currentRatchet":{"ephemeralKeyPair":{"pubKey":"BXV/Obfs7BDS5+EvVPYDulTWSthcEawoToq0w64mycV7","privKey":"0MWsjirT8YwnsfMVvZfRfaw4AjZVBdelXCsdTrsk/EQ="},"lastRemoteEphemeralKey":"BTXWvsdujrOFZTyjXQ68of4ZOk6w+vMHt5IxLEs4RFoE","previousCounter":0,"rootKey":"XCjf7PBkthTXNw6ouki1JRDezLmYEvjl59Oj8zXienY="},"indexInfo":{"baseKey":"BeFS5nwH0OVLcm2wFEGKpi+lNTRT/o/lxoX7ZHSBgggx","baseKeyType":1,"closed":1731954502673,"used":1731954502465,"created":1731954502465,"remoteIdentityKey":"BZ107uqM8pFAzmxUC3lL9gVvoIS8ZwQ+Lx0kyP/+8uZl"},"_chains":{"BXV/Obfs7BDS5+EvVPYDulTWSthcEawoToq0w64mycV7":{"chainKey":{"counter":-1,"key":"TFsH5/CUdRU7t6zoN1qDwCtaUE6L4mebAOWzMYV4IpI="},"chainType":1,"messageKeys":{}}},"pendingPreKey":{"signedKeyId":1,"baseKey":"BeFS5nwH0OVLcm2wFEGKpi+lNTRT/o/lxoX7ZHSBgggx"}},"BQbEhvfpls1VgE8jUgeCut4FQ0Mx9vaN6DudEbBeA4hc":{"registrationId":1365,"currentRatchet":{"ephemeralKeyPair":{"pubKey":"BZklFv/FF0H20PqHrDErOHicUmWlzY96Y0H5Jz4vtroO","privKey":"UNZk+JCrF7IEhCoq0Rs/lox7EZ276jmz7qwTn02z4U4="},"lastRemoteEphemeralKey":"BTXWvsdujrOFZTyjXQ68of4ZOk6w+vMHt5IxLEs4RFoE","previousCounter":0,"rootKey":"U9aw98p+d4V4j5iOSrAB6Lr0Qd2S/pEPRDFxlNJCXV8="},"indexInfo":{"baseKey":"BQbEhvfpls1VgE8jUgeCut4FQ0Mx9vaN6DudEbBeA4hc","baseKeyType":1,"closed":1731954502872,"used":1731954502658,"created":1731954502658,"remoteIdentityKey":"BZ107uqM8pFAzmxUC3lL9gVvoIS8ZwQ+Lx0kyP/+8uZl"},"_chains":{"BZklFv/FF0H20PqHrDErOHicUmWlzY96Y0H5Jz4vtroO":{"chainKey":{"counter":-1,"key":"GkwRinWjmRpkldVEnKnerO7n/6EdGJNukQXavNIlvkI="},"chainType":1,"messageKeys":{}}},"pendingPreKey":{"signedKeyId":1,"baseKey":"BQbEhvfpls1VgE8jUgeCut4FQ0Mx9vaN6DudEbBeA4hc"}},"BX7c4A+aXIgKNatJ3+/vSDuTnXzlq8QZtssNGkzilHFQ":{"registrationId":1365,"currentRatchet":{"ephemeralKeyPair":{"pubKey":"BZg+0Gf8JcsD27h+lpzl4Ft/bo6Eu02lv9BcbYEXy+B0","privKey":"eO1U+A1jrRwJXnhJ1AOYzPkBWF8nC0rwNqKC6JFk3mw="},"lastRemoteEphemeralKey":"BTXWvsdujrOFZTyjXQ68of4ZOk6w+vMHt5IxLEs4RFoE","previousCounter":0,"rootKey":"ryGsOuwnixIIhdUC13gG4RM2dC8a69xou8WiCOQqnHQ="},"indexInfo":{"baseKey":"BX7c4A+aXIgKNatJ3+/vSDuTnXzlq8QZtssNGkzilHFQ","baseKeyType":1,"closed":1731954503075,"used":1731954502854,"created":1731954502854,"remoteIdentityKey":"BZ107uqM8pFAzmxUC3lL9gVvoIS8ZwQ+Lx0kyP/+8uZl"},"_chains":{"BZg+0Gf8JcsD27h+lpzl4Ft/bo6Eu02lv9BcbYEXy+B0":{"chainKey":{"counter":-1,"key":"O8tVECZO472wtHcuUWxP3shk+SKvN7QxuJ9Y9XU/GaI="},"chainType":1,"messageKeys":{}}},"pendingPreKey":{"signedKeyId":1,"baseKey":"BX7c4A+aXIgKNatJ3+/vSDuTnXzlq8QZtssNGkzilHFQ"}},"BaWtRFqeUd6FzAM4FlqAk3voYdKwGL456H/gzJALq38d":{"registrationId":1365,"currentRatchet":{"ephemeralKeyPair":{"pubKey":"Bc8BKN9fqCIvIbbjJFoCPppS7/hBMIspHLsjFWKOJMxN","privKey":"eG4+k+nkUseBnXQ3fdHgSsKfb5LBsTZ/dR5o+2IqNEs="},"lastRemoteEphemeralKey":"BTXWvsdujrOFZTyjXQ68of4ZOk6w+vMHt5IxLEs4RFoE","previousCounter":0,"rootKey":"ouQ+OEdz94l5seE1GYAHOlPeLKpW68OmsXIDQmRazuI="},"indexInfo":{"baseKey":"BaWtRFqeUd6FzAM4FlqAk3voYdKwGL456H/gzJALq38d","baseKeyType":1,"closed":1731954503276,"used":1731954503057,"created":1731954503057,"remoteIdentityKey":"BZ107uqM8pFAzmxUC3lL9gVvoIS8ZwQ+Lx0kyP/+8uZl"},"_chains":{"Bc8BKN9fqCIvIbbjJFoCPppS7/hBMIspHLsjFWKOJMxN":{"chainKey":{"counter":-1,"key":"dxOIG16iObU1VgWMBmbWvMgdilI4cL5FLyx7LrvH7kM="},"chainType":1,"messageKeys":{}}},"pendingPreKey":{"signedKeyId":1,"baseKey":"BaWtRFqeUd6FzAM4FlqAk3voYdKwGL456H/gzJALq38d"}},"BeovnOt/o+bPHzdSe/k1vOCDives8h/a9tpY1gDWOThv":{"registrationId":1365,"currentRatchet":{"ephemeralKeyPair":{"pubKey":"BcuXht+3q8G+9eNeXriFB9TLVbq/+zNnn0f1EAPVAu17","privKey":"gGxfKbFzKqAvB/kXUcgamU3G13zZ5t3ih3UA/86HwHM="},"lastRemoteEphemeralKey":"BTXWvsdujrOFZTyjXQ68of4ZOk6w+vMHt5IxLEs4RFoE","previousCounter":0,"rootKey":"5vf+LHbi/Obk9w+smpR0IGNZxQ9dF5fSAPsT4tfoAQg="},"indexInfo":{"baseKey":"BeovnOt/o+bPHzdSe/k1vOCDives8h/a9tpY1gDWOThv","baseKeyType":1,"closed":1731954509481,"used":1731954503259,"created":1731954503259,"remoteIdentityKey":"BZ107uqM8pFAzmxUC3lL9gVvoIS8ZwQ+Lx0kyP/+8uZl"},"_chains":{"BcuXht+3q8G+9eNeXriFB9TLVbq/+zNnn0f1EAPVAu17":{"chainKey":{"counter":-1,"key":"FC8dc+scPjQtUN0bZd2iBfqB7Aj1/D5pX3CRQf3Ri7Q="},"chainType":1,"messageKeys":{}}},"pendingPreKey":{"signedKeyId":1,"baseKey":"BeovnOt/o+bPHzdSe/k1vOCDives8h/a9tpY1gDWOThv"}},"Bd5YtdAZ++QEHUFnmU8LH/uRGsWDM7rNumlfYq8uYlQv":{"registrationId":1365,"currentRatchet":{"ephemeralKeyPair":{"pubKey":"BW9WVP+arrzW2pT/emtKmzCONJlInYq2j4nV7lEz7dgf","privKey":"cAkSjEkE+OrcyCXuddVN5ZOnPs0k5+z9GigLshGqnWc="},"lastRemoteEphemeralKey":"BTXWvsdujrOFZTyjXQ68of4ZOk6w+vMHt5IxLEs4RFoE","previousCounter":0,"rootKey":"mwM8jjjpB+6XUD1DhqAgoC1zNRiVzz0mzShyHiPIsW4="},"indexInfo":{"baseKey":"Bd5YtdAZ++QEHUFnmU8LH/uRGsWDM7rNumlfYq8uYlQv","baseKeyType":1,"closed":1731954514328,"used":1731954509459,"created":1731954509459,"remoteIdentityKey":"BZ107uqM8pFAzmxUC3lL9gVvoIS8ZwQ+Lx0kyP/+8uZl"},"_chains":{"BW9WVP+arrzW2pT/emtKmzCONJlInYq2j4nV7lEz7dgf":{"chainKey":{"counter":-1,"key":"fQuz6ggvmPg+M/CauIY+FVKZabxKjFtSwAPpQJgF40Y="},"chainType":1,"messageKeys":{}}},"pendingPreKey":{"signedKeyId":1,"baseKey":"Bd5YtdAZ++QEHUFnmU8LH/uRGsWDM7rNumlfYq8uYlQv"}},"BZy3bNGy8RG5ZXIcBGlMN+hSLG/Yuc6S4QyOPHbPWl0D":{"registrationId":1365,"currentRatchet":{"ephemeralKeyPair":{"pubKey":"BUW7BO+Ph0tR4lN7yLEkPVVAKbflFUp7n91RLdCsAt0P","privKey":"CGYBPCW7+tgMzlwAWh30s8ilqzMRpkcpWQAQ9oXHyXY="},"lastRemoteEphemeralKey":"BTXWvsdujrOFZTyjXQ68of4ZOk6w+vMHt5IxLEs4RFoE","previousCounter":0,"rootKey":"zFm2C3IdR/Hd2z0aCVnqx8bH+bWq881Y3A3zO9g3mJA="},"indexInfo":{"baseKey":"BZy3bNGy8RG5ZXIcBGlMN+hSLG/Yuc6S4QyOPHbPWl0D","baseKeyType":1,"closed":1731954541417,"used":1731954514297,"created":1731954514297,"remoteIdentityKey":"BZ107uqM8pFAzmxUC3lL9gVvoIS8ZwQ+Lx0kyP/+8uZl"},"_chains":{"BUW7BO+Ph0tR4lN7yLEkPVVAKbflFUp7n91RLdCsAt0P":{"chainKey":{"counter":-1,"key":"cT5nqmTLtaNws0luwNSC+3zPe+mrt16e98gsP1IkAZY="},"chainType":1,"messageKeys":{}}},"pendingPreKey":{"signedKeyId":1,"baseKey":"BZy3bNGy8RG5ZXIcBGlMN+hSLG/Yuc6S4QyOPHbPWl0D"}},"BXzCDanpUIDTexoDS4cBTp3L1jEOo2RQd6fdVQph9c93":{"registrationId":1365,"currentRatchet":{"ephemeralKeyPair":{"pubKey":"BeMInIZnDPEppKUE4NCEuZoLxPvgUF7MarJAMq5qlbZy","privKey":"yNwwk+rENxczb27/qBJpXE46LwFsJ79wyw1bCsPm31I="},"lastRemoteEphemeralKey":"BTXWvsdujrOFZTyjXQ68of4ZOk6w+vMHt5IxLEs4RFoE","previousCounter":0,"rootKey":"nRtVRN6Gxb2IZKm8oMAoMcNpxoNon/E+p5DnAw0p2z8="},"indexInfo":{"baseKey":"BXzCDanpUIDTexoDS4cBTp3L1jEOo2RQd6fdVQph9c93","baseKeyType":1,"closed":-1,"used":1731954541394,"created":1731954541394,"remoteIdentityKey":"BZ107uqM8pFAzmxUC3lL9gVvoIS8ZwQ+Lx0kyP/+8uZl"},"_chains":{"BeMInIZnDPEppKUE4NCEuZoLxPvgUF7MarJAMq5qlbZy":{"chainKey":{"counter":2,"key":"NwiCO8q8DkoHGps7+rvCAM7gDmRvlfPEkqkhtm1o3Z4="},"chainType":1,"messageKeys":{}}},"pendingPreKey":{"signedKeyId":1,"baseKey":"BXzCDanpUIDTexoDS4cBTp3L1jEOo2RQd6fdVQph9c93"}}},"version":"v1"}