{"_sessions":{"BVbdApWPKZk4CTKp+krF4crEbacwsUeLwafDBVuMeAJT":{"registrationId":579400667,"currentRatchet":{"ephemeralKeyPair":{"pubKey":"BYNlXt0+7DAWX30037z5A8hgfpFGnn+DQyuBQuEyBRUp","privKey":"MMvERog7XnnR7tsPEBFX/OS44lY627DPg7VO7JxdQWc="},"lastRemoteEphemeralKey":"Bb7BQtFWYqXkb0H9U4taYI1RnceyH8O6YdmPyLMS+Rx+","previousCounter":0,"rootKey":"LyklRkstDrRzVCZlIGG4YD21Ug6wAs3RE9z/wiqhDLE="},"indexInfo":{"baseKey":"BVbdApWPKZk4CTKp+krF4crEbacwsUeLwafDBVuMeAJT","baseKeyType":1,"closed":-1,"used":1731675016772,"created":1731675016772,"remoteIdentityKey":"BdEuqV9F3/3uroaHgf2pO9pOqogoNCu5AbceQNQnfcgX"},"_chains":{"BYNlXt0+7DAWX30037z5A8hgfpFGnn+DQyuBQuEyBRUp":{"chainKey":{"counter":0,"key":"vhvvvlHR+4cTWSkEbmfTJNnuJfCbfexsdf/q53u+czc="},"chainType":1,"messageKeys":{}}},"pendingPreKey":{"signedKeyId":17,"baseKey":"BVbdApWPKZk4CTKp+krF4crEbacwsUeLwafDBVuMeAJT","preKeyId":6633801}}},"version":"v1"}