{"_sessions":{"BWv126z/hiL+fbWDyL6RiMnm/qDxAD007ckpyqg8eSkh":{"registrationId":374676428,"currentRatchet":{"ephemeralKeyPair":{"pubKey":"BTVgRZSr2WPTYqQEFBMX4GuTxvJApaMi6Gmo+Xgh1w5b","privKey":"yMKGBUpMXkxbQpjRdNobyxk7RydyERYe7hg9V2hnIEE="},"lastRemoteEphemeralKey":"BWb/ATPsxQxyvFRpnGFN5V0MhOgTPDda0eLHUqLhQIc+","previousCounter":0,"rootKey":"zpzn9JIbiCGKS5hRLQUCDHiisGsdKfUJ3Dx2S3SYIjs="},"indexInfo":{"baseKey":"BWv126z/hiL+fbWDyL6RiMnm/qDxAD007ckpyqg8eSkh","baseKeyType":1,"closed":-1,"used":1731754919181,"created":1731754919181,"remoteIdentityKey":"Bc0owOtavJ88zA8O6AFWKtvEK2yLJO+dXfaVXK6lREIT"},"_chains":{"BTVgRZSr2WPTYqQEFBMX4GuTxvJApaMi6Gmo+Xgh1w5b":{"chainKey":{"counter":2,"key":"2Eez8YJifay5G/TSecif1bA8np+Tily3Bh/q0aCapwc="},"chainType":1,"messageKeys":{}}},"pendingPreKey":{"signedKeyId":1,"baseKey":"BWv126z/hiL+fbWDyL6RiMnm/qDxAD007ckpyqg8eSkh","preKeyId":4483650}}},"version":"v1"}