{"_sessions":{"BVYUZw5GjGzfhD1MpqMQAHl/jSxQcOERBCePTVMD0uoZ":{"registrationId":11363,"currentRatchet":{"ephemeralKeyPair":{"pubKey":"Bbh0hFasDrwT1DhFfLmVjzY/8VkQwp9Al6aoc9eA5ONH","privKey":"MH/jne24FTZ+uoxgjU0n8l4IkxgwosZoreoeSLfRiUc="},"lastRemoteEphemeralKey":"Bb+9yFBlmYW6PZih5LQrGIvSei7kSGifiKMry91NBk0N","previousCounter":0,"rootKey":"yyOaenlm9hZ5jjP2xBr6ZQdxhoqKJ21/CKxFp8lEXWo="},"indexInfo":{"baseKey":"BVYUZw5GjGzfhD1MpqMQAHl/jSxQcOERBCePTVMD0uoZ","baseKeyType":1,"closed":-1,"used":1731956511293,"created":1731956511293,"remoteIdentityKey":"BZBxGVTS70fT2sNSWMTPiKdzF7qpm1uFjNoUVfG07p0D"},"_chains":{"Bbh0hFasDrwT1DhFfLmVjzY/8VkQwp9Al6aoc9eA5ONH":{"chainKey":{"counter":4,"key":"vbq68GvgD1nUIswuISQ5yQ87tkzSR1K2/IZzU4Zgay8="},"chainType":1,"messageKeys":{}}},"pendingPreKey":{"signedKeyId":1,"baseKey":"BVYUZw5GjGzfhD1MpqMQAHl/jSxQcOERBCePTVMD0uoZ","preKeyId":398}}},"version":"v1"}