{"_sessions":{"BaIn3c9bYJZFv6bbYwrffB9hFft1n+7IDM4hMQPvlqcG":{"registrationId":1542783746,"currentRatchet":{"ephemeralKeyPair":{"pubKey":"Bf2d4pb+9MiAsGrU8o3LppCp76DFk/VppuUQrTnKwp4S","privKey":"ENHW9LYOwkOeMYjoPRCd+fUGdwbm9ysqXMYsKFQsj0E="},"lastRemoteEphemeralKey":"BVkp6zvzxbtqvkqyMoXCIvWQ4vzwY3pfets+Vx9Te9c3","previousCounter":0,"rootKey":"TUAhaFgbke18kPj+OtbMTsMuXqrieQWfMPqmxNipeoc="},"indexInfo":{"baseKey":"BaIn3c9bYJZFv6bbYwrffB9hFft1n+7IDM4hMQPvlqcG","baseKeyType":1,"closed":1731893855623,"used":1731777349764,"created":1731777349764,"remoteIdentityKey":"BZQ6npshDcd237F0Bnmhpijz5Ku9naD7nmLufH0gxUty"},"_chains":{"Bf2d4pb+9MiAsGrU8o3LppCp76DFk/VppuUQrTnKwp4S":{"chainKey":{"counter":0,"key":"OJf8BF3aS9J/Nf+vkEHZ1ZfywnK0kWFRp+3QpUIThoc="},"chainType":1,"messageKeys":{}}},"pendingPreKey":{"signedKeyId":2,"baseKey":"BaIn3c9bYJZFv6bbYwrffB9hFft1n+7IDM4hMQPvlqcG","preKeyId":12334319}},"BeFrhzq+JZE9gSIJhu95GYnhbtGd5lm9QMUH4brgQDY2":{"registrationId":1542783746,"currentRatchet":{"ephemeralKeyPair":{"pubKey":"BY8/OloE7HUsso1ENpLS6k8983iMBgYPXuNvJ355Zn08","privKey":"IKH9s9CTpGRT7DF9En4KygxvNviSzFuEh4qzafvY9FQ="},"lastRemoteEphemeralKey":"BVkp6zvzxbtqvkqyMoXCIvWQ4vzwY3pfets+Vx9Te9c3","previousCounter":0,"rootKey":"JVLYfD/5dv6pIzJ1yXOLKEj68gh2YNJjeNJczmeIZN4="},"indexInfo":{"baseKey":"BeFrhzq+JZE9gSIJhu95GYnhbtGd5lm9QMUH4brgQDY2","baseKeyType":1,"closed":1731893876338,"used":1731893855606,"created":1731893855606,"remoteIdentityKey":"BZQ6npshDcd237F0Bnmhpijz5Ku9naD7nmLufH0gxUty"},"_chains":{"BY8/OloE7HUsso1ENpLS6k8983iMBgYPXuNvJ355Zn08":{"chainKey":{"counter":-1,"key":"eIdiPrU8IDd2s7t72uDKJqKuGlxLBKjdWNM2BJh0SPA="},"chainType":1,"messageKeys":{}}},"pendingPreKey":{"signedKeyId":2,"baseKey":"BeFrhzq+JZE9gSIJhu95GYnhbtGd5lm9QMUH4brgQDY2","preKeyId":12334396}},"BTCW1ACbP31HyBNJOyolZ9tno+bslFip6DdwkWaxLYgm":{"registrationId":1542783746,"currentRatchet":{"ephemeralKeyPair":{"pubKey":"Bas0i7dGcq2+7uSIBMsj3RRn9CmyxqrcgeNFdOLI3+EF","privKey":"KLpVOnpvXqowiGBhTuhvHI7kVy8jReZs4W4P1wLBgGo="},"lastRemoteEphemeralKey":"BVkp6zvzxbtqvkqyMoXCIvWQ4vzwY3pfets+Vx9Te9c3","previousCounter":0,"rootKey":"UgJfH06HEMmvDA5CyqAlIbW98WsB1mQQ48oeTsiFwKI="},"indexInfo":{"baseKey":"BTCW1ACbP31HyBNJOyolZ9tno+bslFip6DdwkWaxLYgm","baseKeyType":1,"closed":1731893876561,"used":1731893876334,"created":1731893876334,"remoteIdentityKey":"BZQ6npshDcd237F0Bnmhpijz5Ku9naD7nmLufH0gxUty"},"_chains":{"Bas0i7dGcq2+7uSIBMsj3RRn9CmyxqrcgeNFdOLI3+EF":{"chainKey":{"counter":-1,"key":"vNLnFApjZm2vwHDkZFZXdWgxOHbC6EpxK+lACJo1+K4="},"chainType":1,"messageKeys":{}}},"pendingPreKey":{"signedKeyId":2,"baseKey":"BTCW1ACbP31HyBNJOyolZ9tno+bslFip6DdwkWaxLYgm","preKeyId":12334257}},"BXJy6GKlrjIFpusiYD3xiPwhaNdMY+99Gh8gu7o2KpE+":{"registrationId":1542783746,"currentRatchet":{"ephemeralKeyPair":{"pubKey":"BZR1K7kMlu9ru8iIQZzxguZYo5eQmjXvcfafVlNQpHkp","privKey":"4CY9gGbU0cdTMEl4ThQ6d00iQwWGED2TB6hZKriOZEk="},"lastRemoteEphemeralKey":"BVkp6zvzxbtqvkqyMoXCIvWQ4vzwY3pfets+Vx9Te9c3","previousCounter":0,"rootKey":"CJCuTBgM52k+vFvgrztcfKrXrJ4v/2aQJ/WqKql/NK8="},"indexInfo":{"baseKey":"BXJy6GKlrjIFpusiYD3xiPwhaNdMY+99Gh8gu7o2KpE+","baseKeyType":1,"closed":1731893876796,"used":1731893876557,"created":1731893876557,"remoteIdentityKey":"BZQ6npshDcd237F0Bnmhpijz5Ku9naD7nmLufH0gxUty"},"_chains":{"BZR1K7kMlu9ru8iIQZzxguZYo5eQmjXvcfafVlNQpHkp":{"chainKey":{"counter":-1,"key":"DokViy4GBkJ/hOR0rjmDH41YP6N5JZDhyr5JrusFZbg="},"chainType":1,"messageKeys":{}}},"pendingPreKey":{"signedKeyId":2,"baseKey":"BXJy6GKlrjIFpusiYD3xiPwhaNdMY+99Gh8gu7o2KpE+","preKeyId":12334360}},"BZElrjCUzyidU0wM7huLxULICdAxRo1Z06qPGZWBdTsC":{"registrationId":1542783746,"currentRatchet":{"ephemeralKeyPair":{"pubKey":"Bc6gJOaseH+2EnaE+A9kw/QJeut0wFkgfNGlkJEnhgcm","privKey":"SJPgIkUGrskDuCgjr3i0gx1QlbR86kzmy5hWlymbelQ="},"lastRemoteEphemeralKey":"BVkp6zvzxbtqvkqyMoXCIvWQ4vzwY3pfets+Vx9Te9c3","previousCounter":0,"rootKey":"pKcaAlAoCEJ+OccR+elJ08FxoAudPUF2R8RsTr2pGPo="},"indexInfo":{"baseKey":"BZElrjCUzyidU0wM7huLxULICdAxRo1Z06qPGZWBdTsC","baseKeyType":1,"closed":1731893877032,"used":1731893876792,"created":1731893876792,"remoteIdentityKey":"BZQ6npshDcd237F0Bnmhpijz5Ku9naD7nmLufH0gxUty"},"_chains":{"Bc6gJOaseH+2EnaE+A9kw/QJeut0wFkgfNGlkJEnhgcm":{"chainKey":{"counter":-1,"key":"RE/f9AiKsfWoMLRuFdos8DmpwCW2wK4Q2PUrIbN9RO8="},"chainType":1,"messageKeys":{}}},"pendingPreKey":{"signedKeyId":2,"baseKey":"BZElrjCUzyidU0wM7huLxULICdAxRo1Z06qPGZWBdTsC","preKeyId":12334818}},"Be+Hum7JmRN+VHHbRBQtKnO3fvHuZtgpXg7e/BqUJYgz":{"registrationId":1542783746,"currentRatchet":{"ephemeralKeyPair":{"pubKey":"BZddC9ehj/v/gCvDBDEj5Kre1EQnXvdaVo8mAPH+9jFq","privKey":"uIP2TUrFIy050R19t4u+rw4R0QZJ5lAk5Sgt2YN7V1g="},"lastRemoteEphemeralKey":"BVkp6zvzxbtqvkqyMoXCIvWQ4vzwY3pfets+Vx9Te9c3","previousCounter":0,"rootKey":"A+1hpQMViIvgJJZ6naMIdi+aVB5amHM4SxVt67wZgeo="},"indexInfo":{"baseKey":"Be+Hum7JmRN+VHHbRBQtKnO3fvHuZtgpXg7e/BqUJYgz","baseKeyType":1,"closed":1731893877265,"used":1731893877027,"created":1731893877027,"remoteIdentityKey":"BZQ6npshDcd237F0Bnmhpijz5Ku9naD7nmLufH0gxUty"},"_chains":{"BZddC9ehj/v/gCvDBDEj5Kre1EQnXvdaVo8mAPH+9jFq":{"chainKey":{"counter":-1,"key":"E3n7Od+9N2OryYFUnn/Je3T/zKybt+qmKH89Cgq7Ni4="},"chainType":1,"messageKeys":{}}},"pendingPreKey":{"signedKeyId":2,"baseKey":"Be+Hum7JmRN+VHHbRBQtKnO3fvHuZtgpXg7e/BqUJYgz","preKeyId":12334386}},"BRY6ilWTyZkyqm7OXIFSRL560ZkeRzxkVxdSoJFXeRl4":{"registrationId":1542783746,"currentRatchet":{"ephemeralKeyPair":{"pubKey":"BdF0WuC7tdCT8wx8dcTAtuGXqcVMC4k+dnYJyQ4QZrRW","privKey":"0Ivgq1pZH5rxM6vprsIjLQDNfnZG53lQbC2oN5c1uX8="},"lastRemoteEphemeralKey":"BVkp6zvzxbtqvkqyMoXCIvWQ4vzwY3pfets+Vx9Te9c3","previousCounter":0,"rootKey":"8VQEyhsw47LP9WjZuCLo/5sE+3NqJMTstmyHMv9WrXA="},"indexInfo":{"baseKey":"BRY6ilWTyZkyqm7OXIFSRL560ZkeRzxkVxdSoJFXeRl4","baseKeyType":1,"closed":1731893877507,"used":1731893877262,"created":1731893877262,"remoteIdentityKey":"BZQ6npshDcd237F0Bnmhpijz5Ku9naD7nmLufH0gxUty"},"_chains":{"BdF0WuC7tdCT8wx8dcTAtuGXqcVMC4k+dnYJyQ4QZrRW":{"chainKey":{"counter":-1,"key":"4pBPpH294ujSkuEdWX8vLY4Rg+ngpTf1bzF34tdIFXg="},"chainType":1,"messageKeys":{}}},"pendingPreKey":{"signedKeyId":2,"baseKey":"BRY6ilWTyZkyqm7OXIFSRL560ZkeRzxkVxdSoJFXeRl4","preKeyId":12334297}},"BXG+DlH7lv0lr4EkjOWnLyXXJ2tUW5feFnZibeXDhstW":{"registrationId":1542783746,"currentRatchet":{"ephemeralKeyPair":{"pubKey":"BUvgjfzzfiEjG2hwiMSWGqP+MRoAqBeakE5fLEpzwM5I","privKey":"OMDFhpneVCcXs05MVt7omYxcI3Icg4HZgb+vBMooIGg="},"lastRemoteEphemeralKey":"BVkp6zvzxbtqvkqyMoXCIvWQ4vzwY3pfets+Vx9Te9c3","previousCounter":0,"rootKey":"Y5PQrYEcrbaPAxOMbYsWFM+/F3D2ZKgUUbqT7FChO5k="},"indexInfo":{"baseKey":"BXG+DlH7lv0lr4EkjOWnLyXXJ2tUW5feFnZibeXDhstW","baseKeyType":1,"closed":1731893877745,"used":1731893877504,"created":1731893877504,"remoteIdentityKey":"BZQ6npshDcd237F0Bnmhpijz5Ku9naD7nmLufH0gxUty"},"_chains":{"BUvgjfzzfiEjG2hwiMSWGqP+MRoAqBeakE5fLEpzwM5I":{"chainKey":{"counter":-1,"key":"quo9HKFLWNp6LGVCFC9Z2UjnYr7fRxVk7ztzHpwUDXM="},"chainType":1,"messageKeys":{}}},"pendingPreKey":{"signedKeyId":2,"baseKey":"BXG+DlH7lv0lr4EkjOWnLyXXJ2tUW5feFnZibeXDhstW","preKeyId":12334870}},"BVdWl9U/YZPNDoQPgli3xDBnPpN9sXRNJ0mOMTOcFnVR":{"registrationId":1542783746,"currentRatchet":{"ephemeralKeyPair":{"pubKey":"BbKHuVtOW+MFVuEC0RAv35qcwzmJxeXpWu8KvCSpZBco","privKey":"KKXCTCbubrvwLKnzMX6BAKNFqY5k2lHvU3CkpN8eu1o="},"lastRemoteEphemeralKey":"BVkp6zvzxbtqvkqyMoXCIvWQ4vzwY3pfets+Vx9Te9c3","previousCounter":0,"rootKey":"EbOx5+Y3rt45R8If7VA0/rT0m/fOiBSgnmn2qTZqSQ8="},"indexInfo":{"baseKey":"BVdWl9U/YZPNDoQPgli3xDBnPpN9sXRNJ0mOMTOcFnVR","baseKeyType":1,"closed":1731893877984,"used":1731893877739,"created":1731893877739,"remoteIdentityKey":"BZQ6npshDcd237F0Bnmhpijz5Ku9naD7nmLufH0gxUty"},"_chains":{"BbKHuVtOW+MFVuEC0RAv35qcwzmJxeXpWu8KvCSpZBco":{"chainKey":{"counter":-1,"key":"luFdLFKBIGwvKm9b2A5xacclhgun/6BiV+LlMcEE8AM="},"chainType":1,"messageKeys":{}}},"pendingPreKey":{"signedKeyId":2,"baseKey":"BVdWl9U/YZPNDoQPgli3xDBnPpN9sXRNJ0mOMTOcFnVR","preKeyId":12334967}},"BbqP7QOE/wtLOUtk7IjOwm3Be4Vtlt51utzfobHWMbx/":{"registrationId":1542783746,"currentRatchet":{"ephemeralKeyPair":{"pubKey":"BcWmz+Creao4UKk8FxUtPn46dmeyd4utK5TcF2B7d647","privKey":"aFeooz0UVqsJYisYZGI3U2ruWk3dU8rKNk3JackHW3s="},"lastRemoteEphemeralKey":"BVkp6zvzxbtqvkqyMoXCIvWQ4vzwY3pfets+Vx9Te9c3","previousCounter":0,"rootKey":"WOZPb15GedBF/TtnfV0GR3EQ8fqrdVIxSDBCnb5ctt8="},"indexInfo":{"baseKey":"BbqP7QOE/wtLOUtk7IjOwm3Be4Vtlt51utzfobHWMbx/","baseKeyType":1,"closed":1731893878795,"used":1731893877980,"created":1731893877980,"remoteIdentityKey":"BZQ6npshDcd237F0Bnmhpijz5Ku9naD7nmLufH0gxUty"},"_chains":{"BcWmz+Creao4UKk8FxUtPn46dmeyd4utK5TcF2B7d647":{"chainKey":{"counter":-1,"key":"3ES6hCklcnlqjwoaNFeYxJLvkHFhS0UsAgqd5TRngos="},"chainType":1,"messageKeys":{}}},"pendingPreKey":{"signedKeyId":2,"baseKey":"BbqP7QOE/wtLOUtk7IjOwm3Be4Vtlt51utzfobHWMbx/","preKeyId":12334901}},"BWk+HOLyuBDj1F8zVM5omaFwn5lzuEXUkSuXcXNCBPw5":{"registrationId":1542783746,"currentRatchet":{"ephemeralKeyPair":{"pubKey":"BSO5ardN7v2MJwHIx/6VM3EZEzswT1XJIU239nsMggNA","privKey":"4Er7hlO6rviMmFvJPMMT9uJIp1T6Mja49hlN0XsGtFA="},"lastRemoteEphemeralKey":"BVkp6zvzxbtqvkqyMoXCIvWQ4vzwY3pfets+Vx9Te9c3","previousCounter":0,"rootKey":"ix57dbHJJX4LLWYr0/zcHFQUwIebHaGAe5xc/OLyRic="},"indexInfo":{"baseKey":"BWk+HOLyuBDj1F8zVM5omaFwn5lzuEXUkSuXcXNCBPw5","baseKeyType":1,"closed":1731893898528,"used":1731893878791,"created":1731893878791,"remoteIdentityKey":"BZQ6npshDcd237F0Bnmhpijz5Ku9naD7nmLufH0gxUty"},"_chains":{"BSO5ardN7v2MJwHIx/6VM3EZEzswT1XJIU239nsMggNA":{"chainKey":{"counter":-1,"key":"9W8l03w+PUsQfV1ccC/9tZFalOK2Zad1dBi+Gj3R7p4="},"chainType":1,"messageKeys":{}}},"pendingPreKey":{"signedKeyId":2,"baseKey":"BWk+HOLyuBDj1F8zVM5omaFwn5lzuEXUkSuXcXNCBPw5","preKeyId":12334830}},"BToaAwH8P2iM72s1RYnazs3TQfKYztr8x5r462R2jaci":{"registrationId":1542783746,"currentRatchet":{"ephemeralKeyPair":{"pubKey":"BZUaaDM1zZBkjKKHg99cqTRVcMYMZSU3wv0hsysOaPQ+","privKey":"wDe9bNScElVQOy3y0G40titnitlO5F0SeXN1e9Pow0I="},"lastRemoteEphemeralKey":"BVkp6zvzxbtqvkqyMoXCIvWQ4vzwY3pfets+Vx9Te9c3","previousCounter":0,"rootKey":"CZW+QdheWF0EE2hYFDMYfi9McF+qhgwPnJTrqklrXP0="},"indexInfo":{"baseKey":"BToaAwH8P2iM72s1RYnazs3TQfKYztr8x5r462R2jaci","baseKeyType":1,"closed":1731893902508,"used":1731893898523,"created":1731893898523,"remoteIdentityKey":"BZQ6npshDcd237F0Bnmhpijz5Ku9naD7nmLufH0gxUty"},"_chains":{"BZUaaDM1zZBkjKKHg99cqTRVcMYMZSU3wv0hsysOaPQ+":{"chainKey":{"counter":-1,"key":"TqqNEc9EhFKlDurz6WPK3QDca6iz7RWMNqblcmEcdoc="},"chainType":1,"messageKeys":{}}},"pendingPreKey":{"signedKeyId":2,"baseKey":"BToaAwH8P2iM72s1RYnazs3TQfKYztr8x5r462R2jaci","preKeyId":12334834}},"BURvmVh6a34SxB7AXGb+xwiNpEtHou8/P9da6e2cfZlK":{"registrationId":1542783746,"currentRatchet":{"ephemeralKeyPair":{"pubKey":"BfCgQHEe6NjdeGbcaNhWjbiAbH7h5d4SIxJPAB8kBV01","privKey":"KECVVefrgACW7CrKcbVkwtm7pWI9+MP/9psRJN84CFY="},"lastRemoteEphemeralKey":"BVkp6zvzxbtqvkqyMoXCIvWQ4vzwY3pfets+Vx9Te9c3","previousCounter":0,"rootKey":"nNVV2Wwrndn11AY5hMSPMs88ewEx+FAB7lOeqSEUMS0="},"indexInfo":{"baseKey":"BURvmVh6a34SxB7AXGb+xwiNpEtHou8/P9da6e2cfZlK","baseKeyType":1,"closed":-1,"used":1731893902504,"created":1731893902504,"remoteIdentityKey":"BZQ6npshDcd237F0Bnmhpijz5Ku9naD7nmLufH0gxUty"},"_chains":{"BfCgQHEe6NjdeGbcaNhWjbiAbH7h5d4SIxJPAB8kBV01":{"chainKey":{"counter":0,"key":"WzFOcy8ryfkM5FlLFeuPsmXayNfbVyhy1q5lW5Sp9HI="},"chainType":1,"messageKeys":{}}},"pendingPreKey":{"signedKeyId":2,"baseKey":"BURvmVh6a34SxB7AXGb+xwiNpEtHou8/P9da6e2cfZlK","preKeyId":12334845}}},"version":"v1"}