{"_sessions":{"BR6KEU0P8saAyindVXXrPTfYU7bTVeqijptBRAHIzUc8":{"registrationId":21,"currentRatchet":{"ephemeralKeyPair":{"pubKey":"BRXKCWjPPB4SOZyqUrsYktutUpzgHAvmOhCEJY2epjxL","privKey":"sK1zmJGVZT6+taSms2aNo4KaLEWauihHTLylE4RswUw="},"lastRemoteEphemeralKey":"BTSwmhZKWx9bNTRbuIpaR8RlryX3ZcnfS7QTZP7i+hJC","previousCounter":1,"rootKey":"1GRItwQGIgzHpKwKhZn8is5G+iBr1Ng250XxLxZzE08="},"indexInfo":{"baseKey":"BR6KEU0P8saAyindVXXrPTfYU7bTVeqijptBRAHIzUc8","baseKeyType":2,"closed":1731853603471,"used":1731776540389,"created":1731770185508,"remoteIdentityKey":"BZerhcV5JTRWMM3jDqUhw2l3bQXdFcQcyuYgGfIM99lx"},"_chains":{"BXeazaUGl4rhBc2D2AVXFOS5a4l2+cozi/dVD5GiSRUv":{"chainKey":{"counter":0},"chainType":2,"messageKeys":{}},"BTSwmhZKWx9bNTRbuIpaR8RlryX3ZcnfS7QTZP7i+hJC":{"chainKey":{"counter":0,"key":"PjWTeu/UfGqpl5Oxn54/QzdSYCgUJk2aOMckO6C/DEE="},"chainType":2,"messageKeys":{}},"BRXKCWjPPB4SOZyqUrsYktutUpzgHAvmOhCEJY2epjxL":{"chainKey":{"counter":-1,"key":"53PwyMY2r2C2brFTndEFJIO+lD/GMxtQUJNCH+QMNH0="},"chainType":1,"messageKeys":{}}}},"Bd6FHKHk6a9bN79qmAZbbmD8G/sOsRO/MbjEIbNI9e5m":{"registrationId":21,"currentRatchet":{"ephemeralKeyPair":{"pubKey":"BcKs3Zk6ypp6dkdrJJhDN89gssl91qfgXjCEzjw/fNgY","privKey":"MH3vHsK64DGneIOQhVd2zQn1CBNm5eMHyng06bT3FEU="},"lastRemoteEphemeralKey":"BYOPzHShDA00XtCEbTH5XMjdJZjPjzpa2v90tFFK+4JQ","previousCounter":0,"rootKey":"f3iFBvPR1jBlGMZ/LOdqCpXZZSlSfxn5CCoNFZpcDRg="},"indexInfo":{"baseKey":"Bd6FHKHk6a9bN79qmAZbbmD8G/sOsRO/MbjEIbNI9e5m","baseKeyType":2,"closed":1731853611052,"used":1731853603478,"created":1731853603478,"remoteIdentityKey":"BZerhcV5JTRWMM3jDqUhw2l3bQXdFcQcyuYgGfIM99lx"},"_chains":{"BYOPzHShDA00XtCEbTH5XMjdJZjPjzpa2v90tFFK+4JQ":{"chainKey":{"counter":4,"key":"VNJKAixqNIELux8M1g5n+LPTHTsEBwgnHGrXay6iz+k="},"chainType":2,"messageKeys":{}},"BcKs3Zk6ypp6dkdrJJhDN89gssl91qfgXjCEzjw/fNgY":{"chainKey":{"counter":-1,"key":"cqCUydVpz/PwbTgJoGiGc4oBARHnJepKog54nYvtmfk="},"chainType":1,"messageKeys":{}}}},"BWeKCk/ipLTCz0BwPGQ1TU+LJTQVLFyD4o6iDz+7zdoD":{"registrationId":21,"currentRatchet":{"ephemeralKeyPair":{"pubKey":"BWEmXVNFYhADWIsSttbyHbGnEohbCSFlZ1jaQYP8S+JW","privKey":"kGm5pbXHCzpx6jNXE9amHnwnUV/3lEzgPO6prQdlzn4="},"lastRemoteEphemeralKey":"Bb8J9CvqFUDBUMp6cHbfr1RxAj1tf7KruGvEFzq7Hkhv","previousCounter":0,"rootKey":"k2qgWSzwaAd2ahj1HfsfxOJk02ayq7Gj3QLycvFRFPI="},"indexInfo":{"baseKey":"BWeKCk/ipLTCz0BwPGQ1TU+LJTQVLFyD4o6iDz+7zdoD","baseKeyType":2,"closed":-1,"used":1731853611065,"created":1731853611065,"remoteIdentityKey":"BZerhcV5JTRWMM3jDqUhw2l3bQXdFcQcyuYgGfIM99lx"},"_chains":{"Bb8J9CvqFUDBUMp6cHbfr1RxAj1tf7KruGvEFzq7Hkhv":{"chainKey":{"counter":3,"key":"qjbAuAlqQeicJWj32xA40f2bupjY14yobBSPgW6+fRY="},"chainType":2,"messageKeys":{}},"BWEmXVNFYhADWIsSttbyHbGnEohbCSFlZ1jaQYP8S+JW":{"chainKey":{"counter":-1,"key":"+BsKhNsL6g2pXpbbD148uiquCHxxedsRPSQi6x1pbM0="},"chainType":1,"messageKeys":{}}}}},"version":"v1"}