{"_sessions":{"BUCgR0PGU1No/CKDTSXLwnxJcvG3Bt6POI2VTj8cRBMW":{"registrationId":1112616470,"currentRatchet":{"ephemeralKeyPair":{"pubKey":"Ba2S89n273fV9KhaZzpiYiAMOFX6bU7RGxYR13IlUqZK","privKey":"GLTRVYB/0ip+9Spxpru2mQkZGQNTJrutgsiBykJlXGg="},"lastRemoteEphemeralKey":"BbjFUjcGqpaVd9IXsQcHLu36GTE8xe+n8WDacA5ja3wl","previousCounter":0,"rootKey":"nuDDVyG89REY9BNPqQT/d60TlwZEayxlzZa7AR9/g0k="},"indexInfo":{"baseKey":"BUCgR0PGU1No/CKDTSXLwnxJcvG3Bt6POI2VTj8cRBMW","baseKeyType":1,"closed":-1,"used":1732024174268,"created":1732024174268,"remoteIdentityKey":"BQJ/JefPIRPAkGmY5LrhQhDr/FaO3NOzN3vDnwnbkoxl"},"_chains":{"Ba2S89n273fV9KhaZzpiYiAMOFX6bU7RGxYR13IlUqZK":{"chainKey":{"counter":0,"key":"6tVuBRxfNnJCBIzLVCpo/uOoCpVjb4enPmc+xN+LsGg="},"chainType":1,"messageKeys":{}}},"pendingPreKey":{"signedKeyId":0,"baseKey":"BUCgR0PGU1No/CKDTSXLwnxJcvG3Bt6POI2VTj8cRBMW","preKeyId":13965670}}},"version":"v1"}