{"_sessions":{"BdkQ5tHg/k5oXZjhh4tf3OeV6VdndF0baLm9T4eAvwA+":{"registrationId":157,"currentRatchet":{"ephemeralKeyPair":{"pubKey":"BT/SIgkyqDGl9qXFK2ymUESf6r905ZFF0MOcUk72KzBz","privKey":"0GJrJqRFqAA8l9XWhvkRG+7QglPWGVg2SQXC0fH06kI="},"lastRemoteEphemeralKey":"BTN+tGBYa30WFrlawnySUY9OEahaBYU6cBHDitlAFslj","previousCounter":0,"rootKey":"4fW64rMrul+/YhPsT+9wXdX1UGuw2IorDtGLxx6sY6E="},"indexInfo":{"baseKey":"BdkQ5tHg/k5oXZjhh4tf3OeV6VdndF0baLm9T4eAvwA+","baseKeyType":1,"closed":-1,"used":1731669227097,"created":1731669227097,"remoteIdentityKey":"BdbbQTguCXGhfZ36sEWiJ/N1863ig22xS5kIA5qcOQ8q"},"_chains":{"BT/SIgkyqDGl9qXFK2ymUESf6r905ZFF0MOcUk72KzBz":{"chainKey":{"counter":12,"key":"cpUwpU47HrakxqM3k57VJAzxi5FkCIkKDkmR/fm4N6k="},"chainType":1,"messageKeys":{}}},"pendingPreKey":{"signedKeyId":1,"baseKey":"BdkQ5tHg/k5oXZjhh4tf3OeV6VdndF0baLm9T4eAvwA+"}}},"version":"v1"}