{"_sessions":{"BXJqEvcDz0vyL9JKKnP4uHJXqze08fXR7FAw9fjVB0Bf":{"registrationId":114,"currentRatchet":{"ephemeralKeyPair":{"pubKey":"BT5JzcPqPbqm0qG3Qe/4PeKCVYFvkb8qe7P4+x/r3r0e","privKey":"uJabdsJNNgRmTd4flKboYNSrqBncMmfnHRsjDBGlX08="},"lastRemoteEphemeralKey":"BdXdzlbiHSLH0U9lwWg+4n+AcqXPTBCQzBh20wwETLFF","previousCounter":0,"rootKey":"SUqIHe2ZXbw2nvfi31hqsomYlusybm+Cf9W+i4U1wBY="},"indexInfo":{"baseKey":"BXJqEvcDz0vyL9JKKnP4uHJXqze08fXR7FAw9fjVB0Bf","baseKeyType":2,"closed":1731704693192,"used":1731704034302,"created":1731704034302,"remoteIdentityKey":"BeeTmMyUsg8J4aqSPLw+oUCLFdjENr9Js/Zw25TRFy0y"},"_chains":{"BdXdzlbiHSLH0U9lwWg+4n+AcqXPTBCQzBh20wwETLFF":{"chainKey":{"counter":1,"key":"yYrzMKdMq+i8QLNrCpXM+i1m3geChY2j5KVLxcxOUwQ="},"chainType":2,"messageKeys":{}},"BT5JzcPqPbqm0qG3Qe/4PeKCVYFvkb8qe7P4+x/r3r0e":{"chainKey":{"counter":-1,"key":"HGQFC5JBOJ9HxHm1YgTFKCAA64xcPE1JIC31RFHG2VY="},"chainType":1,"messageKeys":{}}}},"BTV4tPkV7pWwdQMsacuUX2mmZEkkjemwWv0/HK2u/Ltl":{"registrationId":114,"currentRatchet":{"ephemeralKeyPair":{"pubKey":"BdFWV6m2FoEnyvGlSw7V5W4oK5y/HcBPPmL0Q297RfNs","privKey":"YKSo33NVgyQIzFhF6NKLJ5U1zrXuH0ds39tF8aTuomM="},"lastRemoteEphemeralKey":"BbcGMO42ttieuRTtUpWYHnHkAYrGRgJ/gF8svO4HHedT","previousCounter":0,"rootKey":"CEGzzz5LDGoEzIFpoMxNvz4y+Q+DqSv9hv74JsAg0Ec="},"indexInfo":{"baseKey":"BTV4tPkV7pWwdQMsacuUX2mmZEkkjemwWv0/HK2u/Ltl","baseKeyType":2,"closed":1731718587252,"used":1731704693197,"created":1731704693197,"remoteIdentityKey":"BeeTmMyUsg8J4aqSPLw+oUCLFdjENr9Js/Zw25TRFy0y"},"_chains":{"BbcGMO42ttieuRTtUpWYHnHkAYrGRgJ/gF8svO4HHedT":{"chainKey":{"counter":2,"key":"mDjiltn0838+f3syf9ry1URuS0YJiPT9RtpU9L28qP0="},"chainType":2,"messageKeys":{}},"BdFWV6m2FoEnyvGlSw7V5W4oK5y/HcBPPmL0Q297RfNs":{"chainKey":{"counter":-1,"key":"TjMnP9g4xSNR9H2GJUr7BxNf4TmKKKeFiFZUb0nYZAA="},"chainType":1,"messageKeys":{}}}},"BRM4oWkaw4H3QVSMZlMiOO2wD5f0feAQBa9pyhS4SA4X":{"registrationId":114,"currentRatchet":{"ephemeralKeyPair":{"pubKey":"BTLgWJ8fo5Xt8+/TFeAo1Vv8u1VytTM+Fa3BetbeBTE4","privKey":"WOeaRbO9BluwzP7B5RUWXhCUGZEuZp56PMTLQumOwXw="},"lastRemoteEphemeralKey":"BVqhnpCGDx/0k1fZPCOygQOUqYGz8AXAuf18ihtsKY9/","previousCounter":0,"rootKey":"qFLaq+OYaYRiielx0wJOs50dhmX1l3FZCat+XknJ/C4="},"indexInfo":{"baseKey":"BRM4oWkaw4H3QVSMZlMiOO2wD5f0feAQBa9pyhS4SA4X","baseKeyType":2,"closed":1731771721602,"used":1731718587261,"created":1731718587261,"remoteIdentityKey":"BeeTmMyUsg8J4aqSPLw+oUCLFdjENr9Js/Zw25TRFy0y"},"_chains":{"BVqhnpCGDx/0k1fZPCOygQOUqYGz8AXAuf18ihtsKY9/":{"chainKey":{"counter":3,"key":"gHbPrrnSdiVVZ6dm+m4Z1fNLiyTgtVaDos0Df2ANSJ8="},"chainType":2,"messageKeys":{}},"BTLgWJ8fo5Xt8+/TFeAo1Vv8u1VytTM+Fa3BetbeBTE4":{"chainKey":{"counter":1,"key":"FfuekzIWfqigl3Izp32jB11qFbMwSyJYDb7EMXQ6oDc="},"chainType":1,"messageKeys":{}}}},"BUUFD91MQSLyZ8lR8CedG06OynWnrL6iKhmNKrmkvYIQ":{"registrationId":114,"currentRatchet":{"ephemeralKeyPair":{"pubKey":"BWJlnyrpiZycNPyuIYPssVBSA7oB+bRamJ+pcXYHc1lg","privKey":"4H9MpG7YDQ/lt3DeGbmtnRuKR34nz2+/xWnRlad6dl0="},"lastRemoteEphemeralKey":"BTrwAZJoNtyG58aGwAl84LpW+9mmfTE6YkoSqOSZR+oA","previousCounter":0,"rootKey":"vjvrtLbDNYym9gOFyS37D5Yhdv0Ajm7mVYKpGzV1irY="},"indexInfo":{"baseKey":"BUUFD91MQSLyZ8lR8CedG06OynWnrL6iKhmNKrmkvYIQ","baseKeyType":2,"closed":1731868782549,"used":1731771721609,"created":1731771721609,"remoteIdentityKey":"BeeTmMyUsg8J4aqSPLw+oUCLFdjENr9Js/Zw25TRFy0y"},"_chains":{"BTrwAZJoNtyG58aGwAl84LpW+9mmfTE6YkoSqOSZR+oA":{"chainKey":{"counter":3,"key":"54ZbNDfLVZGBgkSutD+3uVm7z8SUzlEXsMveK2mNLSI="},"chainType":2,"messageKeys":{}},"BWJlnyrpiZycNPyuIYPssVBSA7oB+bRamJ+pcXYHc1lg":{"chainKey":{"counter":-1,"key":"Quu7KHSeJRePDlW3BPxszm0HIcQKbgP1bk+iq4zR0uQ="},"chainType":1,"messageKeys":{}}}},"BR+C0h4WMF9cXv0odlZp0O6SV8FrLwCWDwnIkFNz1TRr":{"registrationId":114,"currentRatchet":{"ephemeralKeyPair":{"pubKey":"BXTtvMDHXBYawBsSN/hjVDkxKrV+B+g+AanOXel0cGxm","privKey":"aOV+AjpZMJj7AS24r2hePXYZM6LrWbIUa6oeQkqZ91U="},"lastRemoteEphemeralKey":"BTKMgXCdcfiiXdbZzjOscm+uyAvAyY+AlmKN0hIWXkAl","previousCounter":0,"rootKey":"YEcV+x8xoA6E/AeR0YbJW2CUmdKkQwXZQUr26CTsQaA="},"indexInfo":{"baseKey":"BR+C0h4WMF9cXv0odlZp0O6SV8FrLwCWDwnIkFNz1TRr","baseKeyType":2,"closed":-1,"used":1731868782554,"created":1731868782554,"remoteIdentityKey":"BeeTmMyUsg8J4aqSPLw+oUCLFdjENr9Js/Zw25TRFy0y"},"_chains":{"BTKMgXCdcfiiXdbZzjOscm+uyAvAyY+AlmKN0hIWXkAl":{"chainKey":{"counter":3,"key":"kZftX98OYMeuDtPloMwg5UWziOsc7cOu6V3Q8sCB5aA="},"chainType":2,"messageKeys":{}},"BXTtvMDHXBYawBsSN/hjVDkxKrV+B+g+AanOXel0cGxm":{"chainKey":{"counter":-1,"key":"s1cG5iRpPwH4DiACxq39wLBjquOyNRFT6DKfGK49E+I="},"chainType":1,"messageKeys":{}}}}},"version":"v1"}