{"_sessions":{"BWIUFrWQ08kjeVwoLPXR3vtNE7FWuLT1z8LKmxZh9ZZJ":{"registrationId":267774078,"currentRatchet":{"ephemeralKeyPair":{"pubKey":"Bce486U+/4AgtyQbf6WdUU1BB3469hR/uMLDGD8A6tBg","privKey":"oPQFrXRWXyUndfUoy/8etZ79lD9JEhPB7P5zMeMGb3g="},"lastRemoteEphemeralKey":"BR+vWe8lgS3zmxxrCLg5iabycSU0/iYsCIXPrYQZFD1p","previousCounter":0,"rootKey":"y6JBSNxlylMdGYdN2YZJQKqJLlokpjBh5SIYMIIis3I="},"indexInfo":{"baseKey":"BWIUFrWQ08kjeVwoLPXR3vtNE7FWuLT1z8LKmxZh9ZZJ","baseKeyType":1,"closed":-1,"used":1731683222844,"created":1731683222844,"remoteIdentityKey":"BV971KhJMAV1wICFFKXX0pLGPRLwLM853rxPu8HUJUl8"},"_chains":{"Bce486U+/4AgtyQbf6WdUU1BB3469hR/uMLDGD8A6tBg":{"chainKey":{"counter":2,"key":"aHm5UMuPD+e+C9NRKUxWTeZ0Xmuz4bDZe3oCApNOtDk="},"chainType":1,"messageKeys":{}}},"pendingPreKey":{"signedKeyId":1,"baseKey":"BWIUFrWQ08kjeVwoLPXR3vtNE7FWuLT1z8LKmxZh9ZZJ","preKeyId":405795}}},"version":"v1"}