{"_sessions":{"BRfe0hYdqJO+5kjI81U9wCZ+7plORagYuABE6zn0TRRO":{"registrationId":93110503,"currentRatchet":{"ephemeralKeyPair":{"pubKey":"BUROvcC0XKAKXfEDQBp1WvyWhvSIPFCMcDv8iMo7ol15","privKey":"eEm3QEXqYEAlaG2kLrv71/cZmH0A+eIwGX2aM5hNZlA="},"lastRemoteEphemeralKey":"BcFw+UKbJzE5RUSDtoX2mkTxAdIG2lzVn1jCk7Gofjtf","previousCounter":0,"rootKey":"ezdbrr+2vnR+t+1uAHNOZk5G5cvdlCf84M4mcT6z7Fs="},"indexInfo":{"baseKey":"BRfe0hYdqJO+5kjI81U9wCZ+7plORagYuABE6zn0TRRO","baseKeyType":1,"closed":1731669275001,"used":1731669260991,"created":1731669260991,"remoteIdentityKey":"BZf0z38ZaPAiCjvp0Pz/N5CxgIMvYr3nHYeu3kpAh8ET"},"_chains":{"BUROvcC0XKAKXfEDQBp1WvyWhvSIPFCMcDv8iMo7ol15":{"chainKey":{"counter":0,"key":"wLBTJCHOG49p/xleZa6v6VF86trimX3uVLcKUT6H3pg="},"chainType":1,"messageKeys":{}}},"pendingPreKey":{"signedKeyId":2,"baseKey":"BRfe0hYdqJO+5kjI81U9wCZ+7plORagYuABE6zn0TRRO","preKeyId":5630842}},"BRwqCrFDFH16iGDBWXNzeuljOfq8qIyv1YXy46ayIrJ5":{"registrationId":93110503,"currentRatchet":{"ephemeralKeyPair":{"pubKey":"BZUZYs9EUgH5oDPd62oX3VIxFNkOUMvoQ0M7n0BqAAML","privKey":"mML7TSnY9K33vQLRB8yS8ZbpFwei2IMSpVC2/XKW/UU="},"lastRemoteEphemeralKey":"BfFRoVSG6lWll3tsxbs9hkLd/mSUGh1SF6hUqxqEvXle","previousCounter":3,"rootKey":"P/gSh2t9ZuZcmPOvD0ruMk2nQVYvr1zqKAwwGrAK56I="},"indexInfo":{"baseKey":"BRwqCrFDFH16iGDBWXNzeuljOfq8qIyv1YXy46ayIrJ5","baseKeyType":1,"closed":-1,"used":1731940629123,"created":1731669274757,"remoteIdentityKey":"BZf0z38ZaPAiCjvp0Pz/N5CxgIMvYr3nHYeu3kpAh8ET"},"_chains":{"BUelPT6+uH7yUrZYGdNVnAxiTR1Ko7R6Vr0LyIDJn8N4":{"chainKey":{"counter":0},"chainType":2,"messageKeys":{}},"BQIBw+gy1VaMy8kWyyK7uGl/8epuPDRKbHMVANNSiAUU":{"chainKey":{"counter":0},"chainType":2,"messageKeys":{}},"Bc3JJC3N4TephYff38Q8x/IYtH9QMZjX77/aRwnM81hh":{"chainKey":{"counter":0},"chainType":2,"messageKeys":{}},"BQ2cdC3xoGUXrDXCYFuViWkfBUdUed/+EbkPdEaXqG1Y":{"chainKey":{"counter":0},"chainType":2,"messageKeys":{}},"BfFRoVSG6lWll3tsxbs9hkLd/mSUGh1SF6hUqxqEvXle":{"chainKey":{"counter":0,"key":"IWmsq6n/IfxpNZDIyfgedDDRYaPgC3v+Mdgx/K8d/gk="},"chainType":2,"messageKeys":{}},"BZUZYs9EUgH5oDPd62oX3VIxFNkOUMvoQ0M7n0BqAAML":{"chainKey":{"counter":3,"key":"ctGyJtPiXJRwmB1XB+2PhgB/TTFYuGMkSVNKphSJ4d8="},"chainType":1,"messageKeys":{}}}}},"version":"v1"}