{"_sessions":{"BRby8OwFczrJKTkgUAm+9QZgnIl8JAV0n6zzg2LGQRtc":{"registrationId":915289440,"currentRatchet":{"ephemeralKeyPair":{"pubKey":"BQsALcxNUpEZLPBE7SKYwlw4zBiG2HLHN8OfP7pFBPU/","privKey":"wGDbrtSdFTIRNjVAwKujJVljh9uVsiX9D+zEt1dmpkk="},"lastRemoteEphemeralKey":"BZiUamNbaAl9gmNaP3IILw+wGc6x6FJK8XSfzU7wJ5cC","previousCounter":0,"rootKey":"IsavWguyQ/lTmqCnSw09yfNb1cEOTLfvhqX16yMrF24="},"indexInfo":{"baseKey":"BRby8OwFczrJKTkgUAm+9QZgnIl8JAV0n6zzg2LGQRtc","baseKeyType":1,"closed":-1,"used":1731707442919,"created":1731707442919,"remoteIdentityKey":"Bc0yTiPyaup3/L7TPpHB2jwGEqXhpNHl+qzfZaWV0R9j"},"_chains":{"BQsALcxNUpEZLPBE7SKYwlw4zBiG2HLHN8OfP7pFBPU/":{"chainKey":{"counter":1,"key":"04Q6Pw/WhwRbIDsYxU+1CVCBm3G8/vNppVSyCHTuRUg="},"chainType":1,"messageKeys":{}}},"pendingPreKey":{"signedKeyId":0,"baseKey":"BRby8OwFczrJKTkgUAm+9QZgnIl8JAV0n6zzg2LGQRtc","preKeyId":11279362}}},"version":"v1"}