{"_sessions":{"BYdEqU0QMlk7x9Ots0MhryjdiAtBzbkEMEYM2jrKZksu":{"registrationId":1199634217,"currentRatchet":{"ephemeralKeyPair":{"pubKey":"BYe09eZJkZU7uD4cSA6TqU2qIXLqVMnoc4OIzALmrTI6","privKey":"CCWF73T3D1LywD0UP/L2m/XiIVyo3PaSTSQWB2m6Mk8="},"lastRemoteEphemeralKey":"Bf/m4E4IwFJnbZFhljOkT33zmmqgAr5t+h497yRl5g8+","previousCounter":0,"rootKey":"asV/5j8dL3Ef5qyAMbKo5Jp3G0ygpbJPhjcugYq7JKM="},"indexInfo":{"baseKey":"BYdEqU0QMlk7x9Ots0MhryjdiAtBzbkEMEYM2jrKZksu","baseKeyType":1,"closed":-1,"used":1731707442822,"created":1731707442822,"remoteIdentityKey":"BVusMUs0Pt0mdUVfE8+hLDrV1dp/RSyYVwToO4F0vIMU"},"_chains":{"BYe09eZJkZU7uD4cSA6TqU2qIXLqVMnoc4OIzALmrTI6":{"chainKey":{"counter":1,"key":"tf42XSi5BEImNwrLE3acVGO1MB7pwn+pGor0ll9Zcb8="},"chainType":1,"messageKeys":{}}},"pendingPreKey":{"signedKeyId":1,"baseKey":"BYdEqU0QMlk7x9Ots0MhryjdiAtBzbkEMEYM2jrKZksu","preKeyId":183}}},"version":"v1"}