{"_sessions":{"BavtDObzcXZVYWVwdAy2P4fRjuR5o/+Aao34ENb/3t4T":{"registrationId":435461248,"currentRatchet":{"ephemeralKeyPair":{"pubKey":"BbgRc8pjRY1zYIznsdWBohBprx0CTZloilUko7X0ewoj","privKey":"8DLwwJq2Qnbu6al/gfUK+nwdVHvO4GZffcMIwTQyG1Y="},"lastRemoteEphemeralKey":"BUm8SDYzyYYNkr1zgd2s1npvP/Uz+rG+xp0LaAIlBAAL","previousCounter":0,"rootKey":"NATRkP5q131IIqwCSSWQvQBChLN2ifFhCuO/SwRHu7Q="},"indexInfo":{"baseKey":"BavtDObzcXZVYWVwdAy2P4fRjuR5o/+Aao34ENb/3t4T","baseKeyType":1,"closed":1731770226574,"used":1731770223509,"created":1731770223509,"remoteIdentityKey":"BWebQUEXnOWtkKfCqyziEhfDQCdSnO/bNKRrRglR3ncc"},"_chains":{"BbgRc8pjRY1zYIznsdWBohBprx0CTZloilUko7X0ewoj":{"chainKey":{"counter":0,"key":"UdgQOWzeXBfJX5jDfxgi+YGQueN0fQS7p3VASuzk8lc="},"chainType":1,"messageKeys":{}}},"pendingPreKey":{"signedKeyId":3,"baseKey":"BavtDObzcXZVYWVwdAy2P4fRjuR5o/+Aao34ENb/3t4T","preKeyId":4493892}},"BUjRrxzs0bsFlbtvDVrdH6+HFYMsTtM4ybdjQk/4M/YI":{"registrationId":435461248,"currentRatchet":{"ephemeralKeyPair":{"pubKey":"BcAo/mW/VdoCYBgguofU/E9JverOhhYPfKC7i+XlZGMf","privKey":"CLA0/oeTb0M3EGo5SSr5UxY8XxIj7V0lASn4FblL5WA="},"lastRemoteEphemeralKey":"BUm8SDYzyYYNkr1zgd2s1npvP/Uz+rG+xp0LaAIlBAAL","previousCounter":0,"rootKey":"bvtR2ucfuYKR6zMI3UM9rqvXScvPF+y+qtn7QOh3bNo="},"indexInfo":{"baseKey":"BUjRrxzs0bsFlbtvDVrdH6+HFYMsTtM4ybdjQk/4M/YI","baseKeyType":1,"closed":-1,"used":1731770226344,"created":1731770226344,"remoteIdentityKey":"BWebQUEXnOWtkKfCqyziEhfDQCdSnO/bNKRrRglR3ncc"},"_chains":{"BcAo/mW/VdoCYBgguofU/E9JverOhhYPfKC7i+XlZGMf":{"chainKey":{"counter":0,"key":"ug++PVvt4+qqWjWc+h2Tcg0xHPVLX5nmRR0P38ZBAoA="},"chainType":1,"messageKeys":{}}},"pendingPreKey":{"signedKeyId":3,"baseKey":"BUjRrxzs0bsFlbtvDVrdH6+HFYMsTtM4ybdjQk/4M/YI","preKeyId":4494355}}},"version":"v1"}