{"_sessions":{"BTfv6qvw2kkP2XsEqQBNTwrXkuEFxgznIBY/cChSPWZ2":{"registrationId":1083954951,"currentRatchet":{"ephemeralKeyPair":{"pubKey":"BbvRoUTmwcUm0PhDIaZSu2Za6G7nMRaAXbKC6PYEUp15","privKey":"gEEi2XK3yw5cU+WMtVWhPgu5Si4HYE7JHDvGGyeMp3w="},"lastRemoteEphemeralKey":"BZ7W8e4lMZr+f24MxDqvWBm/vjHXVxOsBLLNyhSeEJNW","previousCounter":0,"rootKey":"jC7JEUZJaPtHvFx/bSTbrDqwH894OtkWfpYU7NDGjYE="},"indexInfo":{"baseKey":"BTfv6qvw2kkP2XsEqQBNTwrXkuEFxgznIBY/cChSPWZ2","baseKeyType":1,"closed":-1,"used":1731675016756,"created":1731675016756,"remoteIdentityKey":"BeE6dSYMvRqhLW7Bv1UE4dAoMKDN79qxpLfJWqLIdSsu"},"_chains":{"BbvRoUTmwcUm0PhDIaZSu2Za6G7nMRaAXbKC6PYEUp15":{"chainKey":{"counter":0,"key":"ESPUy9Fwz6OpX2R//ANd9Yd/gDVoBEkJ2SQg8u2nr8I="},"chainType":1,"messageKeys":{}}},"pendingPreKey":{"signedKeyId":11,"baseKey":"BTfv6qvw2kkP2XsEqQBNTwrXkuEFxgznIBY/cChSPWZ2","preKeyId":11420110}}},"version":"v1"}