{"_sessions":{"BXiWauQ78c3S1oBXjqOBXcLzJ60jU7h6AwhAqKgokdRk":{"registrationId":2096533894,"currentRatchet":{"ephemeralKeyPair":{"pubKey":"BVxlZwvezjrisD4LN5oG+GEVl+BrOrcw5flKC8uLXjMq","privKey":"2Os1gFnk3P8IKesYWa4qxbzuMGF4HxGNL+sPeX+cI0Y="},"lastRemoteEphemeralKey":"BR/LA17/LtXnVqzVWChedqkTQm6UuWj90h92ghPggaAC","previousCounter":0,"rootKey":"dx/ZLmAmBtD8TtWguec77uxsPfquagB//yWoAPyTOjU="},"indexInfo":{"baseKey":"BXiWauQ78c3S1oBXjqOBXcLzJ60jU7h6AwhAqKgokdRk","baseKeyType":1,"closed":1731669274896,"used":1731669259428,"created":1731669259428,"remoteIdentityKey":"BXiXTswsC9gtChwnRH/n9gQbhciBAlEhvff55rqfUg1J"},"_chains":{"BVxlZwvezjrisD4LN5oG+GEVl+BrOrcw5flKC8uLXjMq":{"chainKey":{"counter":0,"key":"xvJEsPV4DKZGXGj59D6kiOAbxjmUG40xDyJpJRZ0e0E="},"chainType":1,"messageKeys":{}}},"pendingPreKey":{"signedKeyId":2,"baseKey":"BXiWauQ78c3S1oBXjqOBXcLzJ60jU7h6AwhAqKgokdRk","preKeyId":8052819}},"BYe0vMYwrLEr5NUBXUMvKNdSOiyWqDd64wF0FyX/JKAB":{"registrationId":2096533894,"currentRatchet":{"ephemeralKeyPair":{"pubKey":"BZfcXpzQH8lbz66orzIdEjRrrhjaORMjZarheiVvq19z","privKey":"6MeDYDWai9Yjfr8Wl6nMe4nTAKrzJ0I2Wp0x8LZcFU0="},"lastRemoteEphemeralKey":"BTHOj+Gh4NaN3y9QAbfbAp8/MhKmpkO1QlrekkN0KYEd","previousCounter":14,"rootKey":"h7Rn5pOt0Ho2gExzrMQ5xnf7bKvY69N0W1jTVp72TxQ="},"indexInfo":{"baseKey":"BYe0vMYwrLEr5NUBXUMvKNdSOiyWqDd64wF0FyX/JKAB","baseKeyType":1,"closed":-1,"used":1731924068056,"created":1731669273313,"remoteIdentityKey":"BXiXTswsC9gtChwnRH/n9gQbhciBAlEhvff55rqfUg1J"},"_chains":{"BT5Wvp+8e8wp1niJtKxN2M6qQ4stHzUO3VmMLCAzPcMO":{"chainKey":{"counter":1},"chainType":2,"messageKeys":{"0":"g2HtF393h44V/3wtBQ1KXK4NAMCQJbkGzDu1tTNcrsI="}},"BTHOj+Gh4NaN3y9QAbfbAp8/MhKmpkO1QlrekkN0KYEd":{"chainKey":{"counter":0,"key":"CQgJ6Dq3d1t/9zmtx7lBnSy7U3cSLTiqkOAx0YkzyCQ="},"chainType":2,"messageKeys":{}},"BZfcXpzQH8lbz66orzIdEjRrrhjaORMjZarheiVvq19z":{"chainKey":{"counter":8,"key":"2d6QN1VygWJ7fKx5RUxOmqKRSQUf0/LCL26YGzlZn4g="},"chainType":1,"messageKeys":{}}}}},"version":"v1"}