{"_sessions":{"BTBvYOmAYKL4UKJsH6n4JEcS6REEkf5OGO66CKS1GcUk":{"registrationId":149471147,"currentRatchet":{"ephemeralKeyPair":{"pubKey":"BT4WaY3RrGQwy33IhoayJF5IOdvlPV2x79m7p2KlQ3lz","privKey":"6KTyYZNq8rA96vhw//GkamiEnAW/6V/sE66kQcHFh1g="},"lastRemoteEphemeralKey":"BXZp9Hmna66IGcDGttd0jClrB2QU7ihPxOimEWw8qRRM","previousCounter":0,"rootKey":"miEmMHSvNV5a4pcGdcq+6VnpGjPApU4PZ130ShdJmcQ="},"indexInfo":{"baseKey":"BTBvYOmAYKL4UKJsH6n4JEcS6REEkf5OGO66CKS1GcUk","baseKeyType":1,"closed":1731856992023,"used":1731856991731,"created":1731856991731,"remoteIdentityKey":"BScfG8a4S8x1yrq9oh1S6bHqTuF+StGTy/Law6RMV0kI"},"_chains":{"BT4WaY3RrGQwy33IhoayJF5IOdvlPV2x79m7p2KlQ3lz":{"chainKey":{"counter":-1,"key":"x1OuzrP8/D+J1uz/VzpUmh5hwRm7MnSkZX5wR967dTQ="},"chainType":1,"messageKeys":{}}},"pendingPreKey":{"signedKeyId":0,"baseKey":"BTBvYOmAYKL4UKJsH6n4JEcS6REEkf5OGO66CKS1GcUk","preKeyId":7365418}},"BdAC0SDvd+62MZo0OVcFyTuKs8qaoUUgGgLByjTUWbt3":{"registrationId":149471147,"currentRatchet":{"ephemeralKeyPair":{"pubKey":"BWfaFVxBfEcoTt/aMrA/6mfZNQwmyw5ry6AF+hW9gyFJ","privKey":"gLDQHS+XNu3o55MgFF7Zqb3xaA7IEm0iyJcUZbPRDEk="},"lastRemoteEphemeralKey":"BXZp9Hmna66IGcDGttd0jClrB2QU7ihPxOimEWw8qRRM","previousCounter":0,"rootKey":"5Yq96Fc4+DXo2g3gUxivnAIZMUcval5yILGPkJ0K6Dg="},"indexInfo":{"baseKey":"BdAC0SDvd+62MZo0OVcFyTuKs8qaoUUgGgLByjTUWbt3","baseKeyType":1,"closed":1731856992317,"used":1731856992018,"created":1731856992018,"remoteIdentityKey":"BScfG8a4S8x1yrq9oh1S6bHqTuF+StGTy/Law6RMV0kI"},"_chains":{"BWfaFVxBfEcoTt/aMrA/6mfZNQwmyw5ry6AF+hW9gyFJ":{"chainKey":{"counter":-1,"key":"W2jE7KIfCSmVsLMJ3J1uaZq35b775CETm7qcKQtn0To="},"chainType":1,"messageKeys":{}}},"pendingPreKey":{"signedKeyId":0,"baseKey":"BdAC0SDvd+62MZo0OVcFyTuKs8qaoUUgGgLByjTUWbt3","preKeyId":7365127}},"BfYo36TcRiKrcwau8wH844hFSio8iFQjBtVLBtLWGcxp":{"registrationId":149471147,"currentRatchet":{"ephemeralKeyPair":{"pubKey":"BYY7MunhRJeYY36vREuwL1fG0vAxSJkVIAG8dSYKPMVN","privKey":"eEFSYcpL/Rp24ShsLvrJApGepwGEd8WVTX8CVFNaXW4="},"lastRemoteEphemeralKey":"BXZp9Hmna66IGcDGttd0jClrB2QU7ihPxOimEWw8qRRM","previousCounter":0,"rootKey":"sM6sKI4kPEPgWqcFC/YFkJNugpOS7KakNm6uQUM95kc="},"indexInfo":{"baseKey":"BfYo36TcRiKrcwau8wH844hFSio8iFQjBtVLBtLWGcxp","baseKeyType":1,"closed":1731856992594,"used":1731856992312,"created":1731856992312,"remoteIdentityKey":"BScfG8a4S8x1yrq9oh1S6bHqTuF+StGTy/Law6RMV0kI"},"_chains":{"BYY7MunhRJeYY36vREuwL1fG0vAxSJkVIAG8dSYKPMVN":{"chainKey":{"counter":-1,"key":"M16YbMb7zoWk/kdMVTPt0J/kTcVsbQbLphQhWNdO64g="},"chainType":1,"messageKeys":{}}},"pendingPreKey":{"signedKeyId":0,"baseKey":"BfYo36TcRiKrcwau8wH844hFSio8iFQjBtVLBtLWGcxp","preKeyId":7365169}},"BbeL5N+/Rko0fnLdYrTId21NMdSOFvMNFQesxvweviRY":{"registrationId":149471147,"currentRatchet":{"ephemeralKeyPair":{"pubKey":"BYnIgvUKgSLG4YJxuZcdjBQp21pSS3VlInQTdiLAYJQM","privKey":"aIXluVHa5aX3r3vX1NcNHWHQubETdV9dFFnWNZ8RMl0="},"lastRemoteEphemeralKey":"BXZp9Hmna66IGcDGttd0jClrB2QU7ihPxOimEWw8qRRM","previousCounter":0,"rootKey":"EGaZgvJZTIgAkewtMfq3P2jxbBUGd1Wwe6zMKkebYcU="},"indexInfo":{"baseKey":"BbeL5N+/Rko0fnLdYrTId21NMdSOFvMNFQesxvweviRY","baseKeyType":1,"closed":1731856992888,"used":1731856992587,"created":1731856992587,"remoteIdentityKey":"BScfG8a4S8x1yrq9oh1S6bHqTuF+StGTy/Law6RMV0kI"},"_chains":{"BYnIgvUKgSLG4YJxuZcdjBQp21pSS3VlInQTdiLAYJQM":{"chainKey":{"counter":-1,"key":"CADVYSYflZbP2hSRGFipiwC623GNI7ntPjb6xvE48WI="},"chainType":1,"messageKeys":{}}},"pendingPreKey":{"signedKeyId":0,"baseKey":"BbeL5N+/Rko0fnLdYrTId21NMdSOFvMNFQesxvweviRY","preKeyId":7365598}},"BbLe6Wn6jD96aPYXRGke5s7yC/XdlPFWVQGOc6Umh9lA":{"registrationId":149471147,"currentRatchet":{"ephemeralKeyPair":{"pubKey":"BVmZeDiViNKqFhcxDc4/7Nz1YACjY+3ZcO7nje8KysR7","privKey":"wJ2nyXzcavLJWOnaC3YJ+P4AhvvWNXMdKchh5f/x/1M="},"lastRemoteEphemeralKey":"BXZp9Hmna66IGcDGttd0jClrB2QU7ihPxOimEWw8qRRM","previousCounter":0,"rootKey":"2vKIKg4XRBpFNWJ7xRURcjZE7yg93epWWsZHdWljfrM="},"indexInfo":{"baseKey":"BbLe6Wn6jD96aPYXRGke5s7yC/XdlPFWVQGOc6Umh9lA","baseKeyType":1,"closed":1731856993156,"used":1731856992883,"created":1731856992883,"remoteIdentityKey":"BScfG8a4S8x1yrq9oh1S6bHqTuF+StGTy/Law6RMV0kI"},"_chains":{"BVmZeDiViNKqFhcxDc4/7Nz1YACjY+3ZcO7nje8KysR7":{"chainKey":{"counter":-1,"key":"j30xs6ebOL7gzO4DNY2uW/pyTGW3Ua+3NG07rWikakA="},"chainType":1,"messageKeys":{}}},"pendingPreKey":{"signedKeyId":0,"baseKey":"BbLe6Wn6jD96aPYXRGke5s7yC/XdlPFWVQGOc6Umh9lA","preKeyId":7365576}},"BTHs7krECNQEajCf5td2Czc9TYNejlPPqxDAHgHG0j9g":{"registrationId":149471147,"currentRatchet":{"ephemeralKeyPair":{"pubKey":"BWP5aAFBkg2g83wroLfMF6OoAyAy87rBla5Eoq7Nipg/","privKey":"aJfoX3iT4nCZhEmM9IcoOBccBUPOdJkF8ZWsAxMU2HE="},"lastRemoteEphemeralKey":"BXZp9Hmna66IGcDGttd0jClrB2QU7ihPxOimEWw8qRRM","previousCounter":0,"rootKey":"Si24uIKBsTVf835zFSzMi0bN54LoNQDEjAvIUEWNqvk="},"indexInfo":{"baseKey":"BTHs7krECNQEajCf5td2Czc9TYNejlPPqxDAHgHG0j9g","baseKeyType":1,"closed":1731856993443,"used":1731856993151,"created":1731856993151,"remoteIdentityKey":"BScfG8a4S8x1yrq9oh1S6bHqTuF+StGTy/Law6RMV0kI"},"_chains":{"BWP5aAFBkg2g83wroLfMF6OoAyAy87rBla5Eoq7Nipg/":{"chainKey":{"counter":-1,"key":"/plXoR7b7koAmQ+JNS3kAh5wj0oG6skM/0Y2ozRvqNA="},"chainType":1,"messageKeys":{}}},"pendingPreKey":{"signedKeyId":0,"baseKey":"BTHs7krECNQEajCf5td2Czc9TYNejlPPqxDAHgHG0j9g","preKeyId":7365200}},"BcQpxTjgN8bMwYDSqWrSktxbzPc/EzFXnJbUFVDUyMRt":{"registrationId":149471147,"currentRatchet":{"ephemeralKeyPair":{"pubKey":"BYnUWVXbTWHkXDchHxzK7UEBHo2vaV9+JDYfTdZiLggi","privKey":"gPsqn8QohxCq1c8+88qlsmhLqHm4HQiTQjaLjoqRu20="},"lastRemoteEphemeralKey":"BXZp9Hmna66IGcDGttd0jClrB2QU7ihPxOimEWw8qRRM","previousCounter":0,"rootKey":"FDjMah6xLcM78YLubFUHB7GsAgllZ6gX6WG9GZDsYfc="},"indexInfo":{"baseKey":"BcQpxTjgN8bMwYDSqWrSktxbzPc/EzFXnJbUFVDUyMRt","baseKeyType":1,"closed":1731856993708,"used":1731856993437,"created":1731856993437,"remoteIdentityKey":"BScfG8a4S8x1yrq9oh1S6bHqTuF+StGTy/Law6RMV0kI"},"_chains":{"BYnUWVXbTWHkXDchHxzK7UEBHo2vaV9+JDYfTdZiLggi":{"chainKey":{"counter":-1,"key":"5s+LcyI/XvT5VZ25WT6MLKe2TUTG9kFzyqCm7b+6Fqo="},"chainType":1,"messageKeys":{}}},"pendingPreKey":{"signedKeyId":0,"baseKey":"BcQpxTjgN8bMwYDSqWrSktxbzPc/EzFXnJbUFVDUyMRt","preKeyId":7365415}},"BWpO+FaqzoCvfRPDZJt3nAOx/ofStdQufhABl22i5Z8t":{"registrationId":149471147,"currentRatchet":{"ephemeralKeyPair":{"pubKey":"BRQvzEUAcz/y2FR6/V1/yYv6qL3Ol+GSlejQPVPi1uAs","privKey":"SOuyv8BXIXQBqWxk7pkdZD/G9SZocwRtKVMMZ80Pq3g="},"lastRemoteEphemeralKey":"BXZp9Hmna66IGcDGttd0jClrB2QU7ihPxOimEWw8qRRM","previousCounter":0,"rootKey":"gezvgTkm3pUxzUa1CVCeWdwz0uf2ywzFLaRROwLGtCM="},"indexInfo":{"baseKey":"BWpO+FaqzoCvfRPDZJt3nAOx/ofStdQufhABl22i5Z8t","baseKeyType":1,"closed":1731856994004,"used":1731856993702,"created":1731856993702,"remoteIdentityKey":"BScfG8a4S8x1yrq9oh1S6bHqTuF+StGTy/Law6RMV0kI"},"_chains":{"BRQvzEUAcz/y2FR6/V1/yYv6qL3Ol+GSlejQPVPi1uAs":{"chainKey":{"counter":-1,"key":"9aVqHiuHIHuNfmhlZN8vqgaZ9FSFtiCvNOzp1RE+MfQ="},"chainType":1,"messageKeys":{}}},"pendingPreKey":{"signedKeyId":0,"baseKey":"BWpO+FaqzoCvfRPDZJt3nAOx/ofStdQufhABl22i5Z8t","preKeyId":7365423}},"BUWgrooa/PPJjzDQe9JdTr+6g3UPXbI14JapDzlSwLlK":{"registrationId":149471147,"currentRatchet":{"ephemeralKeyPair":{"pubKey":"BTwphAU206F+7vnPZcSYQV5BD2dm+4x5N9ocDO2SjTYB","privKey":"0CoQVugk0OyS/h4I/8+4jpDgnFrC7eCNmVQvKVli6Xo="},"lastRemoteEphemeralKey":"BXZp9Hmna66IGcDGttd0jClrB2QU7ihPxOimEWw8qRRM","previousCounter":0,"rootKey":"j+xCGMjxv3c7bFbOPk1ICKnBvFvHlt2E33ng+mUD9Lw="},"indexInfo":{"baseKey":"BUWgrooa/PPJjzDQe9JdTr+6g3UPXbI14JapDzlSwLlK","baseKeyType":1,"closed":1731856994253,"used":1731856993996,"created":1731856993996,"remoteIdentityKey":"BScfG8a4S8x1yrq9oh1S6bHqTuF+StGTy/Law6RMV0kI"},"_chains":{"BTwphAU206F+7vnPZcSYQV5BD2dm+4x5N9ocDO2SjTYB":{"chainKey":{"counter":-1,"key":"5x99G82cnKRspB5eyqJ3U4a6JGkQT2EMCsEUcqV5rN8="},"chainType":1,"messageKeys":{}}},"pendingPreKey":{"signedKeyId":0,"baseKey":"BUWgrooa/PPJjzDQe9JdTr+6g3UPXbI14JapDzlSwLlK","preKeyId":7365421}},"BfzB+HeZj5HhY7RBqjf7y+witzO7vCj7PLmcy/poz/x4":{"registrationId":149471147,"currentRatchet":{"ephemeralKeyPair":{"pubKey":"BXD/7ARJX8paoH1/OoIKhxjTPJKW2Gmr75Wkaa7UTgR8","privKey":"2PjHoxdev0n0F7uZQFXsCgHUqOyV7LOvjw5782Zfc3M="},"lastRemoteEphemeralKey":"BXZp9Hmna66IGcDGttd0jClrB2QU7ihPxOimEWw8qRRM","previousCounter":0,"rootKey":"DCuQjjD58th7IvTX7gcltzix62+VZy9PBy45djslZ7c="},"indexInfo":{"baseKey":"BfzB+HeZj5HhY7RBqjf7y+witzO7vCj7PLmcy/poz/x4","baseKeyType":1,"closed":1731856994506,"used":1731856994249,"created":1731856994249,"remoteIdentityKey":"BScfG8a4S8x1yrq9oh1S6bHqTuF+StGTy/Law6RMV0kI"},"_chains":{"BXD/7ARJX8paoH1/OoIKhxjTPJKW2Gmr75Wkaa7UTgR8":{"chainKey":{"counter":-1,"key":"/bUSXM4bfCcoO4pM9l0KfZkrYnku02S98FOFbSney6M="},"chainType":1,"messageKeys":{}}},"pendingPreKey":{"signedKeyId":0,"baseKey":"BfzB+HeZj5HhY7RBqjf7y+witzO7vCj7PLmcy/poz/x4","preKeyId":7365046}},"BUfXp8E3e4VUo3MbBAjTZeCDQjucTrbqmYQ87YUnIQod":{"registrationId":149471147,"currentRatchet":{"ephemeralKeyPair":{"pubKey":"BZ4/OLaqsaB7qFlHAU/TuTZ7mYEeQsq/jvoJ0mCQAi5c","privKey":"ePptCH12m0wUnBb/HFdnP8xRsJLx5anWyxQWteV9qlg="},"lastRemoteEphemeralKey":"BXZp9Hmna66IGcDGttd0jClrB2QU7ihPxOimEWw8qRRM","previousCounter":0,"rootKey":"oDSC0MDVHcBPIPuQlN7gtbkKmd/JQCEdzHaN+PvlUZo="},"indexInfo":{"baseKey":"BUfXp8E3e4VUo3MbBAjTZeCDQjucTrbqmYQ87YUnIQod","baseKeyType":1,"closed":1731856994772,"used":1731856994502,"created":1731856994502,"remoteIdentityKey":"BScfG8a4S8x1yrq9oh1S6bHqTuF+StGTy/Law6RMV0kI"},"_chains":{"BZ4/OLaqsaB7qFlHAU/TuTZ7mYEeQsq/jvoJ0mCQAi5c":{"chainKey":{"counter":-1,"key":"WuJ1rZbe+jlCdS3Y36qGd16qu+0OzlULzd2rt2l29UY="},"chainType":1,"messageKeys":{}}},"pendingPreKey":{"signedKeyId":0,"baseKey":"BUfXp8E3e4VUo3MbBAjTZeCDQjucTrbqmYQ87YUnIQod","preKeyId":7365220}},"BdNDA3kozim/yZE2/+HfhO48aZJ9DePegdWUuLuwFgQ+":{"registrationId":149471147,"currentRatchet":{"ephemeralKeyPair":{"pubKey":"BWnvQc2JgNB50FMELNIWmIym0SeP/Q14XnQeMdSWgsRC","privKey":"0Dg4sNZuxQ5gwNNEVMnGdApUaUxsDEJJ7uuydAGFsV8="},"lastRemoteEphemeralKey":"BXZp9Hmna66IGcDGttd0jClrB2QU7ihPxOimEWw8qRRM","previousCounter":0,"rootKey":"elYH3FHsqgTkdlU920mcpPzuFWebi0tWyt2BkUUtSuo="},"indexInfo":{"baseKey":"BdNDA3kozim/yZE2/+HfhO48aZJ9DePegdWUuLuwFgQ+","baseKeyType":1,"closed":1731856995044,"used":1731856994765,"created":1731856994765,"remoteIdentityKey":"BScfG8a4S8x1yrq9oh1S6bHqTuF+StGTy/Law6RMV0kI"},"_chains":{"BWnvQc2JgNB50FMELNIWmIym0SeP/Q14XnQeMdSWgsRC":{"chainKey":{"counter":-1,"key":"6+2BDt8nPF+AEAWMiZG2J1ULaGvEhCDBpwTy1cpR1Yc="},"chainType":1,"messageKeys":{}}},"pendingPreKey":{"signedKeyId":0,"baseKey":"BdNDA3kozim/yZE2/+HfhO48aZJ9DePegdWUuLuwFgQ+","preKeyId":7365201}},"BZikesojxSB+u316lzCqT0CW9aTFz52uPA57w5uzl34p":{"registrationId":149471147,"currentRatchet":{"ephemeralKeyPair":{"pubKey":"BWY9hXA+RzNxtUsmhqyrUsceoSxQI2K7Jn/a+I8fpTRb","privKey":"UOVQboV1HTZ7LKcm8ev4p6N8ymD61y5GMRHk849IQEg="},"lastRemoteEphemeralKey":"BXZp9Hmna66IGcDGttd0jClrB2QU7ihPxOimEWw8qRRM","previousCounter":0,"rootKey":"vxs/fvkcPxW5W5w3rKMHxhPB8HdGLgqae+RIyceFUQA="},"indexInfo":{"baseKey":"BZikesojxSB+u316lzCqT0CW9aTFz52uPA57w5uzl34p","baseKeyType":1,"closed":1731856995294,"used":1731856995038,"created":1731856995038,"remoteIdentityKey":"BScfG8a4S8x1yrq9oh1S6bHqTuF+StGTy/Law6RMV0kI"},"_chains":{"BWY9hXA+RzNxtUsmhqyrUsceoSxQI2K7Jn/a+I8fpTRb":{"chainKey":{"counter":-1,"key":"ANyOOsigNErVewHssQzkRflNvnwrXR8vo53KACflmJ8="},"chainType":1,"messageKeys":{}}},"pendingPreKey":{"signedKeyId":0,"baseKey":"BZikesojxSB+u316lzCqT0CW9aTFz52uPA57w5uzl34p","preKeyId":7365448}},"BVZ5/cTMt8Nr9DJw37HYWkMpnLeUutWARZPn1bVsF/EU":{"registrationId":149471147,"currentRatchet":{"ephemeralKeyPair":{"pubKey":"BZ8QJ6CBhQqoNvDeVaBq/qL9Ff+MLV0BHuOdP6m+ZexJ","privKey":"sCp440O+mLU5JFTLHK/UtIz/AVySx8Sl/g+4NqOvQFY="},"lastRemoteEphemeralKey":"BXZp9Hmna66IGcDGttd0jClrB2QU7ihPxOimEWw8qRRM","previousCounter":0,"rootKey":"26xIeOM+SwPkhh69nIdFMKpnK3rx8JxKrKoMSblPbZc="},"indexInfo":{"baseKey":"BVZ5/cTMt8Nr9DJw37HYWkMpnLeUutWARZPn1bVsF/EU","baseKeyType":1,"closed":1731856995543,"used":1731856995291,"created":1731856995291,"remoteIdentityKey":"BScfG8a4S8x1yrq9oh1S6bHqTuF+StGTy/Law6RMV0kI"},"_chains":{"BZ8QJ6CBhQqoNvDeVaBq/qL9Ff+MLV0BHuOdP6m+ZexJ":{"chainKey":{"counter":-1,"key":"+Pc0iDn+RIIACC/TONo7CRnqaWq17bKnHSZ5Kf3CF7w="},"chainType":1,"messageKeys":{}}},"pendingPreKey":{"signedKeyId":0,"baseKey":"BVZ5/cTMt8Nr9DJw37HYWkMpnLeUutWARZPn1bVsF/EU","preKeyId":7365202}},"Bek159QIz1eg4KPY6ETTAoRZOCm3k4R3DwirVhFDFLF/":{"registrationId":149471147,"currentRatchet":{"ephemeralKeyPair":{"pubKey":"BWjjpn/SN+HDqu+0HS7lj5vxuhD0bbANME7Fthvw5x1h","privKey":"cEfs4IBOJPjPR13XqpG19bd2IowOLVyjzWEOYN8i2XQ="},"lastRemoteEphemeralKey":"BXZp9Hmna66IGcDGttd0jClrB2QU7ihPxOimEWw8qRRM","previousCounter":0,"rootKey":"phH8ZcmJsQTLZXccd4PG9uxX4OFJX1j5BjPzQeBTol0="},"indexInfo":{"baseKey":"Bek159QIz1eg4KPY6ETTAoRZOCm3k4R3DwirVhFDFLF/","baseKeyType":1,"closed":1731856995807,"used":1731856995540,"created":1731856995540,"remoteIdentityKey":"BScfG8a4S8x1yrq9oh1S6bHqTuF+StGTy/Law6RMV0kI"},"_chains":{"BWjjpn/SN+HDqu+0HS7lj5vxuhD0bbANME7Fthvw5x1h":{"chainKey":{"counter":-1,"key":"NJgB58/1hQPCHC5eTXatl4dZQq1y1gMx/ORYDpDOnuU="},"chainType":1,"messageKeys":{}}},"pendingPreKey":{"signedKeyId":0,"baseKey":"Bek159QIz1eg4KPY6ETTAoRZOCm3k4R3DwirVhFDFLF/","preKeyId":7365397}},"BRreUtWkCSXM8zgz8d8kv8fUeqlMn0t0xoKRNaJkTqYD":{"registrationId":149471147,"currentRatchet":{"ephemeralKeyPair":{"pubKey":"BTNs9qZ6rEjbS/enVzzsLgClb/PX6Ve9xWzd9XbzExI/","privKey":"GAgkpCyFVRCF0TRYKNLnzk0M2BP2qgZ0cVU/IVcyPFI="},"lastRemoteEphemeralKey":"BXZp9Hmna66IGcDGttd0jClrB2QU7ihPxOimEWw8qRRM","previousCounter":0,"rootKey":"DeHb3qwBbXmvfpxBQijOqi1uxY5GPoHE/p0QqfRQcgs="},"indexInfo":{"baseKey":"BRreUtWkCSXM8zgz8d8kv8fUeqlMn0t0xoKRNaJkTqYD","baseKeyType":1,"closed":1731856996082,"used":1731856995802,"created":1731856995802,"remoteIdentityKey":"BScfG8a4S8x1yrq9oh1S6bHqTuF+StGTy/Law6RMV0kI"},"_chains":{"BTNs9qZ6rEjbS/enVzzsLgClb/PX6Ve9xWzd9XbzExI/":{"chainKey":{"counter":-1,"key":"51psgRZdfMVt2aP6wXoOxfooIJw3qfyASHwEllpsVi4="},"chainType":1,"messageKeys":{}}},"pendingPreKey":{"signedKeyId":0,"baseKey":"BRreUtWkCSXM8zgz8d8kv8fUeqlMn0t0xoKRNaJkTqYD","preKeyId":7365227}},"BTBoM+tOJicTQt4Tj0JNMQMCYvVwwESd68taCoYkz+Ng":{"registrationId":149471147,"currentRatchet":{"ephemeralKeyPair":{"pubKey":"BZaqHe8HN2F1RTTstJfMJN9f6I6xIPC/NAa+EIyX6KUH","privKey":"0NHRs6sAsW3ut6jut85feRH0IdVJM7WzN6Ll+fFSgVw="},"lastRemoteEphemeralKey":"BXZp9Hmna66IGcDGttd0jClrB2QU7ihPxOimEWw8qRRM","previousCounter":0,"rootKey":"fZ1Z0gj4ht0Dn9l6z3Htzu6B9/jXvz46iKpSIa+ho7I="},"indexInfo":{"baseKey":"BTBoM+tOJicTQt4Tj0JNMQMCYvVwwESd68taCoYkz+Ng","baseKeyType":1,"closed":1731856996333,"used":1731856996072,"created":1731856996072,"remoteIdentityKey":"BScfG8a4S8x1yrq9oh1S6bHqTuF+StGTy/Law6RMV0kI"},"_chains":{"BZaqHe8HN2F1RTTstJfMJN9f6I6xIPC/NAa+EIyX6KUH":{"chainKey":{"counter":-1,"key":"PdLN4FWPmquCYUiqu+Y1M8i5XZU0hinm0saifZucHTg="},"chainType":1,"messageKeys":{}}},"pendingPreKey":{"signedKeyId":0,"baseKey":"BTBoM+tOJicTQt4Tj0JNMQMCYvVwwESd68taCoYkz+Ng","preKeyId":7365036}},"BVSmGvcfGTyXlAtZG0x33KkPRc88mgmpa5ZWX3W4KfE8":{"registrationId":149471147,"currentRatchet":{"ephemeralKeyPair":{"pubKey":"BfkzHXl/FZVwM+PwPH9WtHb2n4WKt1L+9HcsD7I4PBNR","privKey":"iLIrXcoJ4r9lVaNgBMs3m+Z4EhjOSLJJEDKjHjqhcWI="},"lastRemoteEphemeralKey":"BXZp9Hmna66IGcDGttd0jClrB2QU7ihPxOimEWw8qRRM","previousCounter":0,"rootKey":"rJa+UGWdWimCiGAPEehsgphCQgj2j5vcJCpmOkQxfJU="},"indexInfo":{"baseKey":"BVSmGvcfGTyXlAtZG0x33KkPRc88mgmpa5ZWX3W4KfE8","baseKeyType":1,"closed":1731856996583,"used":1731856996329,"created":1731856996329,"remoteIdentityKey":"BScfG8a4S8x1yrq9oh1S6bHqTuF+StGTy/Law6RMV0kI"},"_chains":{"BfkzHXl/FZVwM+PwPH9WtHb2n4WKt1L+9HcsD7I4PBNR":{"chainKey":{"counter":-1,"key":"WDFrHarIaeoxv7VDr3+SSvFleqmfpyMVXLjBrljXn18="},"chainType":1,"messageKeys":{}}},"pendingPreKey":{"signedKeyId":0,"baseKey":"BVSmGvcfGTyXlAtZG0x33KkPRc88mgmpa5ZWX3W4KfE8","preKeyId":7365242}},"BQmdSmCqgT0vtg0TZST7x6e1ajCO4XI2ZabDOW0PjLUi":{"registrationId":149471147,"currentRatchet":{"ephemeralKeyPair":{"pubKey":"BQlsgj/nnv3Z/lX1YAFXMF8Vb+InnfHj2/nj7K5u1/gt","privKey":"SI4PKiHeulR3IbbQ+/a+Fs4RnQHTVkpB8R0Pe4PXdWE="},"lastRemoteEphemeralKey":"BXZp9Hmna66IGcDGttd0jClrB2QU7ihPxOimEWw8qRRM","previousCounter":0,"rootKey":"0fYVorvCCPr26qgzeVvhsUxdQQVJKQc8K3qEemZPbys="},"indexInfo":{"baseKey":"BQmdSmCqgT0vtg0TZST7x6e1ajCO4XI2ZabDOW0PjLUi","baseKeyType":1,"closed":1731856996879,"used":1731856996579,"created":1731856996579,"remoteIdentityKey":"BScfG8a4S8x1yrq9oh1S6bHqTuF+StGTy/Law6RMV0kI"},"_chains":{"BQlsgj/nnv3Z/lX1YAFXMF8Vb+InnfHj2/nj7K5u1/gt":{"chainKey":{"counter":-1,"key":"sw2lRa5CWlQ/FzNCGFL49B6BYvzh2uO9j5Th6KhcpdI="},"chainType":1,"messageKeys":{}}},"pendingPreKey":{"signedKeyId":0,"baseKey":"BQmdSmCqgT0vtg0TZST7x6e1ajCO4XI2ZabDOW0PjLUi","preKeyId":7365239}},"BbP7JtGqDmeKwYzVL466N02DLX3NRCQT4ym9b+kRn4ZS":{"registrationId":149471147,"currentRatchet":{"ephemeralKeyPair":{"pubKey":"BUAZXjeCMSosGPDiGBm55c+cfeYJtffbCLDYNpC4/gZt","privKey":"aMGTesoPnKwbry59bsdOZYKVyu5/zRXIDIlE8K48Hls="},"lastRemoteEphemeralKey":"BXZp9Hmna66IGcDGttd0jClrB2QU7ihPxOimEWw8qRRM","previousCounter":0,"rootKey":"okSNDiMPtg2PlQ66Cte18C1vuB5KcAFyYs6crfSPhCg="},"indexInfo":{"baseKey":"BbP7JtGqDmeKwYzVL466N02DLX3NRCQT4ym9b+kRn4ZS","baseKeyType":1,"closed":1731856997169,"used":1731856996873,"created":1731856996873,"remoteIdentityKey":"BScfG8a4S8x1yrq9oh1S6bHqTuF+StGTy/Law6RMV0kI"},"_chains":{"BUAZXjeCMSosGPDiGBm55c+cfeYJtffbCLDYNpC4/gZt":{"chainKey":{"counter":-1,"key":"dpxojkAqzMyHKD74UdzCRfh1Tg6HQAcYNdkj/MS380g="},"chainType":1,"messageKeys":{}}},"pendingPreKey":{"signedKeyId":0,"baseKey":"BbP7JtGqDmeKwYzVL466N02DLX3NRCQT4ym9b+kRn4ZS","preKeyId":7365266}},"BRE9l9G8qCX6t0iQo8QaRxw1mwnH5XVGkeIXHWtGFAAa":{"registrationId":149471147,"currentRatchet":{"ephemeralKeyPair":{"pubKey":"BXUBf4ktu+WE8xBglp+kU+kU4KmD6cPFy5jKdibErOMI","privKey":"WH7AyrkLTdAlkBgH8XCB6fYMur4Oqlazo/AQaymnAXk="},"lastRemoteEphemeralKey":"BXZp9Hmna66IGcDGttd0jClrB2QU7ihPxOimEWw8qRRM","previousCounter":0,"rootKey":"yKpLG7j3l2brlvIjVZX878vfmWiVonIfgVCDEoukGaU="},"indexInfo":{"baseKey":"BRE9l9G8qCX6t0iQo8QaRxw1mwnH5XVGkeIXHWtGFAAa","baseKeyType":1,"closed":1731856997439,"used":1731856997162,"created":1731856997162,"remoteIdentityKey":"BScfG8a4S8x1yrq9oh1S6bHqTuF+StGTy/Law6RMV0kI"},"_chains":{"BXUBf4ktu+WE8xBglp+kU+kU4KmD6cPFy5jKdibErOMI":{"chainKey":{"counter":-1,"key":"LlWBLIu/8X9nHids7G1RHmnbc4MZB+96cXJiBBCwPOs="},"chainType":1,"messageKeys":{}}},"pendingPreKey":{"signedKeyId":0,"baseKey":"BRE9l9G8qCX6t0iQo8QaRxw1mwnH5XVGkeIXHWtGFAAa","preKeyId":7365484}},"Ba0C/hVViOpdCvnTjLgEmcC7vJCoyiEjGOTC65zb3Lgt":{"registrationId":149471147,"currentRatchet":{"ephemeralKeyPair":{"pubKey":"Bfctmao34nMStCd44CfuiTBpinRrNdwk0Je20AEQfX1M","privKey":"eAPayVWKLLfeCOUaiYJV3m3GqKa2bPRG8w5PZxfZY2Q="},"lastRemoteEphemeralKey":"BXZp9Hmna66IGcDGttd0jClrB2QU7ihPxOimEWw8qRRM","previousCounter":0,"rootKey":"A43Lt3MkoWRvnf4AOhiEVZO3nquFptfPCww2hhPEXJc="},"indexInfo":{"baseKey":"Ba0C/hVViOpdCvnTjLgEmcC7vJCoyiEjGOTC65zb3Lgt","baseKeyType":1,"closed":1731856997693,"used":1731856997433,"created":1731856997433,"remoteIdentityKey":"BScfG8a4S8x1yrq9oh1S6bHqTuF+StGTy/Law6RMV0kI"},"_chains":{"Bfctmao34nMStCd44CfuiTBpinRrNdwk0Je20AEQfX1M":{"chainKey":{"counter":-1,"key":"KSMtTPZssXeSswBXi3McEWSi4G/8qeXa++ASz2JNWYc="},"chainType":1,"messageKeys":{}}},"pendingPreKey":{"signedKeyId":0,"baseKey":"Ba0C/hVViOpdCvnTjLgEmcC7vJCoyiEjGOTC65zb3Lgt","preKeyId":7365231}},"Bf+L2i9C0qKWW4+t8HkQJz5v1hi24AEtZxBu9Rxr4rNb":{"registrationId":149471147,"currentRatchet":{"ephemeralKeyPair":{"pubKey":"BZIeZ688kveJMbJHk8duDzA67FHAUN+gYtjlq1yl6QdV","privKey":"aEaZ4PDtbaCvsBLkKsvuwvwem3AjyniPxKEMHy+dQkA="},"lastRemoteEphemeralKey":"BXZp9Hmna66IGcDGttd0jClrB2QU7ihPxOimEWw8qRRM","previousCounter":0,"rootKey":"XVZVrqsJO8gBvTXGiaUHZkk10KbdBYAS3qcAFP3RyVA="},"indexInfo":{"baseKey":"Bf+L2i9C0qKWW4+t8HkQJz5v1hi24AEtZxBu9Rxr4rNb","baseKeyType":1,"closed":1731856997954,"used":1731856997686,"created":1731856997686,"remoteIdentityKey":"BScfG8a4S8x1yrq9oh1S6bHqTuF+StGTy/Law6RMV0kI"},"_chains":{"BZIeZ688kveJMbJHk8duDzA67FHAUN+gYtjlq1yl6QdV":{"chainKey":{"counter":-1,"key":"fBadMkjC1GCtkVAmYABMh1S+iNWIs6vpfeDswWGZqtw="},"chainType":1,"messageKeys":{}}},"pendingPreKey":{"signedKeyId":0,"baseKey":"Bf+L2i9C0qKWW4+t8HkQJz5v1hi24AEtZxBu9Rxr4rNb","preKeyId":7365438}},"BdtStCwUjei9Rna7l1HO4VIHa0zV7HmhaSmnZj3nb91A":{"registrationId":149471147,"currentRatchet":{"ephemeralKeyPair":{"pubKey":"BZuQgDH/wT6UmuIbmLKeNR+qeuEZBnSLkVJQOSKQrFVS","privKey":"+HJ+O7FzwxUcx89k9Gp9Q2ZuMbKyNWlU3nT1B2SM2Uo="},"lastRemoteEphemeralKey":"BXZp9Hmna66IGcDGttd0jClrB2QU7ihPxOimEWw8qRRM","previousCounter":0,"rootKey":"mRJuH6O5GnfBgiNyDyBOhEpFf/4F8jbhvhSnBCqDmJY="},"indexInfo":{"baseKey":"BdtStCwUjei9Rna7l1HO4VIHa0zV7HmhaSmnZj3nb91A","baseKeyType":1,"closed":1731856998206,"used":1731856997948,"created":1731856997948,"remoteIdentityKey":"BScfG8a4S8x1yrq9oh1S6bHqTuF+StGTy/Law6RMV0kI"},"_chains":{"BZuQgDH/wT6UmuIbmLKeNR+qeuEZBnSLkVJQOSKQrFVS":{"chainKey":{"counter":-1,"key":"kuJ1vhuOpvTuzK3xt2JTrf/2ynLgud01xaHtOSMo068="},"chainType":1,"messageKeys":{}}},"pendingPreKey":{"signedKeyId":0,"baseKey":"BdtStCwUjei9Rna7l1HO4VIHa0zV7HmhaSmnZj3nb91A","preKeyId":7365225}},"BQkRnfjUUQ85ae+rWKYt+VjN59MyD/QYA17xq452K8J0":{"registrationId":149471147,"currentRatchet":{"ephemeralKeyPair":{"pubKey":"BXKJCvk+Yw+EkTFcYhyazr/jSVqeBlQFCKFd5d+QAC8r","privKey":"6OB81v4GRHL+c50gj+dMN5UinqTQYgJj9fAbUBHwvlY="},"lastRemoteEphemeralKey":"BXZp9Hmna66IGcDGttd0jClrB2QU7ihPxOimEWw8qRRM","previousCounter":0,"rootKey":"gCwx/WqkZnzDals7Hkp8b8+E+niJmgYogUcvU/DjMFE="},"indexInfo":{"baseKey":"BQkRnfjUUQ85ae+rWKYt+VjN59MyD/QYA17xq452K8J0","baseKeyType":1,"closed":1731856999221,"used":1731856998201,"created":1731856998201,"remoteIdentityKey":"BScfG8a4S8x1yrq9oh1S6bHqTuF+StGTy/Law6RMV0kI"},"_chains":{"BXKJCvk+Yw+EkTFcYhyazr/jSVqeBlQFCKFd5d+QAC8r":{"chainKey":{"counter":-1,"key":"YliYjz0BtFzz763ZeiQDOKbrVudqW2VCXG1NbR5s7nk="},"chainType":1,"messageKeys":{}}},"pendingPreKey":{"signedKeyId":0,"baseKey":"BQkRnfjUUQ85ae+rWKYt+VjN59MyD/QYA17xq452K8J0","preKeyId":7365265}},"BRV6DSm0qfDnS6IBlEZcPyNPgWdOHfPRudi+EAvTFdsO":{"registrationId":149471147,"currentRatchet":{"ephemeralKeyPair":{"pubKey":"BcQrpw6XMXhtRMiQDvsRzqtxfoqKKGu2AYOtf6ioeYF3","privKey":"KDEI4ZRL/JcnKnZ+5s0mIYxiBBRrDNpXAnXLyb/c70w="},"lastRemoteEphemeralKey":"BXZp9Hmna66IGcDGttd0jClrB2QU7ihPxOimEWw8qRRM","previousCounter":0,"rootKey":"9Rl+sZQJe8NgiIn2sYoRxIUgTXKTv9YdhDpzbuevOfU="},"indexInfo":{"baseKey":"BRV6DSm0qfDnS6IBlEZcPyNPgWdOHfPRudi+EAvTFdsO","baseKeyType":1,"closed":1731856999513,"used":1731856999215,"created":1731856999215,"remoteIdentityKey":"BScfG8a4S8x1yrq9oh1S6bHqTuF+StGTy/Law6RMV0kI"},"_chains":{"BcQrpw6XMXhtRMiQDvsRzqtxfoqKKGu2AYOtf6ioeYF3":{"chainKey":{"counter":-1,"key":"YfkX07sO8eGOJcxMxWH46bxkXUGMlwrwRJAd0dZt5UU="},"chainType":1,"messageKeys":{}}},"pendingPreKey":{"signedKeyId":0,"baseKey":"BRV6DSm0qfDnS6IBlEZcPyNPgWdOHfPRudi+EAvTFdsO","preKeyId":7365221}},"BeLLUj70aiZu0SwB+IgVT6cA22K24YmC6SKGG1CunjYi":{"registrationId":149471147,"currentRatchet":{"ephemeralKeyPair":{"pubKey":"BYws3mHBwcYzx/2Igk9NQg4h+bTMRmYfeBDaZyBA93po","privKey":"yJijKOt4odK4ppUfBt6cu9/f6O9Csmumfl/TVUi0k2U="},"lastRemoteEphemeralKey":"BXZp9Hmna66IGcDGttd0jClrB2QU7ihPxOimEWw8qRRM","previousCounter":0,"rootKey":"CZlSPxrKwRqTGRHUS5npd0a2sWcmsccFktB51uBtSFA="},"indexInfo":{"baseKey":"BeLLUj70aiZu0SwB+IgVT6cA22K24YmC6SKGG1CunjYi","baseKeyType":1,"closed":1731857001158,"used":1731856999508,"created":1731856999508,"remoteIdentityKey":"BScfG8a4S8x1yrq9oh1S6bHqTuF+StGTy/Law6RMV0kI"},"_chains":{"BYws3mHBwcYzx/2Igk9NQg4h+bTMRmYfeBDaZyBA93po":{"chainKey":{"counter":-1,"key":"zaX+B6yeiTytZH191RUAYTh8B+lMriyI8QAlFrH6L9g="},"chainType":1,"messageKeys":{}}},"pendingPreKey":{"signedKeyId":0,"baseKey":"BeLLUj70aiZu0SwB+IgVT6cA22K24YmC6SKGG1CunjYi","preKeyId":7365243}},"BXreswCbVSov2i4DrdJnSw0CYuCkQohBzOc/SPaoMVR9":{"registrationId":149471147,"currentRatchet":{"ephemeralKeyPair":{"pubKey":"BSRsW8fxlMPTciDiDHh8SBUzc/Lcl5mTm8hKOsdF4bdQ","privKey":"WGsZO/6Ip3bD2NFB1xb9ncIjhji4yVzQ6Y9fqn/Vl0U="},"lastRemoteEphemeralKey":"BXZp9Hmna66IGcDGttd0jClrB2QU7ihPxOimEWw8qRRM","previousCounter":0,"rootKey":"bfEjmhK310Z0h2RStAukR2dVD0XFD00fjSo8xe6laHk="},"indexInfo":{"baseKey":"BXreswCbVSov2i4DrdJnSw0CYuCkQohBzOc/SPaoMVR9","baseKeyType":1,"closed":1731857001413,"used":1731857001153,"created":1731857001153,"remoteIdentityKey":"BScfG8a4S8x1yrq9oh1S6bHqTuF+StGTy/Law6RMV0kI"},"_chains":{"BSRsW8fxlMPTciDiDHh8SBUzc/Lcl5mTm8hKOsdF4bdQ":{"chainKey":{"counter":-1,"key":"dRuaftE4nfLWSGj3Co64GKWQvuDoPzn6H1aDPeA0scU="},"chainType":1,"messageKeys":{}}},"pendingPreKey":{"signedKeyId":0,"baseKey":"BXreswCbVSov2i4DrdJnSw0CYuCkQohBzOc/SPaoMVR9","preKeyId":7365241}},"BfXl8yqr/ph4djUG7gzrbxtE5bGGVMXaHd+C2x8GkEtV":{"registrationId":149471147,"currentRatchet":{"ephemeralKeyPair":{"pubKey":"BaIWo3hY/He50ETqrnQ0FVWkJ8jysIv908tb7Ni34vw8","privKey":"uLZUNi7vvNBUCDOg4h3yeWGEC0/aieMqnicQsOpXX04="},"lastRemoteEphemeralKey":"BXZp9Hmna66IGcDGttd0jClrB2QU7ihPxOimEWw8qRRM","previousCounter":0,"rootKey":"uwJlx0zMOPCG4grHPFNFB3VerKirLt8XsJATVRwl8wQ="},"indexInfo":{"baseKey":"BfXl8yqr/ph4djUG7gzrbxtE5bGGVMXaHd+C2x8GkEtV","baseKeyType":1,"closed":1731857002134,"used":1731857001405,"created":1731857001405,"remoteIdentityKey":"BScfG8a4S8x1yrq9oh1S6bHqTuF+StGTy/Law6RMV0kI"},"_chains":{"BaIWo3hY/He50ETqrnQ0FVWkJ8jysIv908tb7Ni34vw8":{"chainKey":{"counter":-1,"key":"EKHIDZuqfocYefXCupIs3ibZOKdlXmNCmh9j3yi+AQg="},"chainType":1,"messageKeys":{}}},"pendingPreKey":{"signedKeyId":0,"baseKey":"BfXl8yqr/ph4djUG7gzrbxtE5bGGVMXaHd+C2x8GkEtV","preKeyId":7365101}},"BULeIB1WZYls1fxg1tF9SWBFd2egFmDPj8+c4rUxhRB0":{"registrationId":149471147,"currentRatchet":{"ephemeralKeyPair":{"pubKey":"BSXzb2MbVvYq8CHTeTGCCopvMZGESYzy+T+eUYRvCC95","privKey":"oHngOmoD7ZN9jRjYzDrMogO+tNzxmektJjhoLk/gclc="},"lastRemoteEphemeralKey":"BXZp9Hmna66IGcDGttd0jClrB2QU7ihPxOimEWw8qRRM","previousCounter":0,"rootKey":"/hoOPmCfDgVBInAgCgi4b+Dic3iS+V6aMS2mf/T8WYM="},"indexInfo":{"baseKey":"BULeIB1WZYls1fxg1tF9SWBFd2egFmDPj8+c4rUxhRB0","baseKeyType":1,"closed":1731857002433,"used":1731857002128,"created":1731857002128,"remoteIdentityKey":"BScfG8a4S8x1yrq9oh1S6bHqTuF+StGTy/Law6RMV0kI"},"_chains":{"BSXzb2MbVvYq8CHTeTGCCopvMZGESYzy+T+eUYRvCC95":{"chainKey":{"counter":-1,"key":"CZAqj60v57InzCQ/RXjb4mEslBDeoD92alqZSndIkiU="},"chainType":1,"messageKeys":{}}},"pendingPreKey":{"signedKeyId":0,"baseKey":"BULeIB1WZYls1fxg1tF9SWBFd2egFmDPj8+c4rUxhRB0","preKeyId":7365208}},"BdOCJtdzE5iuTWnCFDy6qTv+afY4Mhyw8cc2Tt1YgtJ2":{"registrationId":149471147,"currentRatchet":{"ephemeralKeyPair":{"pubKey":"BbJVMtdYtnxUllUZgdTq94TTkG0f7/VGBrsChhv21DgM","privKey":"UAWvIuJxtJksmf6uMWtheSa93d5CtEF8k0bWTLgi7Xc="},"lastRemoteEphemeralKey":"BXZp9Hmna66IGcDGttd0jClrB2QU7ihPxOimEWw8qRRM","previousCounter":0,"rootKey":"7VNDlotHZpp3XbJewJA2IKpy70TZaHwLnydeccA3LnQ="},"indexInfo":{"baseKey":"BdOCJtdzE5iuTWnCFDy6qTv+afY4Mhyw8cc2Tt1YgtJ2","baseKeyType":1,"closed":1731857002694,"used":1731857002428,"created":1731857002428,"remoteIdentityKey":"BScfG8a4S8x1yrq9oh1S6bHqTuF+StGTy/Law6RMV0kI"},"_chains":{"BbJVMtdYtnxUllUZgdTq94TTkG0f7/VGBrsChhv21DgM":{"chainKey":{"counter":-1,"key":"S+XkHmrehufqJNVN2r57qv8F+aOHsmjaimxgCsxHUy0="},"chainType":1,"messageKeys":{}}},"pendingPreKey":{"signedKeyId":0,"baseKey":"BdOCJtdzE5iuTWnCFDy6qTv+afY4Mhyw8cc2Tt1YgtJ2","preKeyId":7365305}},"BbWRu2lCFXTeIU6taDd6LDx/KAik4WrTsciGozb8hhJn":{"registrationId":149471147,"currentRatchet":{"ephemeralKeyPair":{"pubKey":"BcWK/UuGYQgmzzMxL5dIuJ+u8bPNBmQMipXNirHpAhVc","privKey":"wPEO9TOr7oqSysyQnWeHGR1+09TjfNNoIdncHhkpqlk="},"lastRemoteEphemeralKey":"BXZp9Hmna66IGcDGttd0jClrB2QU7ihPxOimEWw8qRRM","previousCounter":0,"rootKey":"yq/qKLJouaEmMUaz4RW2D6cs+0fZ503mFsl25HJoX60="},"indexInfo":{"baseKey":"BbWRu2lCFXTeIU6taDd6LDx/KAik4WrTsciGozb8hhJn","baseKeyType":1,"closed":1731857002982,"used":1731857002688,"created":1731857002688,"remoteIdentityKey":"BScfG8a4S8x1yrq9oh1S6bHqTuF+StGTy/Law6RMV0kI"},"_chains":{"BcWK/UuGYQgmzzMxL5dIuJ+u8bPNBmQMipXNirHpAhVc":{"chainKey":{"counter":-1,"key":"iW3t7pQYFNLctLA03sb3wSHGnm7bzFxtHp2x/sTiAtg="},"chainType":1,"messageKeys":{}}},"pendingPreKey":{"signedKeyId":0,"baseKey":"BbWRu2lCFXTeIU6taDd6LDx/KAik4WrTsciGozb8hhJn","preKeyId":7365290}},"BWD1km4gSNtRag4kUW+KPUpOl7CyhyiriRHIvCuqoJMJ":{"registrationId":149471147,"currentRatchet":{"ephemeralKeyPair":{"pubKey":"BQO5xAq7QflEv+HlcGOabLM4Oo7W6l/t52+4wVe56udL","privKey":"CO07HGsB3sRakBGqoKVdEvnWBdXWmNxq0w2ElqR2GFg="},"lastRemoteEphemeralKey":"BXZp9Hmna66IGcDGttd0jClrB2QU7ihPxOimEWw8qRRM","previousCounter":0,"rootKey":"SUr3bZFcTOId+6eA3u+B7abvvTAKXPOsLvjHUAgMSeI="},"indexInfo":{"baseKey":"BWD1km4gSNtRag4kUW+KPUpOl7CyhyiriRHIvCuqoJMJ","baseKeyType":1,"closed":1731857003234,"used":1731857002975,"created":1731857002975,"remoteIdentityKey":"BScfG8a4S8x1yrq9oh1S6bHqTuF+StGTy/Law6RMV0kI"},"_chains":{"BQO5xAq7QflEv+HlcGOabLM4Oo7W6l/t52+4wVe56udL":{"chainKey":{"counter":-1,"key":"VOAEc3LBKmYtQLwxyH0xciu0GoF46i/jYxctmzjEUNM="},"chainType":1,"messageKeys":{}}},"pendingPreKey":{"signedKeyId":0,"baseKey":"BWD1km4gSNtRag4kUW+KPUpOl7CyhyiriRHIvCuqoJMJ","preKeyId":7365380}},"BUoB0KNxruWNEOP7sS0MhbDgNdsT7SXorBcP9MAC3eg1":{"registrationId":149471147,"currentRatchet":{"ephemeralKeyPair":{"pubKey":"BaF2hpC7QdAow669EuFX276K87yrZWYuYUFwBbHxIaI3","privKey":"mDHRDGAsragYd218jjExApl3HvRUZteexUNZ/PmTFHs="},"lastRemoteEphemeralKey":"BXZp9Hmna66IGcDGttd0jClrB2QU7ihPxOimEWw8qRRM","previousCounter":0,"rootKey":"BhFTl9JocyyO9YMQbjAJwnCYJPXXdNfk3K+UIeOjrkc="},"indexInfo":{"baseKey":"BUoB0KNxruWNEOP7sS0MhbDgNdsT7SXorBcP9MAC3eg1","baseKeyType":1,"closed":1731857003495,"used":1731857003228,"created":1731857003228,"remoteIdentityKey":"BScfG8a4S8x1yrq9oh1S6bHqTuF+StGTy/Law6RMV0kI"},"_chains":{"BaF2hpC7QdAow669EuFX276K87yrZWYuYUFwBbHxIaI3":{"chainKey":{"counter":-1,"key":"+3brId3ZaD2L/jGQN2SQovJo50+Brz2XC5vP+ncHToA="},"chainType":1,"messageKeys":{}}},"pendingPreKey":{"signedKeyId":0,"baseKey":"BUoB0KNxruWNEOP7sS0MhbDgNdsT7SXorBcP9MAC3eg1","preKeyId":7365420}},"Be5jvxQO+Jrxs+hPR1TdIXXMDUy5llgOC3eiu9i+RPFH":{"registrationId":149471147,"currentRatchet":{"ephemeralKeyPair":{"pubKey":"Bbza3przhm0lycb2hGtILBROPYMzdSSh+KiKnFp0RO8+","privKey":"gH+YBBWzJd5IXrUD8Vgghyz5mXRSWPGuZsMwWPPc+Fw="},"lastRemoteEphemeralKey":"BXZp9Hmna66IGcDGttd0jClrB2QU7ihPxOimEWw8qRRM","previousCounter":0,"rootKey":"9pdnvkbMxI/kaMgPpYnvvG8IX7VLMfE4hDeoa2jWc5Y="},"indexInfo":{"baseKey":"Be5jvxQO+Jrxs+hPR1TdIXXMDUy5llgOC3eiu9i+RPFH","baseKeyType":1,"closed":1731857005231,"used":1731857003489,"created":1731857003489,"remoteIdentityKey":"BScfG8a4S8x1yrq9oh1S6bHqTuF+StGTy/Law6RMV0kI"},"_chains":{"Bbza3przhm0lycb2hGtILBROPYMzdSSh+KiKnFp0RO8+":{"chainKey":{"counter":-1,"key":"De+/vXnelR8oGJX1mmuh5ExdAowjTeHqjMxH+sSjLAs="},"chainType":1,"messageKeys":{}}},"pendingPreKey":{"signedKeyId":0,"baseKey":"Be5jvxQO+Jrxs+hPR1TdIXXMDUy5llgOC3eiu9i+RPFH","preKeyId":7365297}},"BdBwKCS5H38tz2buee0KXmPiQ9W2wrhbuy/+rAlonwVl":{"registrationId":149471147,"currentRatchet":{"ephemeralKeyPair":{"pubKey":"BXwrFRktjooJtWb9ZhVu0shqcSOtKn8rW1gr2hOZKx5y","privKey":"oPmPEFt0CzH8F2ZU1dmwmCPHTCeSC25RWOOpU3eal0k="},"lastRemoteEphemeralKey":"BXZp9Hmna66IGcDGttd0jClrB2QU7ihPxOimEWw8qRRM","previousCounter":0,"rootKey":"mmWV16IFKszxCMKtIO8n+2nTDaQALlU6bApt7xnmxw4="},"indexInfo":{"baseKey":"BdBwKCS5H38tz2buee0KXmPiQ9W2wrhbuy/+rAlonwVl","baseKeyType":1,"closed":1731857006657,"used":1731857005225,"created":1731857005225,"remoteIdentityKey":"BScfG8a4S8x1yrq9oh1S6bHqTuF+StGTy/Law6RMV0kI"},"_chains":{"BXwrFRktjooJtWb9ZhVu0shqcSOtKn8rW1gr2hOZKx5y":{"chainKey":{"counter":-1,"key":"2KdxpsL9hPD/sc+PR44d5BK8/J1SGwXS0emYoEGvjaM="},"chainType":1,"messageKeys":{}}},"pendingPreKey":{"signedKeyId":0,"baseKey":"BdBwKCS5H38tz2buee0KXmPiQ9W2wrhbuy/+rAlonwVl","preKeyId":7365519}},"Bc+1NDsUPPen2F1RiORNWuZe/9eb8QaGX1yTkPsyHPBK":{"registrationId":149471147,"currentRatchet":{"ephemeralKeyPair":{"pubKey":"BXUPKEfgTMsXQcd1JC1OYYkRVauHwIMBZo4ffCh3VIpE","privKey":"0MFLsqeIUmivKiPhKRA0oKfLB3RSGzChN0kqCL9pg3E="},"lastRemoteEphemeralKey":"BXZp9Hmna66IGcDGttd0jClrB2QU7ihPxOimEWw8qRRM","previousCounter":0,"rootKey":"DyVPcXxkqTJRmOfJgy29BPrtnHjK+fbj+DR9emJFEHg="},"indexInfo":{"baseKey":"Bc+1NDsUPPen2F1RiORNWuZe/9eb8QaGX1yTkPsyHPBK","baseKeyType":1,"closed":1731857006939,"used":1731857006649,"created":1731857006649,"remoteIdentityKey":"BScfG8a4S8x1yrq9oh1S6bHqTuF+StGTy/Law6RMV0kI"},"_chains":{"BXUPKEfgTMsXQcd1JC1OYYkRVauHwIMBZo4ffCh3VIpE":{"chainKey":{"counter":-1,"key":"adqBtyCoMyfuybD2hpHgIxDfVbROmrB2M0VObJK4uIg="},"chainType":1,"messageKeys":{}}},"pendingPreKey":{"signedKeyId":0,"baseKey":"Bc+1NDsUPPen2F1RiORNWuZe/9eb8QaGX1yTkPsyHPBK","preKeyId":7365429}},"BZSRUlK8KGaqf+aghUmqIOH/+3tNKAYGxG0GilV0Z/EY":{"registrationId":149471147,"currentRatchet":{"ephemeralKeyPair":{"pubKey":"BQSBlHdT9G2EW10Qsea5rC8NIVrUlA8BCmwt+/o58pcq","privKey":"wDlxda0INsxg5ws0/6N5e451YhFeASO9T+9GDQxhPV4="},"lastRemoteEphemeralKey":"BXZp9Hmna66IGcDGttd0jClrB2QU7ihPxOimEWw8qRRM","previousCounter":0,"rootKey":"ooSba9ScU8TCH6QcBsSGGOX19bKN+X2dPn9A9YpiV70="},"indexInfo":{"baseKey":"BZSRUlK8KGaqf+aghUmqIOH/+3tNKAYGxG0GilV0Z/EY","baseKeyType":1,"closed":1731857007214,"used":1731857006932,"created":1731857006932,"remoteIdentityKey":"BScfG8a4S8x1yrq9oh1S6bHqTuF+StGTy/Law6RMV0kI"},"_chains":{"BQSBlHdT9G2EW10Qsea5rC8NIVrUlA8BCmwt+/o58pcq":{"chainKey":{"counter":-1,"key":"vvoC7yAnM13DSmQbk2Li7s0iconTe9gfwX/Exk4bb+M="},"chainType":1,"messageKeys":{}}},"pendingPreKey":{"signedKeyId":0,"baseKey":"BZSRUlK8KGaqf+aghUmqIOH/+3tNKAYGxG0GilV0Z/EY","preKeyId":7365384}},"BXohQR0AGxyWReZXjjDFQWOY3++En2TwHtIg9dfdC20f":{"registrationId":149471147,"currentRatchet":{"ephemeralKeyPair":{"pubKey":"BQdNj05PLt3+QtwqvK2rSu6ft5KxJJ3Bup1pj3HhAVYi","privKey":"eJCbKdmLi/iwveMhdHuWwtbHNAAazraUAJ6Ln6GIYUQ="},"lastRemoteEphemeralKey":"BXZp9Hmna66IGcDGttd0jClrB2QU7ihPxOimEWw8qRRM","previousCounter":0,"rootKey":"JyGTvRG8LFbdnp8q07QeQtcawS5cHEPZ1t8kPkzu5ug="},"indexInfo":{"baseKey":"BXohQR0AGxyWReZXjjDFQWOY3++En2TwHtIg9dfdC20f","baseKeyType":1,"closed":1731857007485,"used":1731857007202,"created":1731857007202,"remoteIdentityKey":"BScfG8a4S8x1yrq9oh1S6bHqTuF+StGTy/Law6RMV0kI"},"_chains":{"BQdNj05PLt3+QtwqvK2rSu6ft5KxJJ3Bup1pj3HhAVYi":{"chainKey":{"counter":-1,"key":"bo5LKWLoxklUUPGMT76PKuLetl47zPBAB6dG0jR9oZw="},"chainType":1,"messageKeys":{}}},"pendingPreKey":{"signedKeyId":0,"baseKey":"BXohQR0AGxyWReZXjjDFQWOY3++En2TwHtIg9dfdC20f","preKeyId":7365407}},"BRePN3UtO+qeSCElW6honqqLvxlAAek0v5JVpJpPSJxs":{"registrationId":149471147,"currentRatchet":{"ephemeralKeyPair":{"pubKey":"BXpSm8k6Sw0SY51QFCOthbGetmqFXdU+XWJYUjwQWPha","privKey":"IEJiJkZDp1zOm0yAIgCdgUwO9cCf44OO/q0nV1A6ol8="},"lastRemoteEphemeralKey":"BRwVgYruUvQOyBdQc3+zFVttnU5p5qHZlrm3853i4FFD","previousCounter":14,"rootKey":"yxnB9gunA86ElASHITRY5A2cCO15wZMIlKpOntXxqO8="},"indexInfo":{"baseKey":"BRePN3UtO+qeSCElW6honqqLvxlAAek0v5JVpJpPSJxs","baseKeyType":1,"closed":-1,"used":1731924272164,"created":1731857007479,"remoteIdentityKey":"BScfG8a4S8x1yrq9oh1S6bHqTuF+StGTy/Law6RMV0kI"},"_chains":{"BRwVgYruUvQOyBdQc3+zFVttnU5p5qHZlrm3853i4FFD":{"chainKey":{"counter":0,"key":"EEkjAKjbQliA0ON0dlVnzjxoMKdhyklVNclpXhl0omM="},"chainType":2,"messageKeys":{}},"BXpSm8k6Sw0SY51QFCOthbGetmqFXdU+XWJYUjwQWPha":{"chainKey":{"counter":16,"key":"AnvtuqkkgvBoMtCWjjSOsG52oIlHLB0YmjCK1qPm4WE="},"chainType":1,"messageKeys":{}}}}},"version":"v1"}