{"_sessions":{"BT0Cqv2V6z0wIzoOskUJUuSIIa488mIWay5IrETpdc1N":{"registrationId":677523497,"currentRatchet":{"ephemeralKeyPair":{"pubKey":"BSz5lZAsKn97/ul6eLGclBYNpIxOWBypwgjxgez1YBEQ","privKey":"WBK2yrOY/yrVlPeGpOT/3IgdQ2hD2QhBVTc6T7tDWmU="},"lastRemoteEphemeralKey":"BTE7TsWJBz7jedd2MNrWDBjfu29bwmlYdempqPMcyups","previousCounter":0,"rootKey":"wjKjc22LxYxkBHfOS0ctrkadCRfGtKntsGSC7g0A2Eo="},"indexInfo":{"baseKey":"BT0Cqv2V6z0wIzoOskUJUuSIIa488mIWay5IrETpdc1N","baseKeyType":2,"closed":-1,"used":1732033850999,"created":1731676604981,"remoteIdentityKey":"BYVn0SQjUQNiNKo2B3ebCAPCCymd9Zy8LhrNfEfV4kVZ"},"_chains":{"BZaSssnQEQSbJyan9k0mg1Xu1/YkRLpSvkjHUyZkROlP":{"chainKey":{"counter":0},"chainType":2,"messageKeys":{}},"BTE7TsWJBz7jedd2MNrWDBjfu29bwmlYdempqPMcyups":{"chainKey":{"counter":22,"key":"bOcEnUdfCmJUEuC2MmOJwrtE7kT8MHHZr0lClBoYr6o="},"chainType":2,"messageKeys":{"0":"NkcqFZXzAyC35sZZakhM6l0+Tz/qrQVx6v81/vW00VA=","1":"WIPxw2zYmprentfWXhqyBfNNhPKpBXgI0B8I4RJ0y34=","3":"Wcs8V+wH8jFjMyhZYLHjpKcyUGXTPVCNErE1lFTbssc=","18":"9K7B3FXm7JIC2mvkM32mnHoG1xswsrqwdDNpgeIHSUk=","20":"uUr4e/q9FuiQZhvw29bQHLoCIaZ9ATOLsHBza0fBGxU="}},"BSz5lZAsKn97/ul6eLGclBYNpIxOWBypwgjxgez1YBEQ":{"chainKey":{"counter":-1,"key":"2s7GOyGeO804Y1GttxzHKVudEg+cKW7mw18Qddt7ou8="},"chainType":1,"messageKeys":{}}}}},"version":"v1"}