{"_sessions":{"Bc5XYQoapDFVzHjOZBaRKHqvbhQkHA7PC4teSKnM1LdJ":{"registrationId":913764786,"currentRatchet":{"ephemeralKeyPair":{"pubKey":"Bbms0HBhvYeUCwHrgZxkzk+oCCOvEqqP1NBicTMwLeMu","privKey":"IFY5lFZI5NsN8CdGaZ6QH2szIgUwURN/Fq3eNxZ1tVE="},"lastRemoteEphemeralKey":"Bc6hSvH9LxdF8zin7XVpGi4B1nQ6vFfypkFx124PkYpw","previousCounter":0,"rootKey":"qFg+I/3H64OtCPHbBhBRLwC/goCzvbohO1h0JPlJAl8="},"indexInfo":{"baseKey":"Bc5XYQoapDFVzHjOZBaRKHqvbhQkHA7PC4teSKnM1LdJ","baseKeyType":1,"closed":1731669274978,"used":1731669260339,"created":1731669260339,"remoteIdentityKey":"BfszLOea32jhwp1TqSfxHczI/RCwreCd7nCNVdG8HTsc"},"_chains":{"Bbms0HBhvYeUCwHrgZxkzk+oCCOvEqqP1NBicTMwLeMu":{"chainKey":{"counter":0,"key":"EI2jelF+HVwWOaTR51xYI3RfagufyFrgmOZ85YgWAoM="},"chainType":1,"messageKeys":{}}},"pendingPreKey":{"signedKeyId":0,"baseKey":"Bc5XYQoapDFVzHjOZBaRKHqvbhQkHA7PC4teSKnM1LdJ","preKeyId":3147619}},"BbqIUxKBNAjl1AhaZ+qqztdjnt+Vd0vF4yEu/3WyHckH":{"registrationId":913764786,"currentRatchet":{"ephemeralKeyPair":{"pubKey":"BRItNyFzFNivo8B4Bpq3H4VD1pe94v+WgTZNF/R4mPIa","privKey":"6E+fwpGRun02H3DoW2zjYiAGZsVeV8ykZe+Qhw7uL1I="},"lastRemoteEphemeralKey":"BTEl9xHclnVooNfbWRBmlODCJqzwu8XhRqjrgghP9WMM","previousCounter":14,"rootKey":"Ee5DBX1HNEIF32O965rplJHQQ01C8MPiCkgbepbHOf8="},"indexInfo":{"baseKey":"BbqIUxKBNAjl1AhaZ+qqztdjnt+Vd0vF4yEu/3WyHckH","baseKeyType":1,"closed":-1,"used":1731924996382,"created":1731669274159,"remoteIdentityKey":"BfszLOea32jhwp1TqSfxHczI/RCwreCd7nCNVdG8HTsc"},"_chains":{"BYxBq+EgvlRCenim1W7gIZdu2IlWbtnujMz4sf+8VJsJ":{"chainKey":{"counter":0},"chainType":2,"messageKeys":{}},"BcHG1VUkmboVvIVvOOu5ZdDfCCBdLhTYpcJWk1yGPNlH":{"chainKey":{"counter":0},"chainType":2,"messageKeys":{}},"BTEl9xHclnVooNfbWRBmlODCJqzwu8XhRqjrgghP9WMM":{"chainKey":{"counter":0,"key":"w1kFFScTxijKOuMqFQIIrrX2Qxp86/Qh5O1fPDqQr4I="},"chainType":2,"messageKeys":{}},"BRItNyFzFNivo8B4Bpq3H4VD1pe94v+WgTZNF/R4mPIa":{"chainKey":{"counter":7,"key":"RpjoPHWs4uv+HWQ65FRdV3Sk5QoS6XDGdpUFuYHvu9g="},"chainType":1,"messageKeys":{}}}}},"version":"v1"}