{"_sessions":{"BScCQ4nCuykSlPBsbgtV2PzLvajAiG5mJUjRqydVaCAI":{"registrationId":3644,"currentRatchet":{"ephemeralKeyPair":{"pubKey":"BVydG9ouQxAyJNWQoRtf3MpnLApuZmxcp6LSI8RvU90e","privKey":"MOg7EoFTSyDcbHBhrY35LtmICphLNQ14vwJvMvNbfHE="},"lastRemoteEphemeralKey":"Bchb+e5JGrg9/ZzYW+ELDUz9DhBpPBGDFEQ/px0QZyU4","previousCounter":0,"rootKey":"ceNrAWBApvnm158ISTY1cyFNwswu3HT8z/23LQ7tL+M="},"indexInfo":{"baseKey":"BScCQ4nCuykSlPBsbgtV2PzLvajAiG5mJUjRqydVaCAI","baseKeyType":1,"closed":-1,"used":1731777349567,"created":1731777349567,"remoteIdentityKey":"BVRlMV62OAP+nNCW03p/C2TxTcOz1E9KPIyfzMBDKJJo"},"_chains":{"BVydG9ouQxAyJNWQoRtf3MpnLApuZmxcp6LSI8RvU90e":{"chainKey":{"counter":1,"key":"XIQB5k0s46SXPsrgEK6pGI5gD4K/AnfgWIYot6/BXyE="},"chainType":1,"messageKeys":{}}},"pendingPreKey":{"signedKeyId":1,"baseKey":"BScCQ4nCuykSlPBsbgtV2PzLvajAiG5mJUjRqydVaCAI","preKeyId":254}}},"version":"v1"}