{"_sessions":{"BfLtZ3b9HaC3TKC5yU8E5CG7AB80lgDtPQzbm/fTZKpi":{"registrationId":1254663215,"currentRatchet":{"ephemeralKeyPair":{"pubKey":"BQXR+GbqXJjsYjE6BwiGDmDir8abXCIKzLYgrKle0odN","privKey":"2LSCgHjbECbNk/9FnK/JfMXv0akH315H0L35RHmNsHE="},"lastRemoteEphemeralKey":"BZ4hTGvUM7RCUKJE7uA6GwPcyBZs3BFcabZCVJ7KjG4+","previousCounter":0,"rootKey":"NUnoOQfz2tDubMT+l5zl2Z5Uw7Zq0JnrFUz5IlggrhM="},"indexInfo":{"baseKey":"BfLtZ3b9HaC3TKC5yU8E5CG7AB80lgDtPQzbm/fTZKpi","baseKeyType":1,"closed":-1,"used":1731676607488,"created":1731676607488,"remoteIdentityKey":"BeZGlemasLVz3vNSXtNSN8XvqNtftuAvjd9t75ujLIVj"},"_chains":{"BQXR+GbqXJjsYjE6BwiGDmDir8abXCIKzLYgrKle0odN":{"chainKey":{"counter":0,"key":"JgxqxDr+9srVzawHopB6MSfEzeccTSyuyOdgJsYumBg="},"chainType":1,"messageKeys":{}}},"pendingPreKey":{"signedKeyId":5,"baseKey":"BfLtZ3b9HaC3TKC5yU8E5CG7AB80lgDtPQzbm/fTZKpi","preKeyId":5752006}}},"version":"v1"}