{"_sessions":{"BeWQLOHGoB2o/HjoCkG1Twf3GOqo3OuAoc4mOE1TGLwP":{"registrationId":942132255,"currentRatchet":{"ephemeralKeyPair":{"pubKey":"BTJNmk3KAgeE+QuSj7zWybo6Eg69fnKlcLpMKd58WORs","privKey":"IF86eHmGVLkYIl3n6Gn8XpxwA+r1idsveAKQ1fZUIVQ="},"lastRemoteEphemeralKey":"BY3qFO9CzPxhsjSYwYbHF1Efcxn3TDK3c78QqCNdhYZc","previousCounter":0,"rootKey":"7XeLZsWOodqRwYBdAIqeT2kXyvAklNV0J0vJWTkUgsk="},"indexInfo":{"baseKey":"BeWQLOHGoB2o/HjoCkG1Twf3GOqo3OuAoc4mOE1TGLwP","baseKeyType":1,"closed":-1,"used":1731683222874,"created":1731683222874,"remoteIdentityKey":"BVOMGsSLZ8VYDmilsP+AwOxOE/elGggiVthxpQ9X9Y49"},"_chains":{"BTJNmk3KAgeE+QuSj7zWybo6Eg69fnKlcLpMKd58WORs":{"chainKey":{"counter":2,"key":"rREaos1KByNpTqUhGJM7ABn/DpuhZE54pm9mUkqBmXE="},"chainType":1,"messageKeys":{}}},"pendingPreKey":{"signedKeyId":2,"baseKey":"BeWQLOHGoB2o/HjoCkG1Twf3GOqo3OuAoc4mOE1TGLwP","preKeyId":9147974}}},"version":"v1"}