{"_sessions":{"BZ0L/nq4U0iywC3echX66xWl7sFq09A1PESen/wK/GUb":{"registrationId":40984172,"currentRatchet":{"ephemeralKeyPair":{"pubKey":"BdMl2FtEkRuhkQSVKM3/DIdSds0pRLyjtJEjuJ3mdpoh","privKey":"QLuguOnSkQ5zTNRyT0dnAYld9dbmnZCgav+gaA9i6V0="},"lastRemoteEphemeralKey":"BSUKgYkc9+6gmtJy/XnXrngNOrJhv20YFSk0Jzl5y1IW","previousCounter":0,"rootKey":"9g4tybhcyosNwJ6/Zv+zdtk3EU58Nj5FE/4VF/4MDak="},"indexInfo":{"baseKey":"BZ0L/nq4U0iywC3echX66xWl7sFq09A1PESen/wK/GUb","baseKeyType":1,"closed":1731669274879,"used":1731669259109,"created":1731669259109,"remoteIdentityKey":"BcIBfzdVt1G1jxFJKlB+p2M3AAzxxKNs+E2O7LCuKuBn"},"_chains":{"BdMl2FtEkRuhkQSVKM3/DIdSds0pRLyjtJEjuJ3mdpoh":{"chainKey":{"counter":0,"key":"Q43RUIVuVpjswP1+DWEY8K/2sGkmCgAeTGZ4QMVP294="},"chainType":1,"messageKeys":{}}},"pendingPreKey":{"signedKeyId":2,"baseKey":"BZ0L/nq4U0iywC3echX66xWl7sFq09A1PESen/wK/GUb","preKeyId":15689096}},"BazX2/zTgZmCG5vnXHuvaWfXUhnCd0RUOfXmrpyypxIq":{"registrationId":40984172,"currentRatchet":{"ephemeralKeyPair":{"pubKey":"Bb8coOxkoGH8tx/WVxM2cfhl5Qer2VDQMnbv/lXnNY0j","privKey":"6KD6AylJqS1oTOuY81YGXVkAakdkSzakFY/NANVQ920="},"lastRemoteEphemeralKey":"BZX8V/pcGq/TDGm9+oTT3/YUnQS13gl/la5JhnZkjUEd","previousCounter":30,"rootKey":"mtW85I0aLya9aduosMHGJTs3uXCXw+r2qxIRFF0g/Ww="},"indexInfo":{"baseKey":"BazX2/zTgZmCG5vnXHuvaWfXUhnCd0RUOfXmrpyypxIq","baseKeyType":1,"closed":-1,"used":1731751440466,"created":1731669272974,"remoteIdentityKey":"BcIBfzdVt1G1jxFJKlB+p2M3AAzxxKNs+E2O7LCuKuBn"},"_chains":{"BZX8V/pcGq/TDGm9+oTT3/YUnQS13gl/la5JhnZkjUEd":{"chainKey":{"counter":0,"key":"BMiVBOE9Z+M9Woah4Ql3y/4Pasm4zwHBKlNOtNztR4o="},"chainType":2,"messageKeys":{}},"Bb8coOxkoGH8tx/WVxM2cfhl5Qer2VDQMnbv/lXnNY0j":{"chainKey":{"counter":33,"key":"WTyRR1ys9irZxJ+LCGRso2G9vK/rOBei7nhyScLLPqE="},"chainType":1,"messageKeys":{}}}}},"version":"v1"}