{"_sessions":{"Bb6rV2JQQVF4zGmCvmZ+SquqlYWvEM2lkfvJM1KBSqlD":{"registrationId":506787675,"currentRatchet":{"ephemeralKeyPair":{"pubKey":"BSL4oudOIsZGqvNiH956sYulx3yssdMRZagJddAfevYt","privKey":"8PgBdMvXI9R+HgkTvi5BiZXV4ItiWioKWHMbi5I+bHk="},"lastRemoteEphemeralKey":"BZyKGdG8zJ2KihNajvqtidHP0FschuhphpbWO+u9DLxt","previousCounter":1,"rootKey":"Nv4JEskHWxZC7LSzxML+go8IfVuFKtGH74UfEEhepgE="},"indexInfo":{"baseKey":"Bb6rV2JQQVF4zGmCvmZ+SquqlYWvEM2lkfvJM1KBSqlD","baseKeyType":2,"closed":-1,"used":1731978654874,"created":1731683157521,"remoteIdentityKey":"BZCWME5BWXesVF+7BktuEcW6aA4rXGPA7o9QgyjMacdG"},"_chains":{"BRMEvXp9o3EmKO/T6zTP+ISuxQYWrhiwNalFplr10XUf":{"chainKey":{"counter":0},"chainType":2,"messageKeys":{}},"BTBsGNZ3R/glswdnwQaNtd8rm955CA0ejOoxraMfxggS":{"chainKey":{"counter":11},"chainType":2,"messageKeys":{}},"BZyKGdG8zJ2KihNajvqtidHP0FschuhphpbWO+u9DLxt":{"chainKey":{"counter":8,"key":"25i40/6MqMjr+42sc+EpjTOuI/7cJU6IE4qSzGZXCck="},"chainType":2,"messageKeys":{}},"BSL4oudOIsZGqvNiH956sYulx3yssdMRZagJddAfevYt":{"chainKey":{"counter":-1,"key":"A7D33MExam3rHGyltKaMVpfOH261fAoxDS4JN9DLOdg="},"chainType":1,"messageKeys":{}}}}},"version":"v1"}