{"_sessions":{"BbXO2sOzsrMb6gFz6BVps3VLiZfM7Bq/c1JNLB/ha+lP":{"registrationId":708348267,"currentRatchet":{"ephemeralKeyPair":{"pubKey":"BU6QsoyqOMbrP/eFX7vPJsODSdv567YUvDlazSCCS/UI","privKey":"AHrQab1aE8CU1eqy/EsQb42SRsuq5uafVi4CClf/wXA="},"lastRemoteEphemeralKey":"BXDGjzXgoSVUidA5okUEczn+s8WrcuNGDssKVUk1Zg9F","previousCounter":0,"rootKey":"5HCdB4k6Ov/9P7nm/j2ShfpABiWR0Jgqjm1tC1AmxAo="},"indexInfo":{"baseKey":"BbXO2sOzsrMb6gFz6BVps3VLiZfM7Bq/c1JNLB/ha+lP","baseKeyType":1,"closed":1731669274856,"used":1731669258620,"created":1731669258620,"remoteIdentityKey":"Bd6SWO/t74BRoQYH5fDaBv4XWgf6HFwjXWwtuogJsM1D"},"_chains":{"BU6QsoyqOMbrP/eFX7vPJsODSdv567YUvDlazSCCS/UI":{"chainKey":{"counter":0,"key":"FBOtsDOwpPrNf4SAwtVUCQH8Mwqrb1O1VpPio5ANeb0="},"chainType":1,"messageKeys":{}}},"pendingPreKey":{"signedKeyId":3,"baseKey":"BbXO2sOzsrMb6gFz6BVps3VLiZfM7Bq/c1JNLB/ha+lP","preKeyId":9521719}},"BWRY5O2W8RwClLYlZDPRkw+UE/Fc5lakD7dCxdliXEMp":{"registrationId":708348267,"currentRatchet":{"ephemeralKeyPair":{"pubKey":"BaID9QfX/7Wh5nONzxousyvvs1mNFRTlVUCi7iU9Jdt5","privKey":"EEMzV9VfR33hU5isamwRwUQvyLkJ5cKjNVIuLhXN3Xg="},"lastRemoteEphemeralKey":"BVu2rlzDjO1pc82syLwaUM3e6IIscJ+QPRo+tgrg7Ep9","previousCounter":14,"rootKey":"5VMu9aNj/tMGcJs0jupH6Eol2wMJWPhX0U5envB6jyA="},"indexInfo":{"baseKey":"BWRY5O2W8RwClLYlZDPRkw+UE/Fc5lakD7dCxdliXEMp","baseKeyType":1,"closed":-1,"used":1731924067453,"created":1731669272534,"remoteIdentityKey":"Bd6SWO/t74BRoQYH5fDaBv4XWgf6HFwjXWwtuogJsM1D"},"_chains":{"BYXf4QBlkwp+qNKl3M6sFScCkQjN8Wry87FDbE2fX3s/":{"chainKey":{"counter":0},"chainType":2,"messageKeys":{}},"BSgmkoG1MuN4RBeSlKh7W3JwZWe46P7LhiEDChZ8pwcB":{"chainKey":{"counter":0},"chainType":2,"messageKeys":{}},"BVu2rlzDjO1pc82syLwaUM3e6IIscJ+QPRo+tgrg7Ep9":{"chainKey":{"counter":0,"key":"ZjRLj1VcpUswi91ZePY3pXlQXQ7zQSzAodJByHK8hJI="},"chainType":2,"messageKeys":{}},"BaID9QfX/7Wh5nONzxousyvvs1mNFRTlVUCi7iU9Jdt5":{"chainKey":{"counter":8,"key":"I+FkPiAnYdsTO7N/4XPbUb23YSjyCjt+6r6PEPwwBgA="},"chainType":1,"messageKeys":{}}}}},"version":"v1"}