{"_sessions":{"BRPdVnsVkpt0Yb7mkacMPpORgWX63a4p2BrNW6yjwJFt":{"registrationId":66,"currentRatchet":{"ephemeralKeyPair":{"pubKey":"BbM03s42DPlukQw+UBJTk8c583NhXgTnG3eBR9w1Cc96","privKey":"KHL7XDMLwjGYaI4uTF8GW9CIOplpg6g9+aGvCqtmKVU="},"lastRemoteEphemeralKey":"BVr2gxQqCSkd35v0+qrUY39c3FBkSe/Cqm3oYxMS0REy","previousCounter":0,"rootKey":"ynWkanvuMZ5WWQU2oz5bydlioI/E9aZQQXBLko5WeMw="},"indexInfo":{"baseKey":"BRPdVnsVkpt0Yb7mkacMPpORgWX63a4p2BrNW6yjwJFt","baseKeyType":1,"closed":-1,"used":1731893237678,"created":1731892633127,"remoteIdentityKey":"BYxZyV7wyfZi8KmJjfCFDTM1jV02VZq9fZJq+y8zBUwm"},"_chains":{"BVr2gxQqCSkd35v0+qrUY39c3FBkSe/Cqm3oYxMS0REy":{"chainKey":{"counter":0,"key":"S45yETnQzbFjCZBtWq1yjJ7vSKfmCUVX8UDGzzXIZVo="},"chainType":2,"messageKeys":{}},"BbM03s42DPlukQw+UBJTk8c583NhXgTnG3eBR9w1Cc96":{"chainKey":{"counter":0,"key":"XOJl2Vmth2+pzzyYaKsl6wz/UHMBxq3twZKnByL6Pe0="},"chainType":1,"messageKeys":{}}}}},"version":"v1"}