{"_sessions":{"Bdvh3BSbD71tReqlVJUnnQ+jlWI3heuvSRxNcVlxRSka":{"registrationId":226411910,"currentRatchet":{"ephemeralKeyPair":{"pubKey":"Bc/6vPZY7EfCBy3Nd7hN3cRykfdWWTgldXDrPzyxrnQn","privKey":"QNRFxvQ40AmE7lkA/P1eWngKmLCA1IFjijzCJrg5EWw="},"lastRemoteEphemeralKey":"BeqMZAKG2jmtlH3f2WuYuSk9RYOzm+/UsSFOAC+4Uodz","previousCounter":14,"rootKey":"dnt7yTUajqUmYyCKdYDKeBBqocblluU9qT/dpCjGZyE="},"indexInfo":{"baseKey":"Bdvh3BSbD71tReqlVJUnnQ+jlWI3heuvSRxNcVlxRSka","baseKeyType":2,"closed":-1,"used":1731924065633,"created":1731718567117,"remoteIdentityKey":"BTqK/b/QFVHxFcGYm5Gw8jcVxn3H7ewfiCyW9zPmbElF"},"_chains":{"Bc/W+K2XCBr0iIzd/jFUPZcRS1ZlPWEQ6Cw6ZSnuI1go":{"chainKey":{"counter":0},"chainType":2,"messageKeys":{}},"BZqsTIyz7VPsYtiJL1B1ZPFi8BAp+dAhvm9hVQ/gnmZV":{"chainKey":{"counter":0},"chainType":2,"messageKeys":{}},"BeqMZAKG2jmtlH3f2WuYuSk9RYOzm+/UsSFOAC+4Uodz":{"chainKey":{"counter":0,"key":"C0CXuRdprqXws7uC0oylTAgZC2eX80RjV4ycsBZdOos="},"chainType":2,"messageKeys":{}},"Bc/6vPZY7EfCBy3Nd7hN3cRykfdWWTgldXDrPzyxrnQn":{"chainKey":{"counter":17,"key":"Izpf/hbQWjgpia1NZQRPs1SyavWvOAoVa1++17twbSo="},"chainType":1,"messageKeys":{}}}}},"version":"v1"}