{"_sessions":{"BWwnGLGb4OYxptQLYiLnH9sBa4p6WtUJuu9jlfGVuJsa":{"registrationId":1412744373,"currentRatchet":{"ephemeralKeyPair":{"pubKey":"BZrGwGx/MAv6F8Wg+Wafg8JZQZuiHaiQVzB1YR1cVq5J","privKey":"ECOtT0z7PnwSu+ZnbAUyT85NOFdmOYiZu5oRJjR2TEs="},"lastRemoteEphemeralKey":"BUyhfDatq1RRHNbpy52J3NYcrdGOAiW3ZRgzV1JrHQFy","previousCounter":0,"rootKey":"Jlu8CTWaC2cB/0bCm7rqc+/ggtMFjLfeLNpJrGPkLvY="},"indexInfo":{"baseKey":"BWwnGLGb4OYxptQLYiLnH9sBa4p6WtUJuu9jlfGVuJsa","baseKeyType":1,"closed":-1,"used":1731761519230,"created":1731761519230,"remoteIdentityKey":"BRpkdqTB3Yft5upKnyEurVuzQE9BiF6/uEiwNBdDJNYY"},"_chains":{"BZrGwGx/MAv6F8Wg+Wafg8JZQZuiHaiQVzB1YR1cVq5J":{"chainKey":{"counter":2,"key":"DSaPusEeokbuI6YJcZtt5N/L32pvA5T3s89tTIzg+5M="},"chainType":1,"messageKeys":{}}},"pendingPreKey":{"signedKeyId":2,"baseKey":"BWwnGLGb4OYxptQLYiLnH9sBa4p6WtUJuu9jlfGVuJsa","preKeyId":12828254}}},"version":"v1"}