{"_sessions":{"BSHGI9tKd1127XRQ8cSzquhOJRKcF8WAoKK9fXEiI8FZ":{"registrationId":2014275172,"currentRatchet":{"ephemeralKeyPair":{"pubKey":"BR9MnwrpOGnwslyb6ZYnUNpJidmLNVNqmH8NZv7ZrpsZ","privKey":"IOpj4I7LxcUGDJjyyDPjsF38X8jvBDGKYOjAzo+pjWQ="},"lastRemoteEphemeralKey":"BVphKsta6FH7j/PkDr9rhGDURkSvUXfziftdX+s0n6h6","previousCounter":0,"rootKey":"ecYmM0NzPB+pRZdJeXK+ZE4c9Yag2CWsjSq3+GoUdNQ="},"indexInfo":{"baseKey":"BSHGI9tKd1127XRQ8cSzquhOJRKcF8WAoKK9fXEiI8FZ","baseKeyType":1,"closed":-1,"used":1731676607349,"created":1731676607349,"remoteIdentityKey":"BTkUdMkHj/Eg+1I5BdIL11XPXRTlnUtIBy4EGlzg02oA"},"_chains":{"BR9MnwrpOGnwslyb6ZYnUNpJidmLNVNqmH8NZv7ZrpsZ":{"chainKey":{"counter":0,"key":"PigcIZFBc86tFfn7iBBcLtKC4aggOLTF2I5xZ1LPMqk="},"chainType":1,"messageKeys":{}}},"pendingPreKey":{"signedKeyId":5,"baseKey":"BSHGI9tKd1127XRQ8cSzquhOJRKcF8WAoKK9fXEiI8FZ","preKeyId":2115217}}},"version":"v1"}