{"_sessions":{"BfT4b+rz9HHTBEWeEcmazoqosPuIWsdjB7w8fWtx1OMs":{"registrationId":1324491071,"currentRatchet":{"ephemeralKeyPair":{"pubKey":"BfHd15PyGZaE3UHDY/s1Tr6xYgR/VJTzFH3VGPyIY0gm","privKey":"0I0tPdiMspfvvkXiLUYs3kwacIHpR8RdkS7Uysc6HVg="},"lastRemoteEphemeralKey":"BX76Dn+hG3/88zZkhrPBeATd4aPszoe/NHHl754fDZMJ","previousCounter":0,"rootKey":"sqU2bVZTHeAF4hZAzSFOG9Eie3L0vo03xWHLWhAjt+M="},"indexInfo":{"baseKey":"BfT4b+rz9HHTBEWeEcmazoqosPuIWsdjB7w8fWtx1OMs","baseKeyType":1,"closed":-1,"used":1731683222956,"created":1731683222956,"remoteIdentityKey":"BVZCUn13GhOjS/sc6vnp8ln7maN/Ci53CSvVKWUJYCQ/"},"_chains":{"BfHd15PyGZaE3UHDY/s1Tr6xYgR/VJTzFH3VGPyIY0gm":{"chainKey":{"counter":2,"key":"rD2pD27Ie6pIMslBoztsEdga2PlnS65gMd3q5JnmYxM="},"chainType":1,"messageKeys":{}}},"pendingPreKey":{"signedKeyId":4,"baseKey":"BfT4b+rz9HHTBEWeEcmazoqosPuIWsdjB7w8fWtx1OMs","preKeyId":15679569}}},"version":"v1"}