{"_sessions":{"BWnKcirbEz7XbtM0EipA3g6btDX0G4lZaYMxjBvLzLQP":{"registrationId":547427952,"currentRatchet":{"ephemeralKeyPair":{"pubKey":"BaMvzOC7uVxp9lLUJ+rf5d6OxxFAqLvuDhRUZWhvTRQW","privKey":"8FHlNHYyMB9RfQBfQ7rw890e+XQfSMOt6jFLFc0MzXw="},"lastRemoteEphemeralKey":"Bb8802Go9w0ap9Y4kq5UdVHmQqPdozlb6mxE+JefsJ57","previousCounter":0,"rootKey":"HqIrwkLUP0OCyCnSedUmfg1xX16vbA/fIjj+mILsmvg="},"indexInfo":{"baseKey":"BWnKcirbEz7XbtM0EipA3g6btDX0G4lZaYMxjBvLzLQP","baseKeyType":1,"closed":-1,"used":1731707443016,"created":1731707443016,"remoteIdentityKey":"BbYFwL7ccfCn/UFDrhnsiVit4XkfcxSkjvm7pbAucQx0"},"_chains":{"BaMvzOC7uVxp9lLUJ+rf5d6OxxFAqLvuDhRUZWhvTRQW":{"chainKey":{"counter":1,"key":"ttKou7cRwCzQetALnTPKTfQq+T8xfSHQ68wQQVvKjB0="},"chainType":1,"messageKeys":{}}},"pendingPreKey":{"signedKeyId":8,"baseKey":"BWnKcirbEz7XbtM0EipA3g6btDX0G4lZaYMxjBvLzLQP","preKeyId":2941574}}},"version":"v1"}