{"_sessions":{"BUBuXg01TKPEt5WJYAECJsiSf1DKVWhgaVtL4QCHB1Y/":{"registrationId":10299,"currentRatchet":{"ephemeralKeyPair":{"pubKey":"BfWnDcqwz17Nv8gEPdPcok8MvOR1YrXBkdMwnONBPLV1","privKey":"8FaXkgLAVd9vp5hQN341/w236GU6dphD2QMchSXIsVM="},"lastRemoteEphemeralKey":"BbkUmek0ajIY5G8Mlw+8sQN6qqmoln06MoRhjYKHn5Ik","previousCounter":0,"rootKey":"HaG2GCh60rbCGcarystEA5aRXCxmf16XwjLfeWiIsoo="},"indexInfo":{"baseKey":"BUBuXg01TKPEt5WJYAECJsiSf1DKVWhgaVtL4QCHB1Y/","baseKeyType":1,"closed":-1,"used":1731669226981,"created":1731669226981,"remoteIdentityKey":"BSC6D1mOBeZquk+7vjoYgMj4QYn5UiOK453K14sqTPJO"},"_chains":{"BfWnDcqwz17Nv8gEPdPcok8MvOR1YrXBkdMwnONBPLV1":{"chainKey":{"counter":9,"key":"KkT4hliYQSapEH6CTrjZfenllsJp3cyOwx5/U7F8gIU="},"chainType":1,"messageKeys":{}}},"pendingPreKey":{"signedKeyId":1,"baseKey":"BUBuXg01TKPEt5WJYAECJsiSf1DKVWhgaVtL4QCHB1Y/"}}},"version":"v1"}