{"_sessions":{"BT760dSgQ+iAdHF6b07pXsvXfVf+E8h9LELxPhexWhwC":{"registrationId":1976647190,"currentRatchet":{"ephemeralKeyPair":{"pubKey":"BQt7wvKXFFxRQss+osbFgiHgsQ4Ot9C4sQTpWjnSUTV9","privKey":"0CVucMSB9IWyWP06A2Q12oqlW5hO8y7ctU0V+vDi1FI="},"lastRemoteEphemeralKey":"BXgiS2jpJxd+LsZhjmjVb8dJhR++bCKGG1eA7o9rukcK","previousCounter":0,"rootKey":"EA/b3b82Eo0dVKrySafQw1eyKsPVVoYs7FwHafgjhYk="},"indexInfo":{"baseKey":"BT760dSgQ+iAdHF6b07pXsvXfVf+E8h9LELxPhexWhwC","baseKeyType":1,"closed":-1,"used":1731956511464,"created":1731956511464,"remoteIdentityKey":"BbdtIXNR9A6v2W41QNkTm32GKREY4HCw4t12l3/4xjgE"},"_chains":{"BQt7wvKXFFxRQss+osbFgiHgsQ4Ot9C4sQTpWjnSUTV9":{"chainKey":{"counter":8,"key":"5VhOGpZXM/rtLUka1AtJw7X1akqZUSWZ2DKluIgIj6A="},"chainType":1,"messageKeys":{}}},"pendingPreKey":{"signedKeyId":5,"baseKey":"BT760dSgQ+iAdHF6b07pXsvXfVf+E8h9LELxPhexWhwC","preKeyId":15483679}}},"version":"v1"}