{"_sessions":{"BZb3gBxeByGpdlg7h0hfn8BUIZcXO48CqFK+5owYt+1T":{"registrationId":425415159,"currentRatchet":{"ephemeralKeyPair":{"pubKey":"BRxsNTysuGS1vYuT4R9hFbUpA9ZgXEv+2CPJ/OMQqYN/","privKey":"UMz9F/5xm/Wo3PlUzlJMVHYOaxWwKgN5ji0gKyV+WXY="},"lastRemoteEphemeralKey":"BbOPZGQLEXAZI10oVm15xSkgTgweE2saVlARrOYBjKcv","previousCounter":0,"rootKey":"pF60r6PeKaa4T52qN6+rU2RVeBx6cuBjSHVt7bakzk8="},"indexInfo":{"baseKey":"BZb3gBxeByGpdlg7h0hfn8BUIZcXO48CqFK+5owYt+1T","baseKeyType":1,"closed":-1,"used":1731675283386,"created":1731675283386,"remoteIdentityKey":"BVXnOqbkIP2WzQo1DMBG0zwqOJ7lgvILaDzgulhFaPV4"},"_chains":{"BRxsNTysuGS1vYuT4R9hFbUpA9ZgXEv+2CPJ/OMQqYN/":{"chainKey":{"counter":3,"key":"vOBcBdyuTveV9QY6KT/AMiEwEqOXMBheINB3S+++Vz0="},"chainType":1,"messageKeys":{}}},"pendingPreKey":{"signedKeyId":11,"baseKey":"BZb3gBxeByGpdlg7h0hfn8BUIZcXO48CqFK+5owYt+1T","preKeyId":15752276}}},"version":"v1"}