{"_sessions":{"BWsiCJai1qx23pmrpZ3ZSXCS3s0TMhu//I8OvNcGzo8v":{"registrationId":1144711592,"currentRatchet":{"ephemeralKeyPair":{"pubKey":"BdElK57Npb91Qm+ZYdF+2wSkM3+CYmvdn4Ulx7Nfp8Et","privKey":"eGuhn08g3ZJR3/JPUoM0H1byJJNpAcs4ZVIL2bfwaW0="},"lastRemoteEphemeralKey":"BcyT/dfaH07v5UalkYzfzDmJLSo4AyB79TBknRXR4g8F","previousCounter":0,"rootKey":"GKmBlzkVmPxQTfqqA/U4Am09mKxutQajecCJmTIA/NE="},"indexInfo":{"baseKey":"BWsiCJai1qx23pmrpZ3ZSXCS3s0TMhu//I8OvNcGzo8v","baseKeyType":1,"closed":-1,"used":1731675016841,"created":1731675016841,"remoteIdentityKey":"Bc3z4uo5czaoSufaKCwLKqMvRImWMWafi3lqJyJO4hcS"},"_chains":{"BdElK57Npb91Qm+ZYdF+2wSkM3+CYmvdn4Ulx7Nfp8Et":{"chainKey":{"counter":0,"key":"dhZAgrugteR/HjFZMx6PL222R8G4gMMS9yfjye0OwPI="},"chainType":1,"messageKeys":{}}},"pendingPreKey":{"signedKeyId":25,"baseKey":"BWsiCJai1qx23pmrpZ3ZSXCS3s0TMhu//I8OvNcGzo8v","preKeyId":3345614}}},"version":"v1"}