{"_sessions":{"BXfRdCAxHuvq9+JFZX6+g7rxykmx2Ar40FzRTjKKlL9T":{"registrationId":1237646101,"currentRatchet":{"ephemeralKeyPair":{"pubKey":"BZb2oZIiXQ0pMV0uksfXG3zf2HRj2giEtYPNPhdB3YwU","privKey":"aP4XgLUkfSfTZHXy0caEEDMnApt4w1u9CEwDVoAW5Hw="},"lastRemoteEphemeralKey":"BZ1t3Dlx/HTjIbqmiDxSxdqYNBTauNX2yKAu7vAS6k4X","previousCounter":0,"rootKey":"Ee50FVRdpS27X45n+IQXRzAjcwt4pKnX5ozQYvLpcjQ="},"indexInfo":{"baseKey":"BXfRdCAxHuvq9+JFZX6+g7rxykmx2Ar40FzRTjKKlL9T","baseKeyType":1,"closed":-1,"used":1731676607497,"created":1731676607497,"remoteIdentityKey":"BWr3vTsc9Zparu9HNtAwVj7IKWiBO8hdjqSgXvcbM5lU"},"_chains":{"BZb2oZIiXQ0pMV0uksfXG3zf2HRj2giEtYPNPhdB3YwU":{"chainKey":{"counter":0,"key":"7Ss7MmSMSIzhpvO9j2bqY7DbD4+HhZb1CIYsPf2vVSo="},"chainType":1,"messageKeys":{}}},"pendingPreKey":{"signedKeyId":1,"baseKey":"BXfRdCAxHuvq9+JFZX6+g7rxykmx2Ar40FzRTjKKlL9T","preKeyId":5890292}}},"version":"v1"}