{"_sessions":{"BbCsL4id7zPzw8Gif3OsturfjqX7JQwwvI0FXTf5/iY2":{"registrationId":9397,"currentRatchet":{"ephemeralKeyPair":{"pubKey":"BTucCzoQS2376rtvjpYwQLHZILlqgvNlIFX6XVe4Cco5","privKey":"IP0gl+7SA19+wnjh5oqv5dODWjVlw5vqv4bhg9RsWE0="},"lastRemoteEphemeralKey":"Bf6aPENhbTCZy++XtsIIijJ3lLjGbbYbHN1sUrhNEfkT","previousCounter":0,"rootKey":"h59d3ANhVtXvbxX48/2EHrOgBw2Fo8UKTI7ZDbcsKHI="},"indexInfo":{"baseKey":"BbCsL4id7zPzw8Gif3OsturfjqX7JQwwvI0FXTf5/iY2","baseKeyType":1,"closed":1731669274822,"used":1731669258068,"created":1731669258068,"remoteIdentityKey":"BTzdx42rY911ShfHAxZCUtpyHvbGghtS6SwvsPFDij4L"},"_chains":{"BTucCzoQS2376rtvjpYwQLHZILlqgvNlIFX6XVe4Cco5":{"chainKey":{"counter":0,"key":"TNLkNJTug9aIBVBjkOQgVJzpVXFklMM+KkitKmM6B1g="},"chainType":1,"messageKeys":{}}},"pendingPreKey":{"signedKeyId":1,"baseKey":"BbCsL4id7zPzw8Gif3OsturfjqX7JQwwvI0FXTf5/iY2","preKeyId":2685}},"BWZwyAUUmMfhL+2ZInBfcaY0n6QQb+47XcgfWWpHgQsD":{"registrationId":9397,"currentRatchet":{"ephemeralKeyPair":{"pubKey":"BcXM0T2oLuJp8zLNXXb8D3bYOWNSn5VPqxrj3BTNC6Ux","privKey":"aE6Em/sS6D7yqHRaZaCx0+RY/GcRIbPcKblKyeTk/kA="},"lastRemoteEphemeralKey":"Bf6aPENhbTCZy++XtsIIijJ3lLjGbbYbHN1sUrhNEfkT","previousCounter":0,"rootKey":"2qgwwmteAbVQ/56mVDVjx0FEYAsG2ynQZ+7nYgUpCSo="},"indexInfo":{"baseKey":"BWZwyAUUmMfhL+2ZInBfcaY0n6QQb+47XcgfWWpHgQsD","baseKeyType":1,"closed":-1,"used":1731669271973,"created":1731669271973,"remoteIdentityKey":"BTzdx42rY911ShfHAxZCUtpyHvbGghtS6SwvsPFDij4L"},"_chains":{"BcXM0T2oLuJp8zLNXXb8D3bYOWNSn5VPqxrj3BTNC6Ux":{"chainKey":{"counter":64,"key":"Que1J/oDKiPg6K2RlUIJAPZyNstu+ez9srecQ7GODyo="},"chainType":1,"messageKeys":{}}},"pendingPreKey":{"signedKeyId":1,"baseKey":"BWZwyAUUmMfhL+2ZInBfcaY0n6QQb+47XcgfWWpHgQsD","preKeyId":2541}}},"version":"v1"}