{"_sessions":{"BcCi+AVTc2XdyT5EjlXT4Bw1teonYIFABqb9vsO2fTVW":{"registrationId":127174313,"currentRatchet":{"ephemeralKeyPair":{"pubKey":"BUPYvL0g3Ar38L/biO1m3NHKBh5ggnhvaWX1YbptNAgp","privKey":"2F84G/SBhP9smjfpKjoa0H9ghdbO6pDHadcDeAa9h3U="},"lastRemoteEphemeralKey":"BURKI+gowb262rgYVKAh8fx2I1PFhRt5xo0JQxLRT587","previousCounter":0,"rootKey":"fRh5t/Ldc/ynrUfBC11pv87xZ5kQj1EO6dq2srNbmTE="},"indexInfo":{"baseKey":"BcCi+AVTc2XdyT5EjlXT4Bw1teonYIFABqb9vsO2fTVW","baseKeyType":1,"closed":1731669274835,"used":1731669258276,"created":1731669258276,"remoteIdentityKey":"BcH8EdIeTnVSILVljjLY1BVCkQusoAkHgjQVwBvH9dJv"},"_chains":{"BUPYvL0g3Ar38L/biO1m3NHKBh5ggnhvaWX1YbptNAgp":{"chainKey":{"counter":0,"key":"PR1igng0n8oqaLzQkSxqp+pqKcq3RZMLMGGMQ2VF+RM="},"chainType":1,"messageKeys":{}}},"pendingPreKey":{"signedKeyId":3,"baseKey":"BcCi+AVTc2XdyT5EjlXT4Bw1teonYIFABqb9vsO2fTVW","preKeyId":7231671}},"BXujv4FdmHoR0J3LLSML2MnXY7gzz0sFPUMjVSfpviUI":{"registrationId":127174313,"currentRatchet":{"ephemeralKeyPair":{"pubKey":"BRw9pRMKp9Fi36+R9F9Dx1aQz7NsR0gQOllMrDJIM2Im","privKey":"wLRJMgAQW7BEonLuNcpom5swqrO85+58m2jlTW8Wdns="},"lastRemoteEphemeralKey":"BckgeN2XkrkUBRV6zmOwvP/JQ3gW0SGlxm9qmOq0Uq54","previousCounter":14,"rootKey":"4F7p8VVEMSNyeeAbsft0VYt1XobvILy1KowvnlSo2wc="},"indexInfo":{"baseKey":"BXujv4FdmHoR0J3LLSML2MnXY7gzz0sFPUMjVSfpviUI","baseKeyType":1,"closed":-1,"used":1731924065535,"created":1731669272182,"remoteIdentityKey":"BcH8EdIeTnVSILVljjLY1BVCkQusoAkHgjQVwBvH9dJv"},"_chains":{"BbOR+XZPVCnYzoG0zoqFnPoWduerFea2J5yGjA6Ucod1":{"chainKey":{"counter":0},"chainType":2,"messageKeys":{}},"BUQr9ADfM9wNL08JUJtsTlz5bnNfoPtDsNBbVir85fUU":{"chainKey":{"counter":0},"chainType":2,"messageKeys":{}},"BckgeN2XkrkUBRV6zmOwvP/JQ3gW0SGlxm9qmOq0Uq54":{"chainKey":{"counter":0,"key":"nfFIQFW9RtAU5H2/lYyRqatwcv0gwFUskl52i2S3w3M="},"chainType":2,"messageKeys":{}},"BRw9pRMKp9Fi36+R9F9Dx1aQz7NsR0gQOllMrDJIM2Im":{"chainKey":{"counter":8,"key":"uos/9HwNUEQkIQWDOyA+0Y4M4HnoFCB6FSZVTakVjrM="},"chainType":1,"messageKeys":{}}}}},"version":"v1"}