{"_sessions":{"BcS8FXoBJ44QY9B9GmWgIG6blBRLdL89vDfhx0/Q0fsc":{"registrationId":671779742,"currentRatchet":{"ephemeralKeyPair":{"pubKey":"BcA6MxcrEmwTaO2qNS1deKyAD8sgMcRYbA5nEvZkdrwW","privKey":"2NZP/kN/DeQdkuB9y7qFEekN0PCgylfWFLcEQ80ZP3s="},"lastRemoteEphemeralKey":"BedjffBOUaysCiir3lEhstUWH81I9kgR4eGgxqf3MiIp","previousCounter":0,"rootKey":"POd68FKoVZ344cSDG1IZDXmm9tcZgH7B7p7A90P+BX0="},"indexInfo":{"baseKey":"BcS8FXoBJ44QY9B9GmWgIG6blBRLdL89vDfhx0/Q0fsc","baseKeyType":1,"closed":1731669274873,"used":1731669258988,"created":1731669258988,"remoteIdentityKey":"BSaKH0FJ6boJf0Shg0bWQiwXoXBXuLFs8fo9fqVl66JP"},"_chains":{"BcA6MxcrEmwTaO2qNS1deKyAD8sgMcRYbA5nEvZkdrwW":{"chainKey":{"counter":0,"key":"UYARbHhUjw6WDznQbii4XWV7QHDdN0kNP/XwU4abf3o="},"chainType":1,"messageKeys":{}}},"pendingPreKey":{"signedKeyId":0,"baseKey":"BcS8FXoBJ44QY9B9GmWgIG6blBRLdL89vDfhx0/Q0fsc","preKeyId":10922938}},"BYTXH+zCgUfS/UCEjXuF6rZFfyKl7hPRy0P4IP+xYNVi":{"registrationId":671779742,"currentRatchet":{"ephemeralKeyPair":{"pubKey":"BQIjBIYDIXT5cZPZF/G6ySXEvP+04pR1NDYJDrW74AYt","privKey":"oFMhcGG8JnbPnbO4i/YWvrdACNPBAU6AS+d8XCHU010="},"lastRemoteEphemeralKey":"BYnpJF37tp6MukKU/XrWgxdqHTWHMfkuxZHA7ePgYhgl","previousCounter":0,"rootKey":"DNomPrc0/vaoQF1UkJsDvGkfYa4a2wTIdZFffA4+sLw="},"indexInfo":{"baseKey":"BYTXH+zCgUfS/UCEjXuF6rZFfyKl7hPRy0P4IP+xYNVi","baseKeyType":1,"closed":-1,"used":1732017868436,"created":1731669272859,"remoteIdentityKey":"BSaKH0FJ6boJf0Shg0bWQiwXoXBXuLFs8fo9fqVl66JP"},"_chains":{"BXykGA+p0WlweZ+QNY0ayuRWAjWu4R3noCukMGAzbwZ8":{"chainKey":{"counter":0},"chainType":2,"messageKeys":{}},"BV/jNu8R7SRLPyiTu5A0EgfjipUTXvBe5T80dJed/0ER":{"chainKey":{"counter":0},"chainType":2,"messageKeys":{}},"BRnP8eTo45atuk6+bdLFA29BA3hCmotdZ/YOW1qVvSNC":{"chainKey":{"counter":1},"chainType":2,"messageKeys":{}},"BbcKOH1JDqrPJFvs9CwRhOCLFG+tItRd+yGtrCl6Z/0i":{"chainKey":{"counter":0},"chainType":2,"messageKeys":{}},"BZWSpxDtkboG1XEI/eQvj6z5wnZ95FMlBQpknxy6Dxc+":{"chainKey":{"counter":1},"chainType":2,"messageKeys":{}},"BWQbFUokyFw7AfFhaXyOLJXeb7EWqWZBsMgoL2XLTU4O":{"chainKey":{"counter":0},"chainType":2,"messageKeys":{}},"BfK2LNIJ9BA90IImM27ZCjVEwELUnCFRvpj+osU4TN54":{"chainKey":{"counter":0},"chainType":2,"messageKeys":{}},"BYnCInI4zTJEvC1ndtP2XKuljbX/JnvNN6dOLvjdUbRv":{"chainKey":{"counter":0},"chainType":2,"messageKeys":{}},"BbRHoQG86GRetq6uCVzWSJVPYeQENkPeSGEXnUmpnBAa":{"chainKey":{"counter":2},"chainType":2,"messageKeys":{}},"BQqWYKA1iWUX7Uc/UoF76kXnsbcUwh3XqEFA+AOrLPst":{"chainKey":{"counter":1},"chainType":2,"messageKeys":{}},"BVSJ0tRhlrNR+HmRh/P+tAc4g3DqZ7IgZNfJCi3O3DJW":{"chainKey":{"counter":0},"chainType":2,"messageKeys":{}},"BYnpJF37tp6MukKU/XrWgxdqHTWHMfkuxZHA7ePgYhgl":{"chainKey":{"counter":0,"key":"MKT39Lg3XgVCCATD6Gb+yTW/JzPskFfxKQtYS7APph4="},"chainType":2,"messageKeys":{}},"BQIjBIYDIXT5cZPZF/G6ySXEvP+04pR1NDYJDrW74AYt":{"chainKey":{"counter":1,"key":"PUeruhRcKMQH70G/ii47MR37HRNZFN55mFsS2r12FVc="},"chainType":1,"messageKeys":{}}}}},"version":"v1"}