{"_sessions":{"BVrBiiWd++oaPpyFgl/BFU9GWC0o8kBr+fA4HyL1HYJI":{"registrationId":1635123012,"currentRatchet":{"ephemeralKeyPair":{"pubKey":"BdSpZdQi97fKmVi8f0oQA8LJWQHsHieHB13dRwSpYIYF","privKey":"QJPye+JcWVFcwbIH/h2H/9LiFakAyUR2TGC+l36+lGA="},"lastRemoteEphemeralKey":"BXzN6WTNIFwXw3LLd2JeoK5N//y9if4U8Hp7rN24ZFNO","previousCounter":0,"rootKey":"lJhUanImk5A2bpHFkxTt2xdaPSfNqi/V90oHRwPRc40="},"indexInfo":{"baseKey":"BVrBiiWd++oaPpyFgl/BFU9GWC0o8kBr+fA4HyL1HYJI","baseKeyType":2,"closed":-1,"used":1731684718304,"created":1731684718304,"remoteIdentityKey":"BW1gZpXyukNw6o9j6ZM99tXyTGZ/wFvVXw0FyyJNw+4o"},"_chains":{"BXzN6WTNIFwXw3LLd2JeoK5N//y9if4U8Hp7rN24ZFNO":{"chainKey":{"counter":1,"key":"Q7MthFnsP6AxqxGcrlFWtdI9SNwCJNGAxb27y2/LllE="},"chainType":2,"messageKeys":{}},"BdSpZdQi97fKmVi8f0oQA8LJWQHsHieHB13dRwSpYIYF":{"chainKey":{"counter":-1,"key":"fRoBPkCliVTqJ2bFM5XMJn3iiYd4A2Bp8kgPNF6pSEA="},"chainType":1,"messageKeys":{}}}}},"version":"v1"}