{"_sessions":{"BUuqU9LijTTocN1RaMvj4alf2YYi5agwBeWvnpBL/nNH":{"registrationId":1510815599,"currentRatchet":{"ephemeralKeyPair":{"pubKey":"BSn0vZ+Xm+M8pyM/AySAjTeTSrJ3W8WqXW6S/N7UfagH","privKey":"UJmceHVOs/QUH+M9tRFGkHJ8gmryDpFHTSyWDcrmtU0="},"lastRemoteEphemeralKey":"Bcv66QaFBltBDVCSJAZxl0XWO2KfKXmt1rfdUdnNtcYM","previousCounter":0,"rootKey":"17ZU8xgB2sTHLuPujbv+DMfY5QhLd6tmHA9gm8iJkZw="},"indexInfo":{"baseKey":"BUuqU9LijTTocN1RaMvj4alf2YYi5agwBeWvnpBL/nNH","baseKeyType":2,"closed":-1,"used":1732006907951,"created":1731676965144,"remoteIdentityKey":"BV0kzQkBEBPp4PlfZ9VxtaK9ihVPqm9kauN5JZtGGjJ9"},"_chains":{"BY3/ADZLQAUh3BTye6dwowK+kFzGl9+/PuqK3c5ywH43":{"chainKey":{"counter":3},"chainType":2,"messageKeys":{}},"BZIjTKukCQXEZlIQJHvlWVmLlVlu2QmXiOVqR4SiQcU/":{"chainKey":{"counter":1},"chainType":2,"messageKeys":{}},"Bcv66QaFBltBDVCSJAZxl0XWO2KfKXmt1rfdUdnNtcYM":{"chainKey":{"counter":5,"key":"30CXbYvvGoPOoXWTiQo0WmINbb7x9bVzoz7AYo74Xa0="},"chainType":2,"messageKeys":{}},"BSn0vZ+Xm+M8pyM/AySAjTeTSrJ3W8WqXW6S/N7UfagH":{"chainKey":{"counter":-1,"key":"gl69QrJhl6qNtgBJU1l+bX5RuoL991ERaInbHNbMkKo="},"chainType":1,"messageKeys":{}}}}},"version":"v1"}