{"_sessions":{"BdOsv6bMcpnAGAt0EitXb+pmALBH701O/0xge0B3wE1g":{"registrationId":1539099783,"currentRatchet":{"ephemeralKeyPair":{"pubKey":"BS3ig8ZTZQv24fyD70joFy+5JFhWAs8r2YiNC4kRKwoX","privKey":"sDgB4Oo1jC1IyzwZTX8jNeAwzSQpQpj5jMpfsE5l2nI="},"lastRemoteEphemeralKey":"BRTsNJ4lc7p9XCbelTGFqmAaINZo5lUdLexVi76bREId","previousCounter":0,"rootKey":"ilc4XU3ce3eicdr+1bjMxuizpEPiLNBoJozhLjbCCqQ="},"indexInfo":{"baseKey":"BdOsv6bMcpnAGAt0EitXb+pmALBH701O/0xge0B3wE1g","baseKeyType":1,"closed":1731669274877,"used":1731669259065,"created":1731669259065,"remoteIdentityKey":"BeHpPNbpXrJatHH1mkRXlaeGJkd7jhR11N1+xeUxzwN7"},"_chains":{"BS3ig8ZTZQv24fyD70joFy+5JFhWAs8r2YiNC4kRKwoX":{"chainKey":{"counter":0,"key":"9c//FuyxKTIOpmn5rdLf4DmUxDF2idZbov5UAX3JwwY="},"chainType":1,"messageKeys":{}}},"pendingPreKey":{"signedKeyId":11851661,"baseKey":"BdOsv6bMcpnAGAt0EitXb+pmALBH701O/0xge0B3wE1g","preKeyId":7876}},"BXtHLnOprCNDn8/4K3pBjbnrxfwojaIR2tER5w3PqIp2":{"registrationId":1539099783,"currentRatchet":{"ephemeralKeyPair":{"pubKey":"BbYhh5PtKvg0cmCLTV9zerf/aWtXiFMshe2xMWEF5XxA","privKey":"WEQjYBetmgBu8y/JfEOhJdw9LC21oHBUijwRg9OGr0A="},"lastRemoteEphemeralKey":"BRTsNJ4lc7p9XCbelTGFqmAaINZo5lUdLexVi76bREId","previousCounter":0,"rootKey":"hyzYR0pL6gej6yxYq91ggnhBetZNBhdQ6KwMSLPuP00="},"indexInfo":{"baseKey":"BXtHLnOprCNDn8/4K3pBjbnrxfwojaIR2tER5w3PqIp2","baseKeyType":1,"closed":-1,"used":1731669272931,"created":1731669272931,"remoteIdentityKey":"BeHpPNbpXrJatHH1mkRXlaeGJkd7jhR11N1+xeUxzwN7"},"_chains":{"BbYhh5PtKvg0cmCLTV9zerf/aWtXiFMshe2xMWEF5XxA":{"chainKey":{"counter":31,"key":"vPpa5thVi/BUVs6HAliw18BYovi3asukEYz/vf+6tE4="},"chainType":1,"messageKeys":{}}},"pendingPreKey":{"signedKeyId":11851661,"baseKey":"BXtHLnOprCNDn8/4K3pBjbnrxfwojaIR2tER5w3PqIp2","preKeyId":7982}}},"version":"v1"}