{"_sessions":{"BZTS8F89Yb8rTHjLv6lX3wDo8FPoIKmZ0h2+cSfOLY5k":{"registrationId":14803,"currentRatchet":{"ephemeralKeyPair":{"pubKey":"BRqvzRFDRb4fI7mowe931mhxyPCDL9y0vvK3y048CflM","privKey":"YGeUz2YKxLIs8eEuvmiJuGdFh2KUX6NmER5Z3RvuFWo="},"lastRemoteEphemeralKey":"BXb/YzYaADSl+7WSMxQ7Merz/8PmMlte3zJ7MECa85MV","previousCounter":0,"rootKey":"56jz912UOIRiVC1fnuEcsjpKgG0IX2Dd+0PhbwhF124="},"indexInfo":{"baseKey":"BZTS8F89Yb8rTHjLv6lX3wDo8FPoIKmZ0h2+cSfOLY5k","baseKeyType":1,"closed":1731669274821,"used":1731669258037,"created":1731669258037,"remoteIdentityKey":"BZefbT166v62wrEwjbeWFaPVY/5KB3XHofET4AirCTkl"},"_chains":{"BRqvzRFDRb4fI7mowe931mhxyPCDL9y0vvK3y048CflM":{"chainKey":{"counter":0,"key":"idOAFJqdrqUbLOuLJ2INNG52rRwQxoo6QUTeuciI44M="},"chainType":1,"messageKeys":{}}},"pendingPreKey":{"signedKeyId":1,"baseKey":"BZTS8F89Yb8rTHjLv6lX3wDo8FPoIKmZ0h2+cSfOLY5k"}},"BfPnZYrYOVhzQeQxyLXYQ52WcZEdjLBeH4hFYRX8q7ZE":{"registrationId":14803,"currentRatchet":{"ephemeralKeyPair":{"pubKey":"BYyBctmwYnSsd0RkdrZhRI8K8zxdIxsFKsH3F61Yvllo","privKey":"QA3LSY+dG+ivUmVWc/92FdIQEV/UZE+CnvbSxdTJ20I="},"lastRemoteEphemeralKey":"BXb/YzYaADSl+7WSMxQ7Merz/8PmMlte3zJ7MECa85MV","previousCounter":0,"rootKey":"18RUkgji6vU4ZlfM/5Qqdejhy8aez10dZOYjIJ+gp1Y="},"indexInfo":{"baseKey":"BfPnZYrYOVhzQeQxyLXYQ52WcZEdjLBeH4hFYRX8q7ZE","baseKeyType":1,"closed":-1,"used":1731669271944,"created":1731669271944,"remoteIdentityKey":"BZefbT166v62wrEwjbeWFaPVY/5KB3XHofET4AirCTkl"},"_chains":{"BYyBctmwYnSsd0RkdrZhRI8K8zxdIxsFKsH3F61Yvllo":{"chainKey":{"counter":11,"key":"dgYRn+zp/2o7Xq1X6XxUYmtREF+svo1ILxO/sZ8uTSM="},"chainType":1,"messageKeys":{}}},"pendingPreKey":{"signedKeyId":1,"baseKey":"BfPnZYrYOVhzQeQxyLXYQ52WcZEdjLBeH4hFYRX8q7ZE"}}},"version":"v1"}