{"_sessions":{"BQqPuqHqgaLmk66EiabZqKk7ckuRSIpTepW3XFx6bTVm":{"registrationId":310492640,"currentRatchet":{"ephemeralKeyPair":{"pubKey":"BclieaaxGCeK51Mi8VCEhyg+5AepQnmwEWMxPr3HOd4j","privKey":"6CW2F7OztfeJIU0Qbg4+D68cMIDkknSG9yzf46O2pWQ="},"lastRemoteEphemeralKey":"Bcd0/XmLiMXjWg58fuD0iR4+gHsuacJHvo+ia0AFDuMX","previousCounter":0,"rootKey":"XRLiwvMIz0zhnctLMWAORibT+rLsUmZc4I1Zt15o8Ts="},"indexInfo":{"baseKey":"BQqPuqHqgaLmk66EiabZqKk7ckuRSIpTepW3XFx6bTVm","baseKeyType":1,"closed":-1,"used":1731683223011,"created":1731683223011,"remoteIdentityKey":"BWnuknbW/XKqUd2NwFAfMPHulm74fujf2Oyl7prAH/MO"},"_chains":{"BclieaaxGCeK51Mi8VCEhyg+5AepQnmwEWMxPr3HOd4j":{"chainKey":{"counter":0,"key":"tTD6M/2V+LO/ShhzD8pXroS+5C7NxNW1/1Cr7NwzG/E="},"chainType":1,"messageKeys":{}}},"pendingPreKey":{"signedKeyId":0,"baseKey":"BQqPuqHqgaLmk66EiabZqKk7ckuRSIpTepW3XFx6bTVm","preKeyId":3693917}}},"version":"v1"}