{"_sessions":{"BWKw/fv4sKxxtoptWAl/AKqoxDQd8P07/2kLhWMxQGIL":{"registrationId":1485066039,"currentRatchet":{"ephemeralKeyPair":{"pubKey":"BUvsGf1lZXhLQBVEszf7sc3UOaFiI8I7PjJaeWKdLjYD","privKey":"QNk2YM2+R5oEUpjYeezjXdhlmo+r6a+le/txvkomeW0="},"lastRemoteEphemeralKey":"BUR6qAiiZcgvkasF4mbgJBVzeAGFtzfyzBpGM3hhKa0q","previousCounter":1,"rootKey":"fm2BRuyZCcB8YC+3aBBC+YPBEAEEYmMM517XIVD4wQo="},"indexInfo":{"baseKey":"BWKw/fv4sKxxtoptWAl/AKqoxDQd8P07/2kLhWMxQGIL","baseKeyType":2,"closed":-1,"used":1732007026114,"created":1731729846242,"remoteIdentityKey":"BSaWzccPpw+hhg1z59uA/LcSTkV4QOq4L4xoBQQfcwwC"},"_chains":{"BTTEiJnPfL3OutXnRLGLLU95r+t3OUpYT21X5/hUrT4N":{"chainKey":{"counter":0},"chainType":2,"messageKeys":{}},"BUR6qAiiZcgvkasF4mbgJBVzeAGFtzfyzBpGM3hhKa0q":{"chainKey":{"counter":1,"key":"dCZkPYFxRfwTgAGqQy57W/NkXQhn7749zO7rjYo8gyA="},"chainType":2,"messageKeys":{}},"BUvsGf1lZXhLQBVEszf7sc3UOaFiI8I7PjJaeWKdLjYD":{"chainKey":{"counter":-1,"key":"OmHMQWZDVXeSlon5MdsVcCe3rxXfsEY+SmLuMp2/rGs="},"chainType":1,"messageKeys":{}}}}},"version":"v1"}