{"_sessions":{"BdFQ8mIapNi2Tt6UvBDagYBvHSWKk89CsQhucucHOXAs":{"registrationId":250282941,"currentRatchet":{"ephemeralKeyPair":{"pubKey":"BR2fi3qHioDU55Z2Vnh3BAweEoxaqOZEoljc1HaOodID","privKey":"yGLrFuYUDEA5WIo9XurzrR2JmGZXimKW5Bs0VsorO3o="},"lastRemoteEphemeralKey":"BXA9u/dFK32E0G/KzuahLmPuLJUe/IytA5RRLirH8CVW","previousCounter":0,"rootKey":"wBueU1fzeAjbNwrs/psxKw4VFt+3B0oUNjgHg3ENQg4="},"indexInfo":{"baseKey":"BdFQ8mIapNi2Tt6UvBDagYBvHSWKk89CsQhucucHOXAs","baseKeyType":1,"closed":1731669274977,"used":1731669260310,"created":1731669260310,"remoteIdentityKey":"BXRpNNjyjCYr+A6pCufeInIoVmF7xSNSYatT+kTBg0MS"},"_chains":{"BR2fi3qHioDU55Z2Vnh3BAweEoxaqOZEoljc1HaOodID":{"chainKey":{"counter":0,"key":"HWa2YfBykJ+EUiOfE94jNfXlHb3OZuoRlcq6o8dS74g="},"chainType":1,"messageKeys":{}}},"pendingPreKey":{"signedKeyId":4,"baseKey":"BdFQ8mIapNi2Tt6UvBDagYBvHSWKk89CsQhucucHOXAs","preKeyId":4352091}},"BbaR1FBeiXAoSoabSm1Na0ZiHJPi8nODgEVWYU8ft7Br":{"registrationId":250282941,"currentRatchet":{"ephemeralKeyPair":{"pubKey":"BXYN3zYWqd1KTyxdUZzbCRsvx/VKcO4ldOxJwoxJ/P8M","privKey":"MD1paTXCsQJzAEyLGOBTOymoLbWEEFdwBpH7Ey0panM="},"lastRemoteEphemeralKey":"BazIrsFM3ZBR4bMK++AJYcBjvShxJ0IvwwB/ae0IM6RO","previousCounter":11,"rootKey":"SXGBpE/oXYTb1S3NkCKd50o/c2tJt3XVZ/XsxzLcEjs="},"indexInfo":{"baseKey":"BbaR1FBeiXAoSoabSm1Na0ZiHJPi8nODgEVWYU8ft7Br","baseKeyType":1,"closed":-1,"used":1731924065564,"created":1731669274129,"remoteIdentityKey":"BXRpNNjyjCYr+A6pCufeInIoVmF7xSNSYatT+kTBg0MS"},"_chains":{"BQhQryCJYrYKcAFD1tVjFOA/Be/hNkWFy8FVkio5j30L":{"chainKey":{"counter":0},"chainType":2,"messageKeys":{}},"Ba+He5uQx4Fz6klsmvKJrnri/3Rf4joU9yjEwhJUgoFi":{"chainKey":{"counter":0},"chainType":2,"messageKeys":{}},"BTrynAvLs/L1JdCOJOzbcxm1aEav/uSHFNB1w0Mq8+Rm":{"chainKey":{"counter":0},"chainType":2,"messageKeys":{}},"Bft5kpiI75jGAXZDZS7kLknPyvejzvMXl2oaJCzOitRQ":{"chainKey":{"counter":0},"chainType":2,"messageKeys":{}},"BazIrsFM3ZBR4bMK++AJYcBjvShxJ0IvwwB/ae0IM6RO":{"chainKey":{"counter":0,"key":"lGZZ+c7fASqFmsqRYEHMvr1JYkqWrHElXyz+tS+rkn8="},"chainType":2,"messageKeys":{}},"BXYN3zYWqd1KTyxdUZzbCRsvx/VKcO4ldOxJwoxJ/P8M":{"chainKey":{"counter":17,"key":"WxBqSRrkaCYrDse7exvEENsMZbMbeGnyjmD0vQVV7sU="},"chainType":1,"messageKeys":{}}}}},"version":"v1"}