{"_sessions":{"BWLM6pbDAwsk9v0/SLpR/S7uITr1lpY/WjSsd4UCpRNM":{"registrationId":497699264,"currentRatchet":{"ephemeralKeyPair":{"pubKey":"BQQTDZQ67n4ST9JdiEBHBYwLTgKXN+ctFLuwbiyW6D4U","privKey":"oBz1IKA6bbA+sVI/hsiv5U9+MN6hVmBnNuOyniTd9GY="},"lastRemoteEphemeralKey":"BVAdL7czYVcSN9RECvE9rxg3tO900DkYjxxWslZDXbce","previousCounter":0,"rootKey":"Q9tyb9XaEoXJLGKtfssbfHB0KxMyqXyUsWX5fFRCXWk="},"indexInfo":{"baseKey":"BWLM6pbDAwsk9v0/SLpR/S7uITr1lpY/WjSsd4UCpRNM","baseKeyType":1,"closed":1731770226568,"used":1731770223398,"created":1731770223398,"remoteIdentityKey":"BWhtXF4E2v9gfXxkvu9NLQzHxz+yQXXvKBGmbAzSwsYR"},"_chains":{"BQQTDZQ67n4ST9JdiEBHBYwLTgKXN+ctFLuwbiyW6D4U":{"chainKey":{"counter":0,"key":"o5oXNz/3fM5KTqRNjnF0IgRBIIi0JDrkwQ53qpfZpSU="},"chainType":1,"messageKeys":{}}},"pendingPreKey":{"signedKeyId":0,"baseKey":"BWLM6pbDAwsk9v0/SLpR/S7uITr1lpY/WjSsd4UCpRNM","preKeyId":10272075}},"BRsIk7oDGSznZ7F3d2YkcY2Xw3f5b0AdjESvt1QdcEAS":{"registrationId":497699264,"currentRatchet":{"ephemeralKeyPair":{"pubKey":"BWhnF6zPPWNY/Ye2XLPOovi3qL+N4iBiPzc95glrKqIf","privKey":"+Hhaw7cLPJByNWPqwWAxnDsqj8HCyzTQpbHc+m0de10="},"lastRemoteEphemeralKey":"BVAdL7czYVcSN9RECvE9rxg3tO900DkYjxxWslZDXbce","previousCounter":0,"rootKey":"5EKizE2Uwz+72KJjI8YmEdUScl8bc3QhqneoReHlkQM="},"indexInfo":{"baseKey":"BRsIk7oDGSznZ7F3d2YkcY2Xw3f5b0AdjESvt1QdcEAS","baseKeyType":1,"closed":1731965918782,"used":1731770226243,"created":1731770226243,"remoteIdentityKey":"BWhtXF4E2v9gfXxkvu9NLQzHxz+yQXXvKBGmbAzSwsYR"},"_chains":{"BWhnF6zPPWNY/Ye2XLPOovi3qL+N4iBiPzc95glrKqIf":{"chainKey":{"counter":0,"key":"zJ3pl5h5BO9ffCYjJLaTGbzL0qIrMoB3IeVR4eh8BBc="},"chainType":1,"messageKeys":{}}},"pendingPreKey":{"signedKeyId":0,"baseKey":"BRsIk7oDGSznZ7F3d2YkcY2Xw3f5b0AdjESvt1QdcEAS","preKeyId":10272130}},"BZuKvWrHxiCfRDKvIqzkQ/GgWueittSB2gDYK/1EH3VW":{"registrationId":1406610136,"currentRatchet":{"ephemeralKeyPair":{"pubKey":"BeoWOgh/fZSM8aa5Wgt8DPxAL9d4xPCFIZLQAbgfPsAh","privKey":"AOshN+ZvKI8Jw+NzyPFqK8/NWQKraooNXtqb2Nn/A3I="},"lastRemoteEphemeralKey":"BSi8MnemTvzwAZqlBuBSPNNJizxCKHS4DS5O3kM5MwJr","previousCounter":0,"rootKey":"U38BGdhchdXDZONTNsP/g8N4kZOwk/KQB1/GXLxd78M="},"indexInfo":{"baseKey":"BZuKvWrHxiCfRDKvIqzkQ/GgWueittSB2gDYK/1EH3VW","baseKeyType":1,"closed":1731965919278,"used":1731965918779,"created":1731965918779,"remoteIdentityKey":"BYfkVp9eOyMotlBBt9Cy9nn0Yr7qESVP8kLRbGG0bBRq"},"_chains":{"BeoWOgh/fZSM8aa5Wgt8DPxAL9d4xPCFIZLQAbgfPsAh":{"chainKey":{"counter":-1,"key":"0FNb2CCgkA1ro5yd6AfTE7C78KNWHtrYNi0pJioXiUk="},"chainType":1,"messageKeys":{}}},"pendingPreKey":{"signedKeyId":0,"baseKey":"BZuKvWrHxiCfRDKvIqzkQ/GgWueittSB2gDYK/1EH3VW","preKeyId":6035790}},"BU0PAYsIFIvJeOUutAY2zf77cCuN04rY8uLdcO5/tape":{"registrationId":1406610136,"currentRatchet":{"ephemeralKeyPair":{"pubKey":"BT0VJ/L8XGOg2FB3qDAtbXqUBlnAGKozafbL689ig/Bb","privKey":"wDTNicb7QTxIL0Gl7Sup4nEP3lK5Ow8BVyiXpF8VeWo="},"lastRemoteEphemeralKey":"BSi8MnemTvzwAZqlBuBSPNNJizxCKHS4DS5O3kM5MwJr","previousCounter":0,"rootKey":"nisqqu3c+qkAGufHc9F/GRQxjqL5xFfSLMDBYNkIZBU="},"indexInfo":{"baseKey":"BU0PAYsIFIvJeOUutAY2zf77cCuN04rY8uLdcO5/tape","baseKeyType":1,"closed":-1,"used":1731965919275,"created":1731965919275,"remoteIdentityKey":"BYfkVp9eOyMotlBBt9Cy9nn0Yr7qESVP8kLRbGG0bBRq"},"_chains":{"BT0VJ/L8XGOg2FB3qDAtbXqUBlnAGKozafbL689ig/Bb":{"chainKey":{"counter":-1,"key":"th1pa/serHBb5dq2wAdCSo3G1sfLHiocdVsMBp4dZjU="},"chainType":1,"messageKeys":{}}},"pendingPreKey":{"signedKeyId":0,"baseKey":"BU0PAYsIFIvJeOUutAY2zf77cCuN04rY8uLdcO5/tape","preKeyId":6035845}}},"version":"v1"}