{"_sessions":{"BfEPIm0sNZeGbI+QLuDLiCtL/RZ+QWUyaOnCTEioQYo5":{"registrationId":1213119493,"currentRatchet":{"ephemeralKeyPair":{"pubKey":"BcLV2/J+yJsq/HvUt67F5xSBIvVZYDSk/2Ikj567HqEl","privKey":"0DW/YtnwoQi5JKmGw6efSMmnTklU7pLqqXR8B4D061Q="},"lastRemoteEphemeralKey":"BTs/Eeu2wEXkqineIBVHNEtvcJfnokcxknHhEdKxASVP","previousCounter":0,"rootKey":"xWpv0x/9hmP7L7qksRg1QbJHYf5fB8Nk+mZBOvq5dcA="},"indexInfo":{"baseKey":"BfEPIm0sNZeGbI+QLuDLiCtL/RZ+QWUyaOnCTEioQYo5","baseKeyType":1,"closed":-1,"used":1731696553919,"created":1731696553919,"remoteIdentityKey":"Bcdw02TnFy2rhoaqJazDSPWHpzRC5T10k4JY5A9QzD01"},"_chains":{"BcLV2/J+yJsq/HvUt67F5xSBIvVZYDSk/2Ikj567HqEl":{"chainKey":{"counter":10,"key":"XHexbH2fcFAsxATaatmHwPFb5LoPXg7p56IEPh6/CgU="},"chainType":1,"messageKeys":{}}},"pendingPreKey":{"signedKeyId":1,"baseKey":"BfEPIm0sNZeGbI+QLuDLiCtL/RZ+QWUyaOnCTEioQYo5"}}},"version":"v1"}