{"_sessions":{"BXF3c5T+e05qG7yIDwYQg9RvrFJBe14CNLHTr6imOpN+":{"registrationId":1518714010,"currentRatchet":{"ephemeralKeyPair":{"pubKey":"BY65EgU0Q4hjRIKzxYsaxAv/7hk/aMJQV13yQREpLiRV","privKey":"wJDEhme3SkP0TY08CyX/6zcTvgvtXtZi4EZlslPxxHI="},"lastRemoteEphemeralKey":"BbVgTzqhenrPDB0HAGDceZH1MdIrRVmKgnmGFC8Gihx9","previousCounter":0,"rootKey":"BtngByym/yJNfNVk+zPAGbk3BYoIgcZMU9RWxEf6M/M="},"indexInfo":{"baseKey":"BXF3c5T+e05qG7yIDwYQg9RvrFJBe14CNLHTr6imOpN+","baseKeyType":1,"closed":-1,"used":1731889990172,"created":1731675016680,"remoteIdentityKey":"BVKxGcckHFo5hwn6c5fCoRrAOvFZHT7d9NpHGDpr1Bh4"},"_chains":{"BbVgTzqhenrPDB0HAGDceZH1MdIrRVmKgnmGFC8Gihx9":{"chainKey":{"counter":5,"key":"hqV8oT0ORc9EeV5LbxfroPc44MhaoGwGQQ3wXtpzcvs="},"chainType":2,"messageKeys":{}},"BY65EgU0Q4hjRIKzxYsaxAv/7hk/aMJQV13yQREpLiRV":{"chainKey":{"counter":-1,"key":"G9BHb/8Z7HttqQaQ7gXSF1nX1ZcIKi3bDZJkFuuhQzE="},"chainType":1,"messageKeys":{}}}}},"version":"v1"}