{"_sessions":{"BR7NSPgfVwGzLZGO2hB3bseDi6/2CEZqT+VSjDrv6XdD":{"registrationId":120,"currentRatchet":{"ephemeralKeyPair":{"pubKey":"BXNYjtT2cXAnevPROuRxlsqSqyXKm9gvbNPOpph68O1/","privKey":"wKI0MO8T6fvbQFHN5cLycK0sO/8mCIru7DuNxhgwIk0="},"lastRemoteEphemeralKey":"BZZhQTrCMjMLl60GsjVeMpnaK/u4PFyQIfP/9tV8bhkP","previousCounter":0,"rootKey":"Wdk4xnnpzDUlunM4H6dmRpiqy9uyYI5g1qyMQsT7j0A="},"indexInfo":{"baseKey":"BR7NSPgfVwGzLZGO2hB3bseDi6/2CEZqT+VSjDrv6XdD","baseKeyType":1,"closed":-1,"used":1731669227078,"created":1731669227078,"remoteIdentityKey":"BT56cV0RORKfcIx8JXfBAMR9SOULYcNi+roKhAcKrXlK"},"_chains":{"BXNYjtT2cXAnevPROuRxlsqSqyXKm9gvbNPOpph68O1/":{"chainKey":{"counter":8,"key":"n75662lFFSrA6jtWjnoZTy97iMx/39o+wooiU/U82Mg="},"chainType":1,"messageKeys":{}}},"pendingPreKey":{"signedKeyId":1,"baseKey":"BR7NSPgfVwGzLZGO2hB3bseDi6/2CEZqT+VSjDrv6XdD"}}},"version":"v1"}