{"_sessions":{"BQd2VAsI1CjKhHomkdVq/bkOmJ1sdr7E7AAmYbCl2cEp":{"registrationId":46,"currentRatchet":{"ephemeralKeyPair":{"pubKey":"BfqhGoL6EX54msGh6tHP/j/pBwRAN1tAyzrsEmQl2tUM","privKey":"8Le4buNINuQAzaylb7zF2DFucfZcysWO9HoPx2uXVXQ="},"lastRemoteEphemeralKey":"BckHthQilLyLhnTTYat3sXdLlbu7s87sA0C1UwWd81gv","previousCounter":0,"rootKey":"qIRWOBHg9EC17u0kETqt9CZR62yybl1KEq5OdzIhPi0="},"indexInfo":{"baseKey":"BQd2VAsI1CjKhHomkdVq/bkOmJ1sdr7E7AAmYbCl2cEp","baseKeyType":1,"closed":-1,"used":1731745714520,"created":1731745714520,"remoteIdentityKey":"BSG4RJzWss+X1jmvu/5UZenSxFwfxI1psDcvcWg1xkR4"},"_chains":{"BfqhGoL6EX54msGh6tHP/j/pBwRAN1tAyzrsEmQl2tUM":{"chainKey":{"counter":0,"key":"WaXpxqpRXAGE9EBqN5hVjUktNSZMItlMTCtrqRYWYO0="},"chainType":1,"messageKeys":{}}},"pendingPreKey":{"signedKeyId":1,"baseKey":"BQd2VAsI1CjKhHomkdVq/bkOmJ1sdr7E7AAmYbCl2cEp"}}},"version":"v1"}