{"_sessions":{"BVow86zSLG/RfCE7D71kGwCliIa/vaRky49vW5QD/3Eb":{"registrationId":2029010373,"currentRatchet":{"ephemeralKeyPair":{"pubKey":"Bc0P68mZr8QjBCrBm4BkJ0o4PuVNTUbpr+bAH5VTrf5W","privKey":"UHM5z876rUIi+oWmLmZokwT5U2hIiIxsZbn4aNXCdmY="},"lastRemoteEphemeralKey":"BWvR43EvN8YnY5KVlaiLk/fp7sCMIrGh3iofrdgfnwFd","previousCounter":0,"rootKey":"3EIhhCYMZdKEzCFMglewe0U6aVwBf+uxHVXVSmYF9mA="},"indexInfo":{"baseKey":"BVow86zSLG/RfCE7D71kGwCliIa/vaRky49vW5QD/3Eb","baseKeyType":1,"closed":-1,"used":1731761519345,"created":1731761519345,"remoteIdentityKey":"BUnPRELykOpXkFWW1AGY8KeJrxWL4hAmMHbsrBVYLzwo"},"_chains":{"Bc0P68mZr8QjBCrBm4BkJ0o4PuVNTUbpr+bAH5VTrf5W":{"chainKey":{"counter":2,"key":"/v8K8olrzFn3n9IpHDNlG28RGNgVZVmGIj23+a70Xzw="},"chainType":1,"messageKeys":{}}},"pendingPreKey":{"signedKeyId":1,"baseKey":"BVow86zSLG/RfCE7D71kGwCliIa/vaRky49vW5QD/3Eb","preKeyId":16438451}}},"version":"v1"}