{"_sessions":{"BVnRK7exCxGgj94Aal+G5K5ik3bi+u30b8YbyWHthmIr":{"registrationId":1732505271,"currentRatchet":{"ephemeralKeyPair":{"pubKey":"BUlSxT2bey5sakqi7leDfVyIeP5USHVjqPZS3iW2OmBm","privKey":"eDbWpm5YUnl/5HaYfMwMfQmk/yWFPRT9YizNfMPPe10="},"lastRemoteEphemeralKey":"BbHU8tlLQZSnu1SOgarg9qtL+a4PZEWSOzGvTYlKG5NY","previousCounter":0,"rootKey":"vyBWfTIctBbj5D680gohVQDtki8ndbdJF5VQFpKYbew="},"indexInfo":{"baseKey":"BVnRK7exCxGgj94Aal+G5K5ik3bi+u30b8YbyWHthmIr","baseKeyType":1,"closed":-1,"used":1731675016849,"created":1731675016849,"remoteIdentityKey":"BcyhDnwBEy/DIzreG3Ep2N/TYQCPwdvdYw93sNLX0nhY"},"_chains":{"BUlSxT2bey5sakqi7leDfVyIeP5USHVjqPZS3iW2OmBm":{"chainKey":{"counter":0,"key":"2ySkJy8XCA0M0aE96AW7dLILB5cZfy0htWeTklkaaCg="},"chainType":1,"messageKeys":{}}},"pendingPreKey":{"signedKeyId":1,"baseKey":"BVnRK7exCxGgj94Aal+G5K5ik3bi+u30b8YbyWHthmIr","preKeyId":5021214}}},"version":"v1"}