{"_sessions":{"BcLWqQc7ROH6EhA9vtolTv1aNWaXKDgCEHkIK78lbKhD":{"registrationId":10124,"currentRatchet":{"ephemeralKeyPair":{"pubKey":"BVIScUscYnDATe+X2DF7exNqCUTgrnopIRFbNv3IjX5y","privKey":"+JuOSQCzGRuyYihxE3mkxAE+i5/YDm60rn7qU5a3HHM="},"lastRemoteEphemeralKey":"BXxzXnl/8dd0NkgbGt5IWUVgyrsFHy7sQVnTd83RFNtQ","previousCounter":0,"rootKey":"Ie/TWGJcNzJmf0DoOSACu48sFC204kiiiJRurAGq7f4="},"indexInfo":{"baseKey":"BcLWqQc7ROH6EhA9vtolTv1aNWaXKDgCEHkIK78lbKhD","baseKeyType":1,"closed":1731669274787,"used":1731669257698,"created":1731669257698,"remoteIdentityKey":"BQtkDTuRGECvLH4uakXj6895GqD9RQ371gbBGv8eoq0I"},"_chains":{"BVIScUscYnDATe+X2DF7exNqCUTgrnopIRFbNv3IjX5y":{"chainKey":{"counter":0,"key":"lgVfOzKVjtUNwWIGEr2CsUDhvMTJRjBHsBTh6llOwP0="},"chainType":1,"messageKeys":{}}},"pendingPreKey":{"signedKeyId":1,"baseKey":"BcLWqQc7ROH6EhA9vtolTv1aNWaXKDgCEHkIK78lbKhD"}},"BQYj3NNOZQK6bYhtI7bd/QepSA2lqYK7x474lcgQby46":{"registrationId":10124,"currentRatchet":{"ephemeralKeyPair":{"pubKey":"BekO53tj/aAZsAnfNCbeJPWNpgcN4+7TgAtaB+GX+AEu","privKey":"SP+fBEfqWKabZxYpyNQ6j4ziSqo3T9bHEIT2F/zu/nk="},"lastRemoteEphemeralKey":"BXxzXnl/8dd0NkgbGt5IWUVgyrsFHy7sQVnTd83RFNtQ","previousCounter":0,"rootKey":"EjMDArGD0vHv7jODooqhUaF6cP8j8Qv7PgkfprJlllA="},"indexInfo":{"baseKey":"BQYj3NNOZQK6bYhtI7bd/QepSA2lqYK7x474lcgQby46","baseKeyType":1,"closed":-1,"used":1731669271574,"created":1731669271574,"remoteIdentityKey":"BQtkDTuRGECvLH4uakXj6895GqD9RQ371gbBGv8eoq0I"},"_chains":{"BekO53tj/aAZsAnfNCbeJPWNpgcN4+7TgAtaB+GX+AEu":{"chainKey":{"counter":73,"key":"McJCd91Z0Fszo/RUZ9UK01ELMNrg8h7uG6PiGl0B9xY="},"chainType":1,"messageKeys":{}}},"pendingPreKey":{"signedKeyId":1,"baseKey":"BQYj3NNOZQK6bYhtI7bd/QepSA2lqYK7x474lcgQby46"}}},"version":"v1"}