{"_sessions":{"BfFjrR9LnneaCX7dns6jH87pugPWX8/QCOMuTY7ravZM":{"registrationId":1734416973,"currentRatchet":{"ephemeralKeyPair":{"pubKey":"BaI5IAGpzms/hADDp74o3x1VWVMfwvU9/vZC3SxvPTkT","privKey":"mGuuVHKgHZlKa9yQrjLCqIgkJRxD6sLrsvGeeEB0TX4="},"lastRemoteEphemeralKey":"BZl0/e7i9RinymVjiNAJYNj5bq8HBTvFObCXbSpHqV1/","previousCounter":1,"rootKey":"L3dbHhAuuJXfJkapfrs865dYGpbmC1fZ6IraWAAh1ek="},"indexInfo":{"baseKey":"BfFjrR9LnneaCX7dns6jH87pugPWX8/QCOMuTY7ravZM","baseKeyType":2,"closed":-1,"used":1731950550261,"created":1731680315707,"remoteIdentityKey":"BUR87Pw/2000h4QOl/Ji/gZ2OiSB1zXO4Fqt7lZXqGAQ"},"_chains":{"BQANW3kI11Tqf38DPo3KYpSaueVVszWXqw+NBeVZpCo5":{"chainKey":{"counter":2},"chainType":2,"messageKeys":{}},"BZl0/e7i9RinymVjiNAJYNj5bq8HBTvFObCXbSpHqV1/":{"chainKey":{"counter":3,"key":"pXsjudxcb8uGDRJVYd4pXcvKnvYEoDd4wgXex4+w0uc="},"chainType":2,"messageKeys":{}},"BaI5IAGpzms/hADDp74o3x1VWVMfwvU9/vZC3SxvPTkT":{"chainKey":{"counter":-1,"key":"ixVk2KNH/QSww6aBFUVbXuUBQmgK5mDdV1NWc8dI0mI="},"chainType":1,"messageKeys":{}}}}},"version":"v1"}