{"_sessions":{"BYThXvhW0bOKBPm6fPfmOc6m78xLZKlYEE769NGzU1t3":{"registrationId":1009197959,"currentRatchet":{"ephemeralKeyPair":{"pubKey":"BU8CjheU0OAVMQYVdtnf4JB0AwRkL1xmUL28iPBKYxQ9","privKey":"aLKNRbhkjjtkH4m6ThOxuuhtvvJyxzTf6NgQv/rHWm4="},"lastRemoteEphemeralKey":"BXK5aVouX/HiLi7ackitsGwSXaQilFcvk8HPPUH8aw9X","previousCounter":0,"rootKey":"ijYHQjVCvYOHKYX7O1te4nYFbRbtaTQZJwTQZMvC2Xs="},"indexInfo":{"baseKey":"BYThXvhW0bOKBPm6fPfmOc6m78xLZKlYEE769NGzU1t3","baseKeyType":1,"closed":1731669274984,"used":1731669260495,"created":1731669260495,"remoteIdentityKey":"BQeCOCusgKbOQvgBObUKCwYXWErpK3WS569olIDzNztQ"},"_chains":{"BU8CjheU0OAVMQYVdtnf4JB0AwRkL1xmUL28iPBKYxQ9":{"chainKey":{"counter":0,"key":"wCzOlezKofNayV8+QBZ6fIv8SwWxXuOQJK7ugj6i3zg="},"chainType":1,"messageKeys":{}}},"pendingPreKey":{"signedKeyId":1,"baseKey":"BYThXvhW0bOKBPm6fPfmOc6m78xLZKlYEE769NGzU1t3","preKeyId":8543303}},"BWyKyzs053/ZV/UAHYxeGv2HDW5hiGqAnkjAsnS/Ye4o":{"registrationId":1009197959,"currentRatchet":{"ephemeralKeyPair":{"pubKey":"BbuZTgfNBtxwpA9Rf+6hf2OOVstzX6B5ZYy8+HU5wBt7","privKey":"CM1PHipkYaWs6DVgx0PENVi9Ew9biDdVPY4CKN7jKFI="},"lastRemoteEphemeralKey":"BeUcCDKQl2ID/KEOEtD5eJP970J0b899/y27t2N1B78a","previousCounter":24,"rootKey":"Tj0Ia/uqgnrLFWs54D8VKLPcSruZidf5EviMj9HenGA="},"indexInfo":{"baseKey":"BWyKyzs053/ZV/UAHYxeGv2HDW5hiGqAnkjAsnS/Ye4o","baseKeyType":1,"closed":-1,"used":1731924065599,"created":1731669274309,"remoteIdentityKey":"BQeCOCusgKbOQvgBObUKCwYXWErpK3WS569olIDzNztQ"},"_chains":{"BXWXiOEAWvkxc0o9SNZvEOMJsRfW1ClmJI0ZuMBY0Gct":{"chainKey":{"counter":0},"chainType":2,"messageKeys":{}},"BeUcCDKQl2ID/KEOEtD5eJP970J0b899/y27t2N1B78a":{"chainKey":{"counter":0,"key":"gMZDw9Hpn9kMMwRfyIXvZHrmxWrINsVMkR62Ajwl8n0="},"chainType":2,"messageKeys":{}},"BbuZTgfNBtxwpA9Rf+6hf2OOVstzX6B5ZYy8+HU5wBt7":{"chainKey":{"counter":15,"key":"iI8OeGjXf962CSUcAG9WfF0dZaBmijge6QERhq7lCM0="},"chainType":1,"messageKeys":{}}}}},"version":"v1"}