{"_sessions":{"BWUvFZglEXojWaqRB7pmQC81XAmdZg66RoMGs+09LkUA":{"registrationId":897193768,"currentRatchet":{"ephemeralKeyPair":{"pubKey":"BZQnnTzcaRVbdl7As/Ag1vMiRScOmIgqzofkeT3aYz49","privKey":"wIAyxrjMkDLKXgb2NN/YOUiMOat5wKh7NbBF0lrRsUk="},"lastRemoteEphemeralKey":"Bd0gXkOv1TDeJHXF1KYCwVXyRTCJVeioRhmppee1LIJs","previousCounter":0,"rootKey":"aayOME9Ab5sKTNIZBLOd8q+2WYsqN+Cib0WdPmzmXo0="},"indexInfo":{"baseKey":"BWUvFZglEXojWaqRB7pmQC81XAmdZg66RoMGs+09LkUA","baseKeyType":2,"closed":-1,"used":1731809129966,"created":1731690166497,"remoteIdentityKey":"BZIFNIwQFZa8KKobaB3TQNOBno4SNCU1OU14oPCaLnZh"},"_chains":{"Be/pPqyZtYdhGG5f0yC1D5h+Nd1rrEVlLeVBozO19qlP":{"chainKey":{"counter":0},"chainType":2,"messageKeys":{}},"Bd0gXkOv1TDeJHXF1KYCwVXyRTCJVeioRhmppee1LIJs":{"chainKey":{"counter":1,"key":"228qTG9LNmDjG9O0LW3Cc1bV63mTpE/dciFBYdBhayQ="},"chainType":2,"messageKeys":{}},"BZQnnTzcaRVbdl7As/Ag1vMiRScOmIgqzofkeT3aYz49":{"chainKey":{"counter":0,"key":"Z4jaEHujpdVC9mSmnT+1HFe1mg2b1sVlOcMN92uulY8="},"chainType":1,"messageKeys":{}}}}},"version":"v1"}