{"_sessions":{"BX7sSHEVKiSrWQUuoH6WGD7QuNIhcYbNpLMrv4QjtSwg":{"registrationId":608150677,"currentRatchet":{"ephemeralKeyPair":{"pubKey":"BXHHRVRGN2hXpMoPEoG+JYxDbrlrfys01PdB3vDUyhZm","privKey":"IFn7BsirqTLxbqoqTdFRGvyNfgWf6HUeyJVGZLO/Y0w="},"lastRemoteEphemeralKey":"BYwnck+mXwan9jKKmIKaanSAgeVMZM6/P3Q9FtzQJE0T","previousCounter":0,"rootKey":"D98gcuG6gdHphRnXusQkuGcWbksKa2J4mld0b3c3kHU="},"indexInfo":{"baseKey":"BX7sSHEVKiSrWQUuoH6WGD7QuNIhcYbNpLMrv4QjtSwg","baseKeyType":2,"closed":-1,"used":1731862506200,"created":1731862506200,"remoteIdentityKey":"BYjQJBFTNyeiw/wzOlW4I09Q5TPwLIP48qOru6L8HU88"},"_chains":{"BYwnck+mXwan9jKKmIKaanSAgeVMZM6/P3Q9FtzQJE0T":{"chainKey":{"counter":1,"key":"E8Fx849/vRNci2lLsF23EsveVKA90SrfQz7ThLDt+Lg="},"chainType":2,"messageKeys":{}},"BXHHRVRGN2hXpMoPEoG+JYxDbrlrfys01PdB3vDUyhZm":{"chainKey":{"counter":0,"key":"E3KQO0jdPCJjP+JB/dYCqE1O6C9/eY3RaESslfpgvmM="},"chainType":1,"messageKeys":{}}}}},"version":"v1"}