{"_sessions":{"BSCVQ3INpMyB72M3Bf904dDBdPz/Y1ENCH3+aBIAfU1f":{"registrationId":1230665690,"currentRatchet":{"ephemeralKeyPair":{"pubKey":"BT1Ti0PW9tHNwHoPJCZ5zl1w9i39i01gPFrynEg0vokz","privKey":"6L6xJlNF1qDe15gYYR1vpNDRKLkyGfpEaYlALCla+H0="},"lastRemoteEphemeralKey":"Be5rvpWlK5IRzs/KY4pZ0aB3uPNrxd6JbaAFZ3ur1msD","previousCounter":0,"rootKey":"OO7vQ90KxMuDO13fGJBa/G0yENfgl7B2tYHjwMYW9uU="},"indexInfo":{"baseKey":"BSCVQ3INpMyB72M3Bf904dDBdPz/Y1ENCH3+aBIAfU1f","baseKeyType":1,"closed":1732025960946,"used":1732025960651,"created":1732025960651,"remoteIdentityKey":"BUXPwZdnwoVvaEsFb97w7AzqE2qbFdh6b6Mb8ainr9sV"},"_chains":{"BT1Ti0PW9tHNwHoPJCZ5zl1w9i39i01gPFrynEg0vokz":{"chainKey":{"counter":-1,"key":"UxQvNBL8lM0kKLXORvJ42r/e+EniyoT/CLNQHONy6yM="},"chainType":1,"messageKeys":{}}},"pendingPreKey":{"signedKeyId":0,"baseKey":"BSCVQ3INpMyB72M3Bf904dDBdPz/Y1ENCH3+aBIAfU1f","preKeyId":10896568}},"BZVlB1E/pQfpw5OgkLXkKm/t7EgIk5uj1/x7DEnrOaNo":{"registrationId":1230665690,"currentRatchet":{"ephemeralKeyPair":{"pubKey":"BZ0B986iAux3qZV42ebTf0OFiUzVxnfs3vwEwlIl+lpm","privKey":"QA4b7jDDdufh0/omymIOrb6CdjkYhF7tdjzMPmv7l0Q="},"lastRemoteEphemeralKey":"Be5rvpWlK5IRzs/KY4pZ0aB3uPNrxd6JbaAFZ3ur1msD","previousCounter":0,"rootKey":"zRW+NqaxkGnGHZjTchJ64dbF5CQOMQl63/assiVA+nw="},"indexInfo":{"baseKey":"BZVlB1E/pQfpw5OgkLXkKm/t7EgIk5uj1/x7DEnrOaNo","baseKeyType":1,"closed":1732025961248,"used":1732025960941,"created":1732025960941,"remoteIdentityKey":"BUXPwZdnwoVvaEsFb97w7AzqE2qbFdh6b6Mb8ainr9sV"},"_chains":{"BZ0B986iAux3qZV42ebTf0OFiUzVxnfs3vwEwlIl+lpm":{"chainKey":{"counter":-1,"key":"0jz8iVbXYqrm7obEeF2gU76XSW8noeMwvkPnXfKee/8="},"chainType":1,"messageKeys":{}}},"pendingPreKey":{"signedKeyId":0,"baseKey":"BZVlB1E/pQfpw5OgkLXkKm/t7EgIk5uj1/x7DEnrOaNo","preKeyId":10896573}},"BY89lGZ54JGiUWZKw9+6Kt1wuyJq5ZpSbFeTGgTAtd4k":{"registrationId":1230665690,"currentRatchet":{"ephemeralKeyPair":{"pubKey":"BVV0lQAptr0JqnuG4/qD50dbyZV5fQcxdH7SE9Fh6JBh","privKey":"cCs+8/j5h2yobCON5OTjeGpStYQ4Amec0O/Xw9x9QGQ="},"lastRemoteEphemeralKey":"Be5rvpWlK5IRzs/KY4pZ0aB3uPNrxd6JbaAFZ3ur1msD","previousCounter":0,"rootKey":"MHEVRleDbjiVuWMeMSWipf+kPkNxajCzZ+658vkIBI0="},"indexInfo":{"baseKey":"BY89lGZ54JGiUWZKw9+6Kt1wuyJq5ZpSbFeTGgTAtd4k","baseKeyType":1,"closed":1732025961580,"used":1732025961237,"created":1732025961237,"remoteIdentityKey":"BUXPwZdnwoVvaEsFb97w7AzqE2qbFdh6b6Mb8ainr9sV"},"_chains":{"BVV0lQAptr0JqnuG4/qD50dbyZV5fQcxdH7SE9Fh6JBh":{"chainKey":{"counter":-1,"key":"ec0IUaqBjgQcoTGt1+8eiIRUWU5SP9AMCOyfOgrotds="},"chainType":1,"messageKeys":{}}},"pendingPreKey":{"signedKeyId":0,"baseKey":"BY89lGZ54JGiUWZKw9+6Kt1wuyJq5ZpSbFeTGgTAtd4k","preKeyId":10896763}},"BePImpNPsrgg/Aaw2QMs6JVJ/DjH8Ql0B6MKIYRrs44J":{"registrationId":1230665690,"currentRatchet":{"ephemeralKeyPair":{"pubKey":"Be9V1cCwVBqNdGEB3ssvuy97B3ZugICuIL91zxRW7QAY","privKey":"GGVFFKE5QI/kyFrV/IGGZb014qY+wZTLv0jS2ih4nmY="},"lastRemoteEphemeralKey":"Be5rvpWlK5IRzs/KY4pZ0aB3uPNrxd6JbaAFZ3ur1msD","previousCounter":0,"rootKey":"KGyO8v9dAadkGCdDeMAvbJ1qjBTzvWUhDhi+fyHbFjg="},"indexInfo":{"baseKey":"BePImpNPsrgg/Aaw2QMs6JVJ/DjH8Ql0B6MKIYRrs44J","baseKeyType":1,"closed":1732025961888,"used":1732025961566,"created":1732025961566,"remoteIdentityKey":"BUXPwZdnwoVvaEsFb97w7AzqE2qbFdh6b6Mb8ainr9sV"},"_chains":{"Be9V1cCwVBqNdGEB3ssvuy97B3ZugICuIL91zxRW7QAY":{"chainKey":{"counter":-1,"key":"WTYVnKyE07Nz6bZktVUyEH95oyrWTjvU+LnG+IMvRRs="},"chainType":1,"messageKeys":{}}},"pendingPreKey":{"signedKeyId":0,"baseKey":"BePImpNPsrgg/Aaw2QMs6JVJ/DjH8Ql0B6MKIYRrs44J","preKeyId":10896725}},"BRsJfCseGYseRi/Z8akjkO2mzJ3gaG57VZeJ7YsqgW5a":{"registrationId":1230665690,"currentRatchet":{"ephemeralKeyPair":{"pubKey":"Beziut+Ql9WVZ5Ruxgr+arulV6TlQMwnLEa0jC+FqCdC","privKey":"qJVhDY7rwPXIJLAQj05dzZvPVSYMwp30CiG/3siQwXA="},"lastRemoteEphemeralKey":"Be5rvpWlK5IRzs/KY4pZ0aB3uPNrxd6JbaAFZ3ur1msD","previousCounter":0,"rootKey":"sGd9+5zt/aVias2MyAxYPBMprTymWKhVXetSOqzwbT0="},"indexInfo":{"baseKey":"BRsJfCseGYseRi/Z8akjkO2mzJ3gaG57VZeJ7YsqgW5a","baseKeyType":1,"closed":1732025962187,"used":1732025961878,"created":1732025961878,"remoteIdentityKey":"BUXPwZdnwoVvaEsFb97w7AzqE2qbFdh6b6Mb8ainr9sV"},"_chains":{"Beziut+Ql9WVZ5Ruxgr+arulV6TlQMwnLEa0jC+FqCdC":{"chainKey":{"counter":-1,"key":"dqd51jW8bbTHzmluQ9SMd2QySVyhG61TCpkjGutZgtQ="},"chainType":1,"messageKeys":{}}},"pendingPreKey":{"signedKeyId":0,"baseKey":"BRsJfCseGYseRi/Z8akjkO2mzJ3gaG57VZeJ7YsqgW5a","preKeyId":10896605}},"BSyq9OJEOV9wMC/yzCO6SQPh3P1yBz2AlwOR0bW4KQBN":{"registrationId":1230665690,"currentRatchet":{"ephemeralKeyPair":{"pubKey":"BULOT92vzoujKRtJMJ6LdbJJgsspCnZ99AZnc0xkeIpc","privKey":"0ATHGjevdX62KRdQLhituTTjncW7budbLsStaQSQKkw="},"lastRemoteEphemeralKey":"Be5rvpWlK5IRzs/KY4pZ0aB3uPNrxd6JbaAFZ3ur1msD","previousCounter":0,"rootKey":"Lp8B1vaR/zj+Lm+cFwZfd+2EtyhP0Yh9TqQizWhH5sQ="},"indexInfo":{"baseKey":"BSyq9OJEOV9wMC/yzCO6SQPh3P1yBz2AlwOR0bW4KQBN","baseKeyType":1,"closed":1732025962479,"used":1732025962179,"created":1732025962179,"remoteIdentityKey":"BUXPwZdnwoVvaEsFb97w7AzqE2qbFdh6b6Mb8ainr9sV"},"_chains":{"BULOT92vzoujKRtJMJ6LdbJJgsspCnZ99AZnc0xkeIpc":{"chainKey":{"counter":-1,"key":"0cpnjpH19ZiTzOt/TB7/O+dGMk15uKNskDu9KUimSCs="},"chainType":1,"messageKeys":{}}},"pendingPreKey":{"signedKeyId":0,"baseKey":"BSyq9OJEOV9wMC/yzCO6SQPh3P1yBz2AlwOR0bW4KQBN","preKeyId":10896778}},"BfukAKnYQ+5kVmHXfD1Ba7+JRz/HABfEuz/CSVv8W38B":{"registrationId":1230665690,"currentRatchet":{"ephemeralKeyPair":{"pubKey":"BQIn78Dh2jSdDoanu6CAX5b+IsS0+kdkP4++QguwxtsP","privKey":"UAfmCN/pNcZ15r6G7MdsQaKq/2UsS8L9xpLrj0fRm1w="},"lastRemoteEphemeralKey":"Be5rvpWlK5IRzs/KY4pZ0aB3uPNrxd6JbaAFZ3ur1msD","previousCounter":0,"rootKey":"I5LokCuG6Fsv739VrJ930IMD4ZZz6BPUlBAwnVRuD4M="},"indexInfo":{"baseKey":"BfukAKnYQ+5kVmHXfD1Ba7+JRz/HABfEuz/CSVv8W38B","baseKeyType":1,"closed":1732025962791,"used":1732025962473,"created":1732025962473,"remoteIdentityKey":"BUXPwZdnwoVvaEsFb97w7AzqE2qbFdh6b6Mb8ainr9sV"},"_chains":{"BQIn78Dh2jSdDoanu6CAX5b+IsS0+kdkP4++QguwxtsP":{"chainKey":{"counter":-1,"key":"ovumFDLYcSTNWZxgBkL6oYN2c01KtI9U4VYGziafA8A="},"chainType":1,"messageKeys":{}}},"pendingPreKey":{"signedKeyId":0,"baseKey":"BfukAKnYQ+5kVmHXfD1Ba7+JRz/HABfEuz/CSVv8W38B","preKeyId":10896485}},"Bf96ZmrmJMsK0rj0s8anQ19nE++8LFZ62QZmyXeyIgx3":{"registrationId":1230665690,"currentRatchet":{"ephemeralKeyPair":{"pubKey":"BTDd9LjNZAKXouDaUH1r+DNETN0pnTubdt1Zymf9OsES","privKey":"+IwSEMtxp17jqNhmfgeBO7e4XV0+WAGkFVkb92Zaamw="},"lastRemoteEphemeralKey":"Be5rvpWlK5IRzs/KY4pZ0aB3uPNrxd6JbaAFZ3ur1msD","previousCounter":0,"rootKey":"mnetIOItF10XGSBJYd6oJRstDcusgGrkjHXzCLq4Up4="},"indexInfo":{"baseKey":"Bf96ZmrmJMsK0rj0s8anQ19nE++8LFZ62QZmyXeyIgx3","baseKeyType":1,"closed":1732025963090,"used":1732025962783,"created":1732025962783,"remoteIdentityKey":"BUXPwZdnwoVvaEsFb97w7AzqE2qbFdh6b6Mb8ainr9sV"},"_chains":{"BTDd9LjNZAKXouDaUH1r+DNETN0pnTubdt1Zymf9OsES":{"chainKey":{"counter":-1,"key":"7Gubryz6JHt2kI8IKDv1+kFNzp0WrjMhrbhSApDmr88="},"chainType":1,"messageKeys":{}}},"pendingPreKey":{"signedKeyId":0,"baseKey":"Bf96ZmrmJMsK0rj0s8anQ19nE++8LFZ62QZmyXeyIgx3","preKeyId":10896595}},"BXfVpM/E0UuBALlpReMsaoK3ZTOLPlWnWrs4VaK5XOBT":{"registrationId":1230665690,"currentRatchet":{"ephemeralKeyPair":{"pubKey":"BThnSoLjEF7GH53P6ZXpgU7WAz58+yjZxpyILWuH1kJK","privKey":"eBx0Zfx25pt1OKVFimeLP5+q+KX/Ai/H8NxcECIGzF0="},"lastRemoteEphemeralKey":"Be5rvpWlK5IRzs/KY4pZ0aB3uPNrxd6JbaAFZ3ur1msD","previousCounter":0,"rootKey":"uCb56lkdj9vz6oPk+ArNnVwMdCiC6nWH19Q76Xg2YT0="},"indexInfo":{"baseKey":"BXfVpM/E0UuBALlpReMsaoK3ZTOLPlWnWrs4VaK5XOBT","baseKeyType":1,"closed":1732025963404,"used":1732025963080,"created":1732025963080,"remoteIdentityKey":"BUXPwZdnwoVvaEsFb97w7AzqE2qbFdh6b6Mb8ainr9sV"},"_chains":{"BThnSoLjEF7GH53P6ZXpgU7WAz58+yjZxpyILWuH1kJK":{"chainKey":{"counter":-1,"key":"qp15Jn00uzcTJH9UaCiZyYnNuPvZi/L244nxwVrBK2Y="},"chainType":1,"messageKeys":{}}},"pendingPreKey":{"signedKeyId":0,"baseKey":"BXfVpM/E0UuBALlpReMsaoK3ZTOLPlWnWrs4VaK5XOBT","preKeyId":10896591}},"BdlEoks6FXMgjRP4onHUfIuyp2NSi74xbsCTNHdtI9VE":{"registrationId":1230665690,"currentRatchet":{"ephemeralKeyPair":{"pubKey":"BU91M+5lEoZhdBt2CDM0s/Or87Sr+g4IxzHEz09wwGMD","privKey":"oI/kcubEz2c0yR1Bsawt5kScAvc8BlBgdMXQL3Tv6l8="},"lastRemoteEphemeralKey":"Be5rvpWlK5IRzs/KY4pZ0aB3uPNrxd6JbaAFZ3ur1msD","previousCounter":0,"rootKey":"ewvbvVscrhYWPRpq15Rls1s7xlgjLg5wa29ZQ3VV3hk="},"indexInfo":{"baseKey":"BdlEoks6FXMgjRP4onHUfIuyp2NSi74xbsCTNHdtI9VE","baseKeyType":1,"closed":1732025963711,"used":1732025963394,"created":1732025963394,"remoteIdentityKey":"BUXPwZdnwoVvaEsFb97w7AzqE2qbFdh6b6Mb8ainr9sV"},"_chains":{"BU91M+5lEoZhdBt2CDM0s/Or87Sr+g4IxzHEz09wwGMD":{"chainKey":{"counter":-1,"key":"hyjtxUotITlvrE1SplQS6zfDuEVdrL270pNVXzW4cTk="},"chainType":1,"messageKeys":{}}},"pendingPreKey":{"signedKeyId":0,"baseKey":"BdlEoks6FXMgjRP4onHUfIuyp2NSi74xbsCTNHdtI9VE","preKeyId":10896589}},"BUwUkHF83UNe8dLvweHSPboaIt1voqBh9liJjDS8jjQc":{"registrationId":1230665690,"currentRatchet":{"ephemeralKeyPair":{"pubKey":"BYhPO5jDzFtRU1QxCBTetJCHrE1iA4gq+hLiSKA44oBD","privKey":"4FAjcIX3aAqxAopBgXvDjD2EDdtkbwxdigwvUnTI0nI="},"lastRemoteEphemeralKey":"Be5rvpWlK5IRzs/KY4pZ0aB3uPNrxd6JbaAFZ3ur1msD","previousCounter":0,"rootKey":"XkyQshzdWJVRCD8cYPDnMmNtkNe5GzZHB7CTtTyiQBE="},"indexInfo":{"baseKey":"BUwUkHF83UNe8dLvweHSPboaIt1voqBh9liJjDS8jjQc","baseKeyType":1,"closed":1732025964010,"used":1732025963700,"created":1732025963700,"remoteIdentityKey":"BUXPwZdnwoVvaEsFb97w7AzqE2qbFdh6b6Mb8ainr9sV"},"_chains":{"BYhPO5jDzFtRU1QxCBTetJCHrE1iA4gq+hLiSKA44oBD":{"chainKey":{"counter":-1,"key":"WE6vVFQfVAlWhh890RweibG2brhVTM0HQA5V5IrrYR8="},"chainType":1,"messageKeys":{}}},"pendingPreKey":{"signedKeyId":0,"baseKey":"BUwUkHF83UNe8dLvweHSPboaIt1voqBh9liJjDS8jjQc","preKeyId":10896571}},"BWzP8r8mXmwNinOqW+MJ373i80nzCQRbm5Y1MsOmYCsW":{"registrationId":1230665690,"currentRatchet":{"ephemeralKeyPair":{"pubKey":"Be98Sya3JZcpVevfmQVaZDki7L9zZ7KVs/kODcUJE6kC","privKey":"UElTZajHb6UDfrUfVOCnJO+RlQ7sM8JCKLV2f65RVHI="},"lastRemoteEphemeralKey":"Be5rvpWlK5IRzs/KY4pZ0aB3uPNrxd6JbaAFZ3ur1msD","previousCounter":0,"rootKey":"vH2Dy4ZuwesAcfjfUzwncByfC9JGOl0v3+HA4x7PyGw="},"indexInfo":{"baseKey":"BWzP8r8mXmwNinOqW+MJ373i80nzCQRbm5Y1MsOmYCsW","baseKeyType":1,"closed":1732025964290,"used":1732025963998,"created":1732025963998,"remoteIdentityKey":"BUXPwZdnwoVvaEsFb97w7AzqE2qbFdh6b6Mb8ainr9sV"},"_chains":{"Be98Sya3JZcpVevfmQVaZDki7L9zZ7KVs/kODcUJE6kC":{"chainKey":{"counter":-1,"key":"Ef9q095tp4bEXtLb5M86fQnVS40QfBtAdE4m/1yQt3Y="},"chainType":1,"messageKeys":{}}},"pendingPreKey":{"signedKeyId":0,"baseKey":"BWzP8r8mXmwNinOqW+MJ373i80nzCQRbm5Y1MsOmYCsW","preKeyId":10896724}},"BUFaXY6xQN0xGS/TgObBhu6d4UtZDlKkI8Jb0qokldkJ":{"registrationId":1230665690,"currentRatchet":{"ephemeralKeyPair":{"pubKey":"BdGRraVNyvbcsZJHbJawvBRrI4wC2OLLvOl/Gpw/iepq","privKey":"aL/zdgHpgZCmOJDsD8viq2mDIsJtdkYIvXfcu14i9VM="},"lastRemoteEphemeralKey":"Be5rvpWlK5IRzs/KY4pZ0aB3uPNrxd6JbaAFZ3ur1msD","previousCounter":0,"rootKey":"YHxiHKxM53Mcvas0WBGnzhtztOnMzSffRIpEvBN8j8M="},"indexInfo":{"baseKey":"BUFaXY6xQN0xGS/TgObBhu6d4UtZDlKkI8Jb0qokldkJ","baseKeyType":1,"closed":1732025964591,"used":1732025964284,"created":1732025964284,"remoteIdentityKey":"BUXPwZdnwoVvaEsFb97w7AzqE2qbFdh6b6Mb8ainr9sV"},"_chains":{"BdGRraVNyvbcsZJHbJawvBRrI4wC2OLLvOl/Gpw/iepq":{"chainKey":{"counter":-1,"key":"00094oW1ZJkHRLMg71enxv3/HMWJoXDPbT4IlFzJKEQ="},"chainType":1,"messageKeys":{}}},"pendingPreKey":{"signedKeyId":0,"baseKey":"BUFaXY6xQN0xGS/TgObBhu6d4UtZDlKkI8Jb0qokldkJ","preKeyId":10896817}},"BQm+NichG2bIJWZMZYhF3b6jev8o8RIj4Wcd3w3EQmQ2":{"registrationId":1230665690,"currentRatchet":{"ephemeralKeyPair":{"pubKey":"BS7VDbYXlwk/GIlg9w7VQBWqf0c8EGfQU5DfNuyBL04D","privKey":"4PnqUVmcaqeIhcRVstL1STtfkejLpD5HfWaQUhNW1WQ="},"lastRemoteEphemeralKey":"Be5rvpWlK5IRzs/KY4pZ0aB3uPNrxd6JbaAFZ3ur1msD","previousCounter":0,"rootKey":"CbjjVCmmIjtlpvS8lb2dP8JP/Jb9noAnAVsw4XbL7bA="},"indexInfo":{"baseKey":"BQm+NichG2bIJWZMZYhF3b6jev8o8RIj4Wcd3w3EQmQ2","baseKeyType":1,"closed":1732025964897,"used":1732025964581,"created":1732025964581,"remoteIdentityKey":"BUXPwZdnwoVvaEsFb97w7AzqE2qbFdh6b6Mb8ainr9sV"},"_chains":{"BS7VDbYXlwk/GIlg9w7VQBWqf0c8EGfQU5DfNuyBL04D":{"chainKey":{"counter":-1,"key":"osFSIYM3X6R9HA5i6wTh8cNldHMr04XMSWiOwFbl0fI="},"chainType":1,"messageKeys":{}}},"pendingPreKey":{"signedKeyId":0,"baseKey":"BQm+NichG2bIJWZMZYhF3b6jev8o8RIj4Wcd3w3EQmQ2","preKeyId":10896607}},"BXMAD4re2vRmZdFQXVwIcMw9BjqQHayHuok8hQCXn58J":{"registrationId":1230665690,"currentRatchet":{"ephemeralKeyPair":{"pubKey":"BeoY/gzh8PdPqanVpgM3zq5IauQMESpiOG1mHyIt8ERU","privKey":"KBvCescl0PmQUbaq2eF/oaiq3Acb3wX5NtIWDUiXIXA="},"lastRemoteEphemeralKey":"Be5rvpWlK5IRzs/KY4pZ0aB3uPNrxd6JbaAFZ3ur1msD","previousCounter":0,"rootKey":"Y24WQ68Y493qhgsGjTAF/5UnJFy535+mF7R5AEzARt0="},"indexInfo":{"baseKey":"BXMAD4re2vRmZdFQXVwIcMw9BjqQHayHuok8hQCXn58J","baseKeyType":1,"closed":1732025965194,"used":1732025964882,"created":1732025964882,"remoteIdentityKey":"BUXPwZdnwoVvaEsFb97w7AzqE2qbFdh6b6Mb8ainr9sV"},"_chains":{"BeoY/gzh8PdPqanVpgM3zq5IauQMESpiOG1mHyIt8ERU":{"chainKey":{"counter":-1,"key":"7I3w93e1K6aoFewIuPk05EU7in8P0MsDi2zahen95vQ="},"chainType":1,"messageKeys":{}}},"pendingPreKey":{"signedKeyId":0,"baseKey":"BXMAD4re2vRmZdFQXVwIcMw9BjqQHayHuok8hQCXn58J","preKeyId":10896708}},"BcZ5OcCzdbr/S78POT6uXtUMF6F59FucarQcZWIZQYYY":{"registrationId":1230665690,"currentRatchet":{"ephemeralKeyPair":{"pubKey":"BbQWYd4WB04r4sqr4KCuGfnb0UHGXN103Y6E5jeoVshn","privKey":"EDdsqVDjw/akegl53XQvUHBDR6jm2pulqUqMXQuXmnM="},"lastRemoteEphemeralKey":"Be5rvpWlK5IRzs/KY4pZ0aB3uPNrxd6JbaAFZ3ur1msD","previousCounter":0,"rootKey":"nn2o5n7OvFfoa4eft0MtPvY1j49oPqBXhG8hEdR+hsk="},"indexInfo":{"baseKey":"BcZ5OcCzdbr/S78POT6uXtUMF6F59FucarQcZWIZQYYY","baseKeyType":1,"closed":1732025965612,"used":1732025965187,"created":1732025965187,"remoteIdentityKey":"BUXPwZdnwoVvaEsFb97w7AzqE2qbFdh6b6Mb8ainr9sV"},"_chains":{"BbQWYd4WB04r4sqr4KCuGfnb0UHGXN103Y6E5jeoVshn":{"chainKey":{"counter":-1,"key":"toIVUoEgYbAdcPY99yJ5chClekVmhUUsbM4RmTo3apI="},"chainType":1,"messageKeys":{}}},"pendingPreKey":{"signedKeyId":0,"baseKey":"BcZ5OcCzdbr/S78POT6uXtUMF6F59FucarQcZWIZQYYY","preKeyId":10896757}},"BcjrRBbfZ/0eZcGW7EGBI1kJOy5mkir4S76SN8Q7qqFq":{"registrationId":1230665690,"currentRatchet":{"ephemeralKeyPair":{"pubKey":"BcZvdj9cGzpfA8j0N7b24y670Tfq93GzCihMktru8R8x","privKey":"OOnIc86fMu9/S03H195XwLIcUndSwHHHsys+BGY6d2E="},"lastRemoteEphemeralKey":"Be5rvpWlK5IRzs/KY4pZ0aB3uPNrxd6JbaAFZ3ur1msD","previousCounter":0,"rootKey":"kaxcIM41ZoRYwQHZh1ThzHWgmZUX6sTYM+jKuUQyPoA="},"indexInfo":{"baseKey":"BcjrRBbfZ/0eZcGW7EGBI1kJOy5mkir4S76SN8Q7qqFq","baseKeyType":1,"closed":1732025965906,"used":1732025965503,"created":1732025965503,"remoteIdentityKey":"BUXPwZdnwoVvaEsFb97w7AzqE2qbFdh6b6Mb8ainr9sV"},"_chains":{"BcZvdj9cGzpfA8j0N7b24y670Tfq93GzCihMktru8R8x":{"chainKey":{"counter":-1,"key":"/vcIzm2X1rOXlSO/16TZpjVXkEhEtFjCsxXBHewMkgg="},"chainType":1,"messageKeys":{}}},"pendingPreKey":{"signedKeyId":0,"baseKey":"BcjrRBbfZ/0eZcGW7EGBI1kJOy5mkir4S76SN8Q7qqFq","preKeyId":10896792}},"BQ7dlg7AXn2BMhOPex834D8tRd8XKwBRZvRc5VhEsHJL":{"registrationId":1230665690,"currentRatchet":{"ephemeralKeyPair":{"pubKey":"BaNl1/ybc2zE4k21BUqjUiHbeC9hMHKYm8/Jr9jntdM0","privKey":"mGYlRf0nvzjNMbeTtNAcssW9oWz9X/XoN2lYc7PUKko="},"lastRemoteEphemeralKey":"Be5rvpWlK5IRzs/KY4pZ0aB3uPNrxd6JbaAFZ3ur1msD","previousCounter":0,"rootKey":"P3ycPMsnoh6WJwYgN1uxxkp3nlQiTq+spvfIJ9jg2Kc="},"indexInfo":{"baseKey":"BQ7dlg7AXn2BMhOPex834D8tRd8XKwBRZvRc5VhEsHJL","baseKeyType":1,"closed":1732025966206,"used":1732025965900,"created":1732025965900,"remoteIdentityKey":"BUXPwZdnwoVvaEsFb97w7AzqE2qbFdh6b6Mb8ainr9sV"},"_chains":{"BaNl1/ybc2zE4k21BUqjUiHbeC9hMHKYm8/Jr9jntdM0":{"chainKey":{"counter":-1,"key":"uGc9rEQPs6GPBC8QJS/CvoTVtNhE0UoF+lg+GXCLT1U="},"chainType":1,"messageKeys":{}}},"pendingPreKey":{"signedKeyId":0,"baseKey":"BQ7dlg7AXn2BMhOPex834D8tRd8XKwBRZvRc5VhEsHJL","preKeyId":10896705}},"BVZukJKjYl324Lf9AZeWDnhch/v5WIAqAFza83hfhglo":{"registrationId":1230665690,"currentRatchet":{"ephemeralKeyPair":{"pubKey":"BTtwf/pLZKLBAfhhWwgGpfucxS1KWQjoi2wqtL0Gkap6","privKey":"sPeqCPYVtwZ9Hu0yL3uae52mN2jZwuNO7VwuDMVWqUw="},"lastRemoteEphemeralKey":"Be5rvpWlK5IRzs/KY4pZ0aB3uPNrxd6JbaAFZ3ur1msD","previousCounter":0,"rootKey":"nIZsTSCW0FacfEAqQAoG0Ln/etXXDbWRJbs573o9Qig="},"indexInfo":{"baseKey":"BVZukJKjYl324Lf9AZeWDnhch/v5WIAqAFza83hfhglo","baseKeyType":1,"closed":1732025966527,"used":1732025966198,"created":1732025966198,"remoteIdentityKey":"BUXPwZdnwoVvaEsFb97w7AzqE2qbFdh6b6Mb8ainr9sV"},"_chains":{"BTtwf/pLZKLBAfhhWwgGpfucxS1KWQjoi2wqtL0Gkap6":{"chainKey":{"counter":-1,"key":"Y1JYnzp1AApyQvYTO4XaiwI/VMSA/cW78FMY4AXdPS8="},"chainType":1,"messageKeys":{}}},"pendingPreKey":{"signedKeyId":0,"baseKey":"BVZukJKjYl324Lf9AZeWDnhch/v5WIAqAFza83hfhglo","preKeyId":10896747}},"BQU7vHQiZcAJ4dfWGzyai6LMTdVsHdUo+Qv8lKPL+fo7":{"registrationId":1230665690,"currentRatchet":{"ephemeralKeyPair":{"pubKey":"BeAMx/Z/uVMDxtdPuAkXfktUl3CfUmfVKjDQforbSOYI","privKey":"4OP8u6z2mz5DqOYkStKa3+aFkWUwBaK9TxnLbwXQv2Y="},"lastRemoteEphemeralKey":"Be5rvpWlK5IRzs/KY4pZ0aB3uPNrxd6JbaAFZ3ur1msD","previousCounter":0,"rootKey":"hFSIsZZ34q/zDa1kSwT9onk7jM0+PGTLpOG5cVwSo8Y="},"indexInfo":{"baseKey":"BQU7vHQiZcAJ4dfWGzyai6LMTdVsHdUo+Qv8lKPL+fo7","baseKeyType":1,"closed":1732025966832,"used":1732025966515,"created":1732025966515,"remoteIdentityKey":"BUXPwZdnwoVvaEsFb97w7AzqE2qbFdh6b6Mb8ainr9sV"},"_chains":{"BeAMx/Z/uVMDxtdPuAkXfktUl3CfUmfVKjDQforbSOYI":{"chainKey":{"counter":-1,"key":"YDeExDL0r5/I7Q3FrLp6o1/bonYfpGEGxR6s8viWg2Q="},"chainType":1,"messageKeys":{}}},"pendingPreKey":{"signedKeyId":0,"baseKey":"BQU7vHQiZcAJ4dfWGzyai6LMTdVsHdUo+Qv8lKPL+fo7","preKeyId":10896619}},"Bd1F2xMaj+cRIpAiGkcA52VhxH27DIYEoMEGLCZrw1Io":{"registrationId":1230665690,"currentRatchet":{"ephemeralKeyPair":{"pubKey":"BTNxYkTy454Zrf/m57qZpdO6wzIZ7sdbCIorjtJ1mN0a","privKey":"GHjWYAiwLk4+I49+KLN5tSY36DT4wp7jcjydhGNdA1Q="},"lastRemoteEphemeralKey":"Be5rvpWlK5IRzs/KY4pZ0aB3uPNrxd6JbaAFZ3ur1msD","previousCounter":0,"rootKey":"GACtKX8XMw5G39m/bRyNsRXMKhZLEoxiBC0Ixir+tig="},"indexInfo":{"baseKey":"Bd1F2xMaj+cRIpAiGkcA52VhxH27DIYEoMEGLCZrw1Io","baseKeyType":1,"closed":1732025967138,"used":1732025966822,"created":1732025966822,"remoteIdentityKey":"BUXPwZdnwoVvaEsFb97w7AzqE2qbFdh6b6Mb8ainr9sV"},"_chains":{"BTNxYkTy454Zrf/m57qZpdO6wzIZ7sdbCIorjtJ1mN0a":{"chainKey":{"counter":-1,"key":"yjga2VGvn+Ggquh6962qXxakKlgrIvzleRpnhFLLBd4="},"chainType":1,"messageKeys":{}}},"pendingPreKey":{"signedKeyId":0,"baseKey":"Bd1F2xMaj+cRIpAiGkcA52VhxH27DIYEoMEGLCZrw1Io","preKeyId":10896553}},"BUrmSnDTsPITySlsbTzK2a/yNiUcgtuqm/OiBTDxnbQS":{"registrationId":1230665690,"currentRatchet":{"ephemeralKeyPair":{"pubKey":"Ba6iMyBlmD6Tc+E2akv5o8lp9TXNTAVbNL0FhLwxLA5h","privKey":"0Km3nzrwLhB4TllPG0J3uRhnYbkYPo49DHa9s4wG4n8="},"lastRemoteEphemeralKey":"Be5rvpWlK5IRzs/KY4pZ0aB3uPNrxd6JbaAFZ3ur1msD","previousCounter":0,"rootKey":"amQLf+jDRr0TVa9TQGrrBdRRf72EdruuUVkP2MkDJlU="},"indexInfo":{"baseKey":"BUrmSnDTsPITySlsbTzK2a/yNiUcgtuqm/OiBTDxnbQS","baseKeyType":1,"closed":1732025967452,"used":1732025967128,"created":1732025967128,"remoteIdentityKey":"BUXPwZdnwoVvaEsFb97w7AzqE2qbFdh6b6Mb8ainr9sV"},"_chains":{"Ba6iMyBlmD6Tc+E2akv5o8lp9TXNTAVbNL0FhLwxLA5h":{"chainKey":{"counter":-1,"key":"K+K3cW7x4LkApfrVOYBgITe2i82wY3yC2aJHr1BEYl8="},"chainType":1,"messageKeys":{}}},"pendingPreKey":{"signedKeyId":0,"baseKey":"BUrmSnDTsPITySlsbTzK2a/yNiUcgtuqm/OiBTDxnbQS","preKeyId":10896696}},"BQgUKHMMDctmHHMN4ZSCZe0BFxGvWb/QCMOTNnEODKMm":{"registrationId":1230665690,"currentRatchet":{"ephemeralKeyPair":{"pubKey":"BcL3LhIax4gQIVbKb03n8OioEkveLFe+THiqberk6ox5","privKey":"aE/Hvo/b7HLEnuJtlz7UiG+gcriLRqwhqdSi7y3yjGg="},"lastRemoteEphemeralKey":"Be5rvpWlK5IRzs/KY4pZ0aB3uPNrxd6JbaAFZ3ur1msD","previousCounter":0,"rootKey":"z3PggsUvawChzdrmVswoM1mJNaH+RMzFIoyOgqJ/3A0="},"indexInfo":{"baseKey":"BQgUKHMMDctmHHMN4ZSCZe0BFxGvWb/QCMOTNnEODKMm","baseKeyType":1,"closed":1732025967764,"used":1732025967433,"created":1732025967433,"remoteIdentityKey":"BUXPwZdnwoVvaEsFb97w7AzqE2qbFdh6b6Mb8ainr9sV"},"_chains":{"BcL3LhIax4gQIVbKb03n8OioEkveLFe+THiqberk6ox5":{"chainKey":{"counter":-1,"key":"rKPiLmw9QbETJVTULLlKK+DBcQMfqL3x+glVOP+kWag="},"chainType":1,"messageKeys":{}}},"pendingPreKey":{"signedKeyId":0,"baseKey":"BQgUKHMMDctmHHMN4ZSCZe0BFxGvWb/QCMOTNnEODKMm","preKeyId":10896697}},"BZUCe1lCDd2r9XcOXezZ/ViCKBpsPhjr1DLxIdfZNg0T":{"registrationId":1230665690,"currentRatchet":{"ephemeralKeyPair":{"pubKey":"BYizal13lEue1ZYIwz6pLnkOIF1Dg+8F0RChWulK6vlz","privKey":"yIJd866b4EhI6TcKpwgDZcyBOwhTPziLZh85fJ9o22M="},"lastRemoteEphemeralKey":"Be5rvpWlK5IRzs/KY4pZ0aB3uPNrxd6JbaAFZ3ur1msD","previousCounter":0,"rootKey":"wePrzUJKGsnSBIo3pYQBe7WTb5MsCMAbqq0xnQOBXzQ="},"indexInfo":{"baseKey":"BZUCe1lCDd2r9XcOXezZ/ViCKBpsPhjr1DLxIdfZNg0T","baseKeyType":1,"closed":1732025968053,"used":1732025967754,"created":1732025967754,"remoteIdentityKey":"BUXPwZdnwoVvaEsFb97w7AzqE2qbFdh6b6Mb8ainr9sV"},"_chains":{"BYizal13lEue1ZYIwz6pLnkOIF1Dg+8F0RChWulK6vlz":{"chainKey":{"counter":-1,"key":"77orqpRsr3m2QNNHQCkBn4qSSo4E4JoQXyuN+Ju/tjw="},"chainType":1,"messageKeys":{}}},"pendingPreKey":{"signedKeyId":0,"baseKey":"BZUCe1lCDd2r9XcOXezZ/ViCKBpsPhjr1DLxIdfZNg0T","preKeyId":10896733}},"BUnW0B3TKOZ9vVOh19s/GywO/KjerQl9E4LP8UWPkZgo":{"registrationId":1230665690,"currentRatchet":{"ephemeralKeyPair":{"pubKey":"BUvYrJ+Vo/ZfIexKPXqfcMb0dBqX8YsWg8HxA/8kl5Bk","privKey":"gJGbFSMHDttW9QPG84dCMukvlxV8LAAKZNBkQUiH52w="},"lastRemoteEphemeralKey":"Be5rvpWlK5IRzs/KY4pZ0aB3uPNrxd6JbaAFZ3ur1msD","previousCounter":0,"rootKey":"PheKGenw2dTS7j5uk68aVkqcfnsJkCMo8rq88dj4Ctw="},"indexInfo":{"baseKey":"BUnW0B3TKOZ9vVOh19s/GywO/KjerQl9E4LP8UWPkZgo","baseKeyType":1,"closed":1732025968339,"used":1732025968047,"created":1732025968047,"remoteIdentityKey":"BUXPwZdnwoVvaEsFb97w7AzqE2qbFdh6b6Mb8ainr9sV"},"_chains":{"BUvYrJ+Vo/ZfIexKPXqfcMb0dBqX8YsWg8HxA/8kl5Bk":{"chainKey":{"counter":-1,"key":"Os0PPDHNNC+FCvbtp/eTma0ffS7/gg1oFiFQBB/ioP0="},"chainType":1,"messageKeys":{}}},"pendingPreKey":{"signedKeyId":0,"baseKey":"BUnW0B3TKOZ9vVOh19s/GywO/KjerQl9E4LP8UWPkZgo","preKeyId":10896586}},"Bc1n/31dohTGwIq+1n+ZYR3aisO67c/qeHeqPXtx0D5X":{"registrationId":1230665690,"currentRatchet":{"ephemeralKeyPair":{"pubKey":"BWTaWW45Psx2mXIlmW6zQXsgedD6DoHlBHld5M5ZZFpX","privKey":"sCMZkYAkruD31J0+tXrGQqF4Rp27bBtq9MzXUs2OxG4="},"lastRemoteEphemeralKey":"Be5rvpWlK5IRzs/KY4pZ0aB3uPNrxd6JbaAFZ3ur1msD","previousCounter":0,"rootKey":"7xCP8ZJCet6DmQH53wveXnCfmG+f72THfRm4y8yvg0Q="},"indexInfo":{"baseKey":"Bc1n/31dohTGwIq+1n+ZYR3aisO67c/qeHeqPXtx0D5X","baseKeyType":1,"closed":1732025968639,"used":1732025968331,"created":1732025968331,"remoteIdentityKey":"BUXPwZdnwoVvaEsFb97w7AzqE2qbFdh6b6Mb8ainr9sV"},"_chains":{"BWTaWW45Psx2mXIlmW6zQXsgedD6DoHlBHld5M5ZZFpX":{"chainKey":{"counter":-1,"key":"jdLF+SL6GQgiMeI/+tpW+VWQ3er7oENmqfDV9jMtZVQ="},"chainType":1,"messageKeys":{}}},"pendingPreKey":{"signedKeyId":0,"baseKey":"Bc1n/31dohTGwIq+1n+ZYR3aisO67c/qeHeqPXtx0D5X","preKeyId":10896587}},"BROWhy8aOKhR/fOa9A3egNc2bYtLT4Sj5uTr79iwsZ44":{"registrationId":1230665690,"currentRatchet":{"ephemeralKeyPair":{"pubKey":"BSi1uR6epVNO9QzBv7qSyS60DwIz6rlhT5i6d+m0dHV1","privKey":"+HFtu0e2OwZh4aqc9/64Ym5IodMCgwbnFIhRcVbJXUo="},"lastRemoteEphemeralKey":"Be5rvpWlK5IRzs/KY4pZ0aB3uPNrxd6JbaAFZ3ur1msD","previousCounter":0,"rootKey":"lf3nsNWAsp6+RFoydhVo78pOQmCUzinKWzc0BegmLfg="},"indexInfo":{"baseKey":"BROWhy8aOKhR/fOa9A3egNc2bYtLT4Sj5uTr79iwsZ44","baseKeyType":1,"closed":1732025968940,"used":1732025968632,"created":1732025968632,"remoteIdentityKey":"BUXPwZdnwoVvaEsFb97w7AzqE2qbFdh6b6Mb8ainr9sV"},"_chains":{"BSi1uR6epVNO9QzBv7qSyS60DwIz6rlhT5i6d+m0dHV1":{"chainKey":{"counter":-1,"key":"yKjXI2ns+BWHQQ7qmHL64Ex6bUpNbEyo6yxaj7aUi2g="},"chainType":1,"messageKeys":{}}},"pendingPreKey":{"signedKeyId":0,"baseKey":"BROWhy8aOKhR/fOa9A3egNc2bYtLT4Sj5uTr79iwsZ44","preKeyId":10896717}},"BXnLMFzRKIMNiH3Z+eumqNFfmYr/9X2RQFYPnLEvTrwB":{"registrationId":1230665690,"currentRatchet":{"ephemeralKeyPair":{"pubKey":"BS0h8lm5lYfBiJ9VSIeft7wBI1ALdn4N90VigiTpv3Qe","privKey":"SJOjIyF4MY+GzxR3xXYEKygILOvw6dLyN0P4bF+gKl0="},"lastRemoteEphemeralKey":"Be5rvpWlK5IRzs/KY4pZ0aB3uPNrxd6JbaAFZ3ur1msD","previousCounter":0,"rootKey":"BBbJNZYE19t9mg+N/tYr89AJzkUsgB7xcxi24vIP3HE="},"indexInfo":{"baseKey":"BXnLMFzRKIMNiH3Z+eumqNFfmYr/9X2RQFYPnLEvTrwB","baseKeyType":1,"closed":1732025969264,"used":1732025968929,"created":1732025968929,"remoteIdentityKey":"BUXPwZdnwoVvaEsFb97w7AzqE2qbFdh6b6Mb8ainr9sV"},"_chains":{"BS0h8lm5lYfBiJ9VSIeft7wBI1ALdn4N90VigiTpv3Qe":{"chainKey":{"counter":-1,"key":"9h8bYGZfYiMkvPCdF0s6uEWzbQXrF9C7mYBRVu4UdcY="},"chainType":1,"messageKeys":{}}},"pendingPreKey":{"signedKeyId":0,"baseKey":"BXnLMFzRKIMNiH3Z+eumqNFfmYr/9X2RQFYPnLEvTrwB","preKeyId":10896543}},"BVYvIV5dFMxFgCL9nHZH5wvBlXlI6OTgJTOl4IiDejRj":{"registrationId":1230665690,"currentRatchet":{"ephemeralKeyPair":{"pubKey":"Bf5xH+sJIfXQcYq0Wu0P51g85sU82oaHkOtKf7hRJrUz","privKey":"cG+Ho2JpYU7laPiXQXasCVCQJ97wvDOOEe5H9TYgfXw="},"lastRemoteEphemeralKey":"Be5rvpWlK5IRzs/KY4pZ0aB3uPNrxd6JbaAFZ3ur1msD","previousCounter":0,"rootKey":"sZ/fex1YG78RNx3vW9ZRy5OHboo3tPmB//nTpBHJFmI="},"indexInfo":{"baseKey":"BVYvIV5dFMxFgCL9nHZH5wvBlXlI6OTgJTOl4IiDejRj","baseKeyType":1,"closed":1732025969552,"used":1732025969252,"created":1732025969252,"remoteIdentityKey":"BUXPwZdnwoVvaEsFb97w7AzqE2qbFdh6b6Mb8ainr9sV"},"_chains":{"Bf5xH+sJIfXQcYq0Wu0P51g85sU82oaHkOtKf7hRJrUz":{"chainKey":{"counter":-1,"key":"mDLjhPcFqN6+pE7olm+wFUycX3qNzf2Q26WtU6pPNiA="},"chainType":1,"messageKeys":{}}},"pendingPreKey":{"signedKeyId":0,"baseKey":"BVYvIV5dFMxFgCL9nHZH5wvBlXlI6OTgJTOl4IiDejRj","preKeyId":10896643}},"BbbOmg+4+M3aFkHLc3MS8sPEw++LKn87aYOyopL6FXUs":{"registrationId":1230665690,"currentRatchet":{"ephemeralKeyPair":{"pubKey":"BWhc3u+DaWi87pMrdGiTJRjSrC7PK8YyocMmDxh86mod","privKey":"WGh1SgEFFSlyacIYanJtAH4QPBDrs0t/3f/Ox4uOrkk="},"lastRemoteEphemeralKey":"Be5rvpWlK5IRzs/KY4pZ0aB3uPNrxd6JbaAFZ3ur1msD","previousCounter":0,"rootKey":"q1TIbJJS4ofWPMpDcUFFcFxByeo6QiLWg89AEaow57Q="},"indexInfo":{"baseKey":"BbbOmg+4+M3aFkHLc3MS8sPEw++LKn87aYOyopL6FXUs","baseKeyType":1,"closed":1732025969830,"used":1732025969546,"created":1732025969546,"remoteIdentityKey":"BUXPwZdnwoVvaEsFb97w7AzqE2qbFdh6b6Mb8ainr9sV"},"_chains":{"BWhc3u+DaWi87pMrdGiTJRjSrC7PK8YyocMmDxh86mod":{"chainKey":{"counter":-1,"key":"r7O+93839wAyHazsQrwAs/YUZQITKHJAIhO1fCpD3p4="},"chainType":1,"messageKeys":{}}},"pendingPreKey":{"signedKeyId":0,"baseKey":"BbbOmg+4+M3aFkHLc3MS8sPEw++LKn87aYOyopL6FXUs","preKeyId":10896693}},"BdnQJhMc82ufKndhui+DFVjW/DDC8Q5TMB5jjI1CFp8E":{"registrationId":1230665690,"currentRatchet":{"ephemeralKeyPair":{"pubKey":"BczFeFEEFwf2+NQMJ/uaA/2PmrHy1SOmYs7o+jEKfxxV","privKey":"yISzTd5FWKIMwTGED9ZUSDtyEdgq/O4h9Cso48AahEg="},"lastRemoteEphemeralKey":"Be5rvpWlK5IRzs/KY4pZ0aB3uPNrxd6JbaAFZ3ur1msD","previousCounter":0,"rootKey":"SBDGMm5c0pCg/Pb+RS0j8+hXv/yzTcNAqd8hJs/GcTs="},"indexInfo":{"baseKey":"BdnQJhMc82ufKndhui+DFVjW/DDC8Q5TMB5jjI1CFp8E","baseKeyType":1,"closed":1732025970142,"used":1732025969824,"created":1732025969824,"remoteIdentityKey":"BUXPwZdnwoVvaEsFb97w7AzqE2qbFdh6b6Mb8ainr9sV"},"_chains":{"BczFeFEEFwf2+NQMJ/uaA/2PmrHy1SOmYs7o+jEKfxxV":{"chainKey":{"counter":-1,"key":"lH6cd+MmKYSXUGQRonX2mVe0KpMj/gv4aJAlplsvmGs="},"chainType":1,"messageKeys":{}}},"pendingPreKey":{"signedKeyId":0,"baseKey":"BdnQJhMc82ufKndhui+DFVjW/DDC8Q5TMB5jjI1CFp8E","preKeyId":10896615}},"BY29pniLZjVYtAwV7BRgbAwpNdV60LtSUrJQLSUNtqlo":{"registrationId":1230665690,"currentRatchet":{"ephemeralKeyPair":{"pubKey":"BX9juvyfh+VmOlBLKI3htT+M7qdqU/EWz7MuUtJ+UVw9","privKey":"IB7Cl9P8ZtEWd4dHobs5ijwtpzorITOTD1YwODdDNXw="},"lastRemoteEphemeralKey":"Be5rvpWlK5IRzs/KY4pZ0aB3uPNrxd6JbaAFZ3ur1msD","previousCounter":0,"rootKey":"GB5T24Soey9LGWIuih3nGnG9v/MRlChngWN49JkDoZI="},"indexInfo":{"baseKey":"BY29pniLZjVYtAwV7BRgbAwpNdV60LtSUrJQLSUNtqlo","baseKeyType":1,"closed":1732025970451,"used":1732025970129,"created":1732025970129,"remoteIdentityKey":"BUXPwZdnwoVvaEsFb97w7AzqE2qbFdh6b6Mb8ainr9sV"},"_chains":{"BX9juvyfh+VmOlBLKI3htT+M7qdqU/EWz7MuUtJ+UVw9":{"chainKey":{"counter":-1,"key":"9ACoA/zaHeAqQFu9QY+pOESb97xzncLWsQO0MTSfmdY="},"chainType":1,"messageKeys":{}}},"pendingPreKey":{"signedKeyId":0,"baseKey":"BY29pniLZjVYtAwV7BRgbAwpNdV60LtSUrJQLSUNtqlo","preKeyId":10896714}},"Bbr4d+fKI7nnrtoH0q6BYvIdY+h0BbM4uEbILRyeKPUR":{"registrationId":1230665690,"currentRatchet":{"ephemeralKeyPair":{"pubKey":"BVpiObJ2OGclRF6KFE27nfk1MDv4EnpY2eunmMuuTmdK","privKey":"0DB8BFBF4jnmlscB5DPejbRtIT3/NR2jNRHNm9ElSXA="},"lastRemoteEphemeralKey":"Be5rvpWlK5IRzs/KY4pZ0aB3uPNrxd6JbaAFZ3ur1msD","previousCounter":0,"rootKey":"HGEz9YZVtv6QZJ0leV40bDslsVCjRaNMVJMd2EqbupU="},"indexInfo":{"baseKey":"Bbr4d+fKI7nnrtoH0q6BYvIdY+h0BbM4uEbILRyeKPUR","baseKeyType":1,"closed":1732025970806,"used":1732025970441,"created":1732025970441,"remoteIdentityKey":"BUXPwZdnwoVvaEsFb97w7AzqE2qbFdh6b6Mb8ainr9sV"},"_chains":{"BVpiObJ2OGclRF6KFE27nfk1MDv4EnpY2eunmMuuTmdK":{"chainKey":{"counter":-1,"key":"yorKA6738jsPhgTeeKbdTVs13g7MQxOGOHnYHSjs8bM="},"chainType":1,"messageKeys":{}}},"pendingPreKey":{"signedKeyId":0,"baseKey":"Bbr4d+fKI7nnrtoH0q6BYvIdY+h0BbM4uEbILRyeKPUR","preKeyId":10896475}},"BdeZH19oxcIZFX+yf1pcOb2NmN77J/fkD9uZ3pahKAcB":{"registrationId":1230665690,"currentRatchet":{"ephemeralKeyPair":{"pubKey":"BV9XdiOGJKj/eWiN3fnsiIHScPMQfQzo5Ba3P0PXL5xK","privKey":"SGOjVCDKV9kkvIXVLW/7dLjqDaWBoQSNEOnnYI/A/GQ="},"lastRemoteEphemeralKey":"Be5rvpWlK5IRzs/KY4pZ0aB3uPNrxd6JbaAFZ3ur1msD","previousCounter":0,"rootKey":"Kfq4exne5yCEKpsVvjVvDbZPrDh5U2oJJHy40tN7izg="},"indexInfo":{"baseKey":"BdeZH19oxcIZFX+yf1pcOb2NmN77J/fkD9uZ3pahKAcB","baseKeyType":1,"closed":1732025971098,"used":1732025970797,"created":1732025970797,"remoteIdentityKey":"BUXPwZdnwoVvaEsFb97w7AzqE2qbFdh6b6Mb8ainr9sV"},"_chains":{"BV9XdiOGJKj/eWiN3fnsiIHScPMQfQzo5Ba3P0PXL5xK":{"chainKey":{"counter":-1,"key":"f0t1EZYaKYJdBpNArHh81ZI8gbXy8DWdBBr/1GgtbAg="},"chainType":1,"messageKeys":{}}},"pendingPreKey":{"signedKeyId":0,"baseKey":"BdeZH19oxcIZFX+yf1pcOb2NmN77J/fkD9uZ3pahKAcB","preKeyId":10896685}},"Bew80co6MtCAg0fmIq6DF/rMYoT6gzTyMG7r8hqYoqY+":{"registrationId":1230665690,"currentRatchet":{"ephemeralKeyPair":{"pubKey":"Be56eASHDmSqFPJLTadfhKO+A5+vtimWdG6LuuxergV7","privKey":"MKt1LYq9sgsJJsTiiEHZyU54oAm+FFu2aSK+1nL4DkY="},"lastRemoteEphemeralKey":"Be5rvpWlK5IRzs/KY4pZ0aB3uPNrxd6JbaAFZ3ur1msD","previousCounter":0,"rootKey":"RY/bfzFGloqvQSLF1XCF4W8Sfy4tSJSydwJaSjwcwFE="},"indexInfo":{"baseKey":"Bew80co6MtCAg0fmIq6DF/rMYoT6gzTyMG7r8hqYoqY+","baseKeyType":1,"closed":1732025971425,"used":1732025971089,"created":1732025971089,"remoteIdentityKey":"BUXPwZdnwoVvaEsFb97w7AzqE2qbFdh6b6Mb8ainr9sV"},"_chains":{"Be56eASHDmSqFPJLTadfhKO+A5+vtimWdG6LuuxergV7":{"chainKey":{"counter":-1,"key":"HkA+KJnQhMRV3hU30LpYv3NJYSDYjMQtNKB+ftgyX6Q="},"chainType":1,"messageKeys":{}}},"pendingPreKey":{"signedKeyId":0,"baseKey":"Bew80co6MtCAg0fmIq6DF/rMYoT6gzTyMG7r8hqYoqY+","preKeyId":10896558}},"BRkj1qemVafyfKOBfFECjMi8mym9Ht8zXjkurQQxBy4h":{"registrationId":1230665690,"currentRatchet":{"ephemeralKeyPair":{"pubKey":"BWbIcOFwFO6LS03cOu/wYOH9UGvs7w2MzwKAj5jqkxMx","privKey":"uIxrM9ZBWtRl19FszIpNf4dXZYobGVhBjq0NfJBtAEM="},"lastRemoteEphemeralKey":"Be5rvpWlK5IRzs/KY4pZ0aB3uPNrxd6JbaAFZ3ur1msD","previousCounter":0,"rootKey":"5Jkj1a/jUh5YVKW+PWy5CAlQHibc6i2UoGPSko3/0Vw="},"indexInfo":{"baseKey":"BRkj1qemVafyfKOBfFECjMi8mym9Ht8zXjkurQQxBy4h","baseKeyType":1,"closed":1732025971732,"used":1732025971409,"created":1732025971409,"remoteIdentityKey":"BUXPwZdnwoVvaEsFb97w7AzqE2qbFdh6b6Mb8ainr9sV"},"_chains":{"BWbIcOFwFO6LS03cOu/wYOH9UGvs7w2MzwKAj5jqkxMx":{"chainKey":{"counter":-1,"key":"5l4WPjCgA5ArFXo9ySAtQHD/++8X3tWUEljJiEO/rk8="},"chainType":1,"messageKeys":{}}},"pendingPreKey":{"signedKeyId":0,"baseKey":"BRkj1qemVafyfKOBfFECjMi8mym9Ht8zXjkurQQxBy4h","preKeyId":10896555}},"BcnHGIXKAf5CPAVeFu/jeQb4gyMUSYmzB3CfeUBC29Aw":{"registrationId":1230665690,"currentRatchet":{"ephemeralKeyPair":{"pubKey":"Bc+N7TUSUAto0JpNDqdRTn8GMBA5wHpvkNMCzdHXsDwl","privKey":"GNKhf8kncTHMmKcToOrEx8Jzb2/Pqj157CMJ+yWxjlY="},"lastRemoteEphemeralKey":"Be5rvpWlK5IRzs/KY4pZ0aB3uPNrxd6JbaAFZ3ur1msD","previousCounter":0,"rootKey":"7qeUfk4pcNKawDYpuW8l9JhG0w98/dQZo/25Eig6xTo="},"indexInfo":{"baseKey":"BcnHGIXKAf5CPAVeFu/jeQb4gyMUSYmzB3CfeUBC29Aw","baseKeyType":1,"closed":1732025972038,"used":1732025971721,"created":1732025971721,"remoteIdentityKey":"BUXPwZdnwoVvaEsFb97w7AzqE2qbFdh6b6Mb8ainr9sV"},"_chains":{"Bc+N7TUSUAto0JpNDqdRTn8GMBA5wHpvkNMCzdHXsDwl":{"chainKey":{"counter":-1,"key":"Al1v39RTHiiaKa5SY291ROLIUcpX6kX+gzMwnAX/ytU="},"chainType":1,"messageKeys":{}}},"pendingPreKey":{"signedKeyId":0,"baseKey":"BcnHGIXKAf5CPAVeFu/jeQb4gyMUSYmzB3CfeUBC29Aw","preKeyId":10896722}},"BT49BKjw26UcddaFG4SiTGRjMbVJQEAzKYPeXiYQ5bNe":{"registrationId":1230665690,"currentRatchet":{"ephemeralKeyPair":{"pubKey":"Baia5iYoYaHFByqHxSQ5ANLUQbQW6hprcDLANX2T+CQy","privKey":"APz+nGUszbErRv12pB3c2yKd4uTJ7u2amG3jQrKbSnc="},"lastRemoteEphemeralKey":"Be5rvpWlK5IRzs/KY4pZ0aB3uPNrxd6JbaAFZ3ur1msD","previousCounter":0,"rootKey":"WlBSwMydWTVtYe2pX5xq77/sBfsUB0XEnQxRBODene8="},"indexInfo":{"baseKey":"BT49BKjw26UcddaFG4SiTGRjMbVJQEAzKYPeXiYQ5bNe","baseKeyType":1,"closed":1732025972353,"used":1732025972026,"created":1732025972026,"remoteIdentityKey":"BUXPwZdnwoVvaEsFb97w7AzqE2qbFdh6b6Mb8ainr9sV"},"_chains":{"Baia5iYoYaHFByqHxSQ5ANLUQbQW6hprcDLANX2T+CQy":{"chainKey":{"counter":-1,"key":"ASkb1m4poipcPEzCpA3kKH5JPPUijt4pSumcVhiGfsA="},"chainType":1,"messageKeys":{}}},"pendingPreKey":{"signedKeyId":0,"baseKey":"BT49BKjw26UcddaFG4SiTGRjMbVJQEAzKYPeXiYQ5bNe","preKeyId":10896616}},"BYWVI8VBNYHhmJ5Ox5d5nrNaX/ULlMY6IdWHsA1ODuU5":{"registrationId":1230665690,"currentRatchet":{"ephemeralKeyPair":{"pubKey":"BWMCQga5berh56HU/pKlLS8E/EA7i9V/2lgWfIGH1Is9","privKey":"qCDbkaGg8hur0d2vW6zRVhrS+5vd1EV2JaLzWo/Dt3E="},"lastRemoteEphemeralKey":"Be5rvpWlK5IRzs/KY4pZ0aB3uPNrxd6JbaAFZ3ur1msD","previousCounter":0,"rootKey":"+qAcve+S6fNMDT7TjEVSPeKGTRVIP3/TtiJ8AH8bVH4="},"indexInfo":{"baseKey":"BYWVI8VBNYHhmJ5Ox5d5nrNaX/ULlMY6IdWHsA1ODuU5","baseKeyType":1,"closed":1732025972697,"used":1732025972335,"created":1732025972335,"remoteIdentityKey":"BUXPwZdnwoVvaEsFb97w7AzqE2qbFdh6b6Mb8ainr9sV"},"_chains":{"BWMCQga5berh56HU/pKlLS8E/EA7i9V/2lgWfIGH1Is9":{"chainKey":{"counter":-1,"key":"VKC3pmPRcLtR8bCSbghJPepamPodkr6yx8Fa/T7yUmA="},"chainType":1,"messageKeys":{}}},"pendingPreKey":{"signedKeyId":0,"baseKey":"BYWVI8VBNYHhmJ5Ox5d5nrNaX/ULlMY6IdWHsA1ODuU5","preKeyId":10896546}},"BaNK1UOququZ/7wUh4GquA464SQsPMjbVEPxc8cCtDFb":{"registrationId":1230665690,"currentRatchet":{"ephemeralKeyPair":{"pubKey":"BY9Ewe5pITgqnvAxkFcJxBlIvnUUXC+iCpHr5NP0f35v","privKey":"+Lj6jsWz53gCMrDU88gh1NBdGf2QHrQaWN4HML821XA="},"lastRemoteEphemeralKey":"Be5rvpWlK5IRzs/KY4pZ0aB3uPNrxd6JbaAFZ3ur1msD","previousCounter":0,"rootKey":"p4Ys4B3mTIjYGL3jimyBl+kULVB3PLsVg9qzJPlV5c0="},"indexInfo":{"baseKey":"BaNK1UOququZ/7wUh4GquA464SQsPMjbVEPxc8cCtDFb","baseKeyType":1,"closed":-1,"used":1732025972685,"created":1732025972685,"remoteIdentityKey":"BUXPwZdnwoVvaEsFb97w7AzqE2qbFdh6b6Mb8ainr9sV"},"_chains":{"BY9Ewe5pITgqnvAxkFcJxBlIvnUUXC+iCpHr5NP0f35v":{"chainKey":{"counter":0,"key":"e0hr5zNwRkYp1gsHLrnGd/msKXJaCVBBThDaSHt1fWU="},"chainType":1,"messageKeys":{}}},"pendingPreKey":{"signedKeyId":0,"baseKey":"BaNK1UOququZ/7wUh4GquA464SQsPMjbVEPxc8cCtDFb","preKeyId":10896624}}},"version":"v1"}