{"_sessions":{"BUdCZNc2NsmP7+mMxzoeiKI19sYuIWlhfqwh6FCU98c4":{"registrationId":978204856,"currentRatchet":{"ephemeralKeyPair":{"pubKey":"BaoF1R3htzonBXhLPN+LfYfAjnWMOrslDvbGrDiZBKtT","privKey":"GMRa4C5fgEXvc/8okAV2uww/fFET3uaJPLbjmCcqmnk="},"lastRemoteEphemeralKey":"BVS3wySeRkS7/F5u/WQUdBSe5lvcK0ozfizkaUoYlT1S","previousCounter":0,"rootKey":"XRvBokKUPhjHBk5xiijnRQwmz79zvCxNw3ShrHjB3j0="},"indexInfo":{"baseKey":"BUdCZNc2NsmP7+mMxzoeiKI19sYuIWlhfqwh6FCU98c4","baseKeyType":2,"closed":-1,"used":1731919744498,"created":1731674991802,"remoteIdentityKey":"BZsDA+QGvdZ80ual4ZpSsrb+mSsW/g8vogB3J4CjNrYC"},"_chains":{"BQGIshBoXLaXD6Pe/yz1x7akjGlZrXrbflmsEvJPAbhT":{"chainKey":{"counter":0},"chainType":2,"messageKeys":{}},"BVS3wySeRkS7/F5u/WQUdBSe5lvcK0ozfizkaUoYlT1S":{"chainKey":{"counter":1,"key":"azqoRwxfmOmu6PCxSfbvwMSHMikJTHOseAIeIscyab4="},"chainType":2,"messageKeys":{}},"BaoF1R3htzonBXhLPN+LfYfAjnWMOrslDvbGrDiZBKtT":{"chainKey":{"counter":-1,"key":"BdqTIr+uz7QboDC5ifRru2BoyOVPqHvaQi2oANRY21U="},"chainType":1,"messageKeys":{}}}}},"version":"v1"}