{"_sessions":{"BeDBDlOPDNd2jJjMdsShAjGgGzuIMvO//d2t43+OXvdc":{"registrationId":1816220399,"currentRatchet":{"ephemeralKeyPair":{"pubKey":"Bb77H2OBysYqd539MSOBx6wxcD/+OHqUp+FhgasWjHIv","privKey":"cCmHP326EBJ6tKV1FGLMOJB1gOm1r20Ku9EBGmmRQlw="},"lastRemoteEphemeralKey":"BerNmXT2qBjAcbIj70KPtoF4ekrMsJVIStEaT4n31it2","previousCounter":0,"rootKey":"UzYIwN7sZqafrrAxrNqGefQwUvMvayHcGLZ5qyLQbk0="},"indexInfo":{"baseKey":"BeDBDlOPDNd2jJjMdsShAjGgGzuIMvO//d2t43+OXvdc","baseKeyType":1,"closed":-1,"used":1732007966314,"created":1731676607368,"remoteIdentityKey":"BUiuoFaqZeKzVDInWICk+V0sqBXp0SCDniHF3DPTVhNK"},"_chains":{"BerNmXT2qBjAcbIj70KPtoF4ekrMsJVIStEaT4n31it2":{"chainKey":{"counter":5,"key":"uDmwMAhgf8JtDjmtiaOCqgXXU7vwcHdxoqz/STMBte0="},"chainType":2,"messageKeys":{}},"Bb77H2OBysYqd539MSOBx6wxcD/+OHqUp+FhgasWjHIv":{"chainKey":{"counter":-1,"key":"CQ+jKM0LHpQI3Vzf0PWRdc7GgDd3Bwrx62ZzGG6kHeM="},"chainType":1,"messageKeys":{}}}}},"version":"v1"}