{"_sessions":{"BVw+nIahvsOoJPWREMCS4Fz5HHbBI78X3n9mPHnmPEBZ":{"registrationId":1116838288,"currentRatchet":{"ephemeralKeyPair":{"pubKey":"BfBQaDOvq16G8ohjamX0xXNg7p4udS/aaQHiURFVgCNH","privKey":"aOcPFpLXuvQwnTI9JxIzjRwS44jYD0/ZvvMvbHd1QUM="},"lastRemoteEphemeralKey":"BVN3QELnQDtPL0gDAKEFx0DFgnkCJX3NBgjDB8nLCe0i","previousCounter":0,"rootKey":"Rv8tJZoeEcnS8MZukZhwEJSkCXkv0hcWDJktDLEk+u0="},"indexInfo":{"baseKey":"BVw+nIahvsOoJPWREMCS4Fz5HHbBI78X3n9mPHnmPEBZ","baseKeyType":1,"closed":-1,"used":1731787255887,"created":1731787255887,"remoteIdentityKey":"BW/XUovvwmS3ReH8tOjqwMEToOGkiqHytVMpMEQuDKp3"},"_chains":{"BfBQaDOvq16G8ohjamX0xXNg7p4udS/aaQHiURFVgCNH":{"chainKey":{"counter":0,"key":"kLEhEq7DkpG/uG6FA7fZu4Qp3ELmxoUmjbUn2EO4e0g="},"chainType":1,"messageKeys":{}}},"pendingPreKey":{"signedKeyId":4,"baseKey":"BVw+nIahvsOoJPWREMCS4Fz5HHbBI78X3n9mPHnmPEBZ","preKeyId":16024930}}},"version":"v1"}