{"_sessions":{"BZSN1EbDHWW3mLHQlrgSgLx+O6FdQpDaq2Dy+ahO/jwp":{"registrationId":16131,"currentRatchet":{"ephemeralKeyPair":{"pubKey":"BSpZ2P+G0LSiH2syKTE1vocexBTiGuRiN1KBI0aI6OE8","privKey":"mB532Aal2EXxfsVuCLFmdpmd2fdeLRPiWPw/IvLn7kA="},"lastRemoteEphemeralKey":"Bcj1kb+M5jx5l4zHGowwj7MXhMGTuRidZ7iJq2OmYG87","previousCounter":0,"rootKey":"0dLXQQaNEoaJZEQDj6QodwZGaG3shdTc7FzihmfTzRo="},"indexInfo":{"baseKey":"BZSN1EbDHWW3mLHQlrgSgLx+O6FdQpDaq2Dy+ahO/jwp","baseKeyType":1,"closed":1731770226544,"used":1731770223022,"created":1731770223022,"remoteIdentityKey":"BfGfyrnEEl1RknanA4QuB8xa/+/KXWlj8C+M4Z/qMA4G"},"_chains":{"BSpZ2P+G0LSiH2syKTE1vocexBTiGuRiN1KBI0aI6OE8":{"chainKey":{"counter":0,"key":"Swe2K/l1VDuRm7rFCdc9ORPlTIk4pYCoxHf9BHnM4kw="},"chainType":1,"messageKeys":{}}},"pendingPreKey":{"signedKeyId":1,"baseKey":"BZSN1EbDHWW3mLHQlrgSgLx+O6FdQpDaq2Dy+ahO/jwp"}},"BWWg93nehjXJJes7gE+qeDBikHNAg8rIQduTNMVt+61s":{"registrationId":16131,"currentRatchet":{"ephemeralKeyPair":{"pubKey":"BblgyId7f0cAP8EUyjHGCkhg/lPxihKdq/1UtoUJAoEj","privKey":"+C7LRAfc6hZq4FqEPF9h5VK3oj0Szkfvg8FmT3Ubv1I="},"lastRemoteEphemeralKey":"Bcj1kb+M5jx5l4zHGowwj7MXhMGTuRidZ7iJq2OmYG87","previousCounter":0,"rootKey":"rEq6Aa4k7WA2dimCPoFnU81ipbc6xrCo5gS9Y3c78is="},"indexInfo":{"baseKey":"BWWg93nehjXJJes7gE+qeDBikHNAg8rIQduTNMVt+61s","baseKeyType":1,"closed":-1,"used":1731770225880,"created":1731770225880,"remoteIdentityKey":"BfGfyrnEEl1RknanA4QuB8xa/+/KXWlj8C+M4Z/qMA4G"},"_chains":{"BblgyId7f0cAP8EUyjHGCkhg/lPxihKdq/1UtoUJAoEj":{"chainKey":{"counter":0,"key":"70ux4cWbMquQdsHfvjkxrjjNBpoLQjEyMHfRgiF1TPo="},"chainType":1,"messageKeys":{}}},"pendingPreKey":{"signedKeyId":1,"baseKey":"BWWg93nehjXJJes7gE+qeDBikHNAg8rIQduTNMVt+61s"}}},"version":"v1"}