{"_sessions":{"Bc4MJH6BZE3ExnVkxVJK9NKMjqeqrb8mXIVDWCoUAPQa":{"registrationId":1424486664,"currentRatchet":{"ephemeralKeyPair":{"pubKey":"BRrqT9xKXcliQeUGyoHKtYMnfFq8VXIQ+C5ZtQLXbMxH","privKey":"yPAYcyKuyWfbtLQOy+y+nGqGLyPc43MsXrom0azEP2Q="},"lastRemoteEphemeralKey":"BcOuC4Sq1KgmIZl5hxoaXYurjw4c0dOYCYVo+S39HaQo","previousCounter":0,"rootKey":"DfpLHlonRE7rIhlWeeHiC9aNzgEJGyLSA3WG6RdiadI="},"indexInfo":{"baseKey":"Bc4MJH6BZE3ExnVkxVJK9NKMjqeqrb8mXIVDWCoUAPQa","baseKeyType":1,"closed":-1,"used":1731777349740,"created":1731777349740,"remoteIdentityKey":"BbpwiwsyFt6APheewqPp38p+M/iJ2UonKGPkvXLvHIAq"},"_chains":{"BRrqT9xKXcliQeUGyoHKtYMnfFq8VXIQ+C5ZtQLXbMxH":{"chainKey":{"counter":1,"key":"3j/vN+F0JPEMp447AAY29z+XPVYfbtQWMnMWpn5fl4k="},"chainType":1,"messageKeys":{}}},"pendingPreKey":{"signedKeyId":16,"baseKey":"Bc4MJH6BZE3ExnVkxVJK9NKMjqeqrb8mXIVDWCoUAPQa","preKeyId":14520661}}},"version":"v1"}