{"_sessions":{"BbENr09JWUK5ZbTzovMHKPIQDA62Byejwb3MaUCqL/k/":{"registrationId":5206,"currentRatchet":{"ephemeralKeyPair":{"pubKey":"BX+yGVSyOZxU04Sf3DHBANTE5A41Fah/ASzomCNRsjgX","privKey":"yOs7VWEbcGYdmYXqX5mkbiIJio/l1/L2DeoVdo/8X1Y="},"lastRemoteEphemeralKey":"Bc1Ot4AmeuZO1Z1Oq9Yk9EkqmxwOWqdpu195ouQMfwNL","previousCounter":0,"rootKey":"BXk0+gMI1LlggXoePhDbXrxofutDUedzosy4GwE9LQs="},"indexInfo":{"baseKey":"BbENr09JWUK5ZbTzovMHKPIQDA62Byejwb3MaUCqL/k/","baseKeyType":1,"closed":1731770226545,"used":1731770223038,"created":1731770223038,"remoteIdentityKey":"BedR20IlVg2QBmbmUZig1e3hSJ8zSWTtxK5XPueQ3rIk"},"_chains":{"BX+yGVSyOZxU04Sf3DHBANTE5A41Fah/ASzomCNRsjgX":{"chainKey":{"counter":0,"key":"Ps4Ip8pO0dsOP3EYlBrO1BvOOGQuvoZw8St8ioInFhY="},"chainType":1,"messageKeys":{}}},"pendingPreKey":{"signedKeyId":1,"baseKey":"BbENr09JWUK5ZbTzovMHKPIQDA62Byejwb3MaUCqL/k/","preKeyId":339}},"BVLVbx9DNgV9gh1O1+JC/K7soEoKlgdwqq+jDCTYUdVz":{"registrationId":5206,"currentRatchet":{"ephemeralKeyPair":{"pubKey":"BdsWE0WGkbXY/qh6VqikWPjycjHuQEKEAZmXn5dOe84u","privKey":"YNUA3JUTWSiPhedhN9EqOqE3m7oVwGp9yicbXBXYh0Y="},"lastRemoteEphemeralKey":"Bc1Ot4AmeuZO1Z1Oq9Yk9EkqmxwOWqdpu195ouQMfwNL","previousCounter":0,"rootKey":"ThQNwjjMTe6EuOERH80Ad6QiHk6QUZhy9UaL4SNXZAA="},"indexInfo":{"baseKey":"BVLVbx9DNgV9gh1O1+JC/K7soEoKlgdwqq+jDCTYUdVz","baseKeyType":1,"closed":-1,"used":1731770225895,"created":1731770225895,"remoteIdentityKey":"BedR20IlVg2QBmbmUZig1e3hSJ8zSWTtxK5XPueQ3rIk"},"_chains":{"BdsWE0WGkbXY/qh6VqikWPjycjHuQEKEAZmXn5dOe84u":{"chainKey":{"counter":0,"key":"TVZEpCXrQAZYPkTxAzjyUuYfkA5L1hzFyXCXdbuZEt4="},"chainType":1,"messageKeys":{}}},"pendingPreKey":{"signedKeyId":1,"baseKey":"BVLVbx9DNgV9gh1O1+JC/K7soEoKlgdwqq+jDCTYUdVz","preKeyId":943}}},"version":"v1"}