{"_sessions":{"BV4ecPSEFqVd97i8H1ZJNLknOZknaWsGdnauQuDpNUF+":{"registrationId":1834214879,"currentRatchet":{"ephemeralKeyPair":{"pubKey":"BQBiTxa6fEj+AK4jeHPQyYh02kbRZwVZs68UmyM9Fq5B","privKey":"iKGqDGWMzPjtOIDk5/Xais9gBh9eJgyodE8coc+5mEM="},"lastRemoteEphemeralKey":"BdnEkHhj7zVvb3j1YWgJZK3qwvf5aCcIz974r3l2OrhK","previousCounter":0,"rootKey":"diOfeBM7NOJ1nnrWT7NCIcjgHjhSsTT48GYygI628jA="},"indexInfo":{"baseKey":"BV4ecPSEFqVd97i8H1ZJNLknOZknaWsGdnauQuDpNUF+","baseKeyType":2,"closed":-1,"used":1731678979873,"created":1731678979873,"remoteIdentityKey":"BRSQsjrF9pqms6oF1Eq8WrBaEnMHQ6V9BEJHZfPwD0Fx"},"_chains":{"BdnEkHhj7zVvb3j1YWgJZK3qwvf5aCcIz974r3l2OrhK":{"chainKey":{"counter":1,"key":"j0a7yToyOpJCX6QakyRzQ7OxNr45ljMf5Ata+JbpJdQ="},"chainType":2,"messageKeys":{}},"BQBiTxa6fEj+AK4jeHPQyYh02kbRZwVZs68UmyM9Fq5B":{"chainKey":{"counter":2,"key":"cqUlaYglJ+3dxHi3lK94hxCJQXnoBbP2uCXHU7Ks/14="},"chainType":1,"messageKeys":{}}}}},"version":"v1"}