{"_sessions":{"BUv2vyMJRntwraluy74G+z1SvvxDAJ8KreHNfnG/fJIn":{"registrationId":13358,"currentRatchet":{"ephemeralKeyPair":{"pubKey":"BfH7JFsTZXossGmlTjBU/XmXgTK3ZQxaFR0OMfKmkksN","privKey":"mC3xBy0HyoMJ8Bw3wBa0q10iIde4NGpeGF66zGXYdGQ="},"lastRemoteEphemeralKey":"BQJyvamtTwDem0AKrFgA59xDvuZ1lJ+0PdB1BbNh3eND","previousCounter":0,"rootKey":"5wmqPnG36HajDXHwh6fqz213BYHujoj7gVurHRk6ghI="},"indexInfo":{"baseKey":"BUv2vyMJRntwraluy74G+z1SvvxDAJ8KreHNfnG/fJIn","baseKeyType":1,"closed":1731669274822,"used":1731669258060,"created":1731669258060,"remoteIdentityKey":"BZdLxV2bf5o2iv5y5qm3TSLL4qa0xB69sA2XWIHyYQtO"},"_chains":{"BfH7JFsTZXossGmlTjBU/XmXgTK3ZQxaFR0OMfKmkksN":{"chainKey":{"counter":0,"key":"BPBvedRFYqjTw9rTEF68X8uLT/ai9a6i6KFzS80imeo="},"chainType":1,"messageKeys":{}}},"pendingPreKey":{"signedKeyId":1,"baseKey":"BUv2vyMJRntwraluy74G+z1SvvxDAJ8KreHNfnG/fJIn","preKeyId":2190}},"Bd9WcOZhRp3o+sWWbCzDD15sT7Gb3s4jifVpWnp3BIkH":{"registrationId":13358,"currentRatchet":{"ephemeralKeyPair":{"pubKey":"BUXNVQuw+XDTk8arszrEug+tNL478YwWG08uM8fS1n1O","privKey":"YNmBKojiTP2kXAPGe3wF8CizqZEELKH1LFfJJHyCdko="},"lastRemoteEphemeralKey":"BQJyvamtTwDem0AKrFgA59xDvuZ1lJ+0PdB1BbNh3eND","previousCounter":0,"rootKey":"HuYdY6F/z8OIN/Cqk1O8Ijk+bBoBniePS/74MZj1mQQ="},"indexInfo":{"baseKey":"Bd9WcOZhRp3o+sWWbCzDD15sT7Gb3s4jifVpWnp3BIkH","baseKeyType":1,"closed":1731933190392,"used":1731669271966,"created":1731669271966,"remoteIdentityKey":"BZdLxV2bf5o2iv5y5qm3TSLL4qa0xB69sA2XWIHyYQtO"},"_chains":{"BUXNVQuw+XDTk8arszrEug+tNL478YwWG08uM8fS1n1O":{"chainKey":{"counter":57,"key":"yoO0BgeLB1LErgZ2ryqBV8iJsZYUfRmwbC4GJd4GbSQ="},"chainType":1,"messageKeys":{}}},"pendingPreKey":{"signedKeyId":1,"baseKey":"Bd9WcOZhRp3o+sWWbCzDD15sT7Gb3s4jifVpWnp3BIkH","preKeyId":2131}},"BR4kjallXAiuEsbLxuPOZSDNgJMppLVlDsxkxbWO+jUH":{"registrationId":13358,"currentRatchet":{"ephemeralKeyPair":{"pubKey":"BZrskcd+s236vdS8MbZ8T9Vd9bhP4X7E09MmvDxzM+d0","privKey":"SBpnCJ5UmMq/QrBp/RpZGj26XteJC3blTWMiON3x8XI="},"lastRemoteEphemeralKey":"BQJyvamtTwDem0AKrFgA59xDvuZ1lJ+0PdB1BbNh3eND","previousCounter":0,"rootKey":"W+GDnktzVcRAyUrShXizokrIEsflBX4f1Jxz+E/ZdVU="},"indexInfo":{"baseKey":"BR4kjallXAiuEsbLxuPOZSDNgJMppLVlDsxkxbWO+jUH","baseKeyType":1,"closed":1731933208753,"used":1731933190389,"created":1731933190389,"remoteIdentityKey":"BZdLxV2bf5o2iv5y5qm3TSLL4qa0xB69sA2XWIHyYQtO"},"_chains":{"BZrskcd+s236vdS8MbZ8T9Vd9bhP4X7E09MmvDxzM+d0":{"chainKey":{"counter":-1,"key":"YUPecgBp8+3qSyuZ+NhslX3Gqc23WBCAt12JQw0ZQvs="},"chainType":1,"messageKeys":{}}},"pendingPreKey":{"signedKeyId":1,"baseKey":"BR4kjallXAiuEsbLxuPOZSDNgJMppLVlDsxkxbWO+jUH"}},"BbwfvgAJ7ejBAlChhnXPGBWgx2t9tKvRSMzWZ9Vw9N9U":{"registrationId":13358,"currentRatchet":{"ephemeralKeyPair":{"pubKey":"BdhnVkT1mdrehK3g8u/nZw3PXMUD4KM/8GAJNl4fSMZ1","privKey":"eETP8I3EMnBCUGgwKeGlQS3CBmXULGPbCd5+7v9Dg3Y="},"lastRemoteEphemeralKey":"BQJyvamtTwDem0AKrFgA59xDvuZ1lJ+0PdB1BbNh3eND","previousCounter":0,"rootKey":"xe62l2d/Zk4aKZG66G40ZIaxxDpCRNg2bWTZtFGzdUw="},"indexInfo":{"baseKey":"BbwfvgAJ7ejBAlChhnXPGBWgx2t9tKvRSMzWZ9Vw9N9U","baseKeyType":1,"closed":1731933209435,"used":1731933208749,"created":1731933208749,"remoteIdentityKey":"BZdLxV2bf5o2iv5y5qm3TSLL4qa0xB69sA2XWIHyYQtO"},"_chains":{"BdhnVkT1mdrehK3g8u/nZw3PXMUD4KM/8GAJNl4fSMZ1":{"chainKey":{"counter":-1,"key":"7cnL7dBP4s54Vv9J8WIrrhXIWv6Tdz1DglDf6qgm268="},"chainType":1,"messageKeys":{}}},"pendingPreKey":{"signedKeyId":1,"baseKey":"BbwfvgAJ7ejBAlChhnXPGBWgx2t9tKvRSMzWZ9Vw9N9U"}},"BRcOHamVsVDcsEbPWz/vF21OqasXUc3e0aYORl8YprRq":{"registrationId":13358,"currentRatchet":{"ephemeralKeyPair":{"pubKey":"Bbwkqt/6VXmRFL89Xsm9rEJjZl+nXYu9VMNDhqf8a41K","privKey":"0CuvlY4fIwZYT6CwOp4JrXJDTE0yyTksBN6uLluWqWw="},"lastRemoteEphemeralKey":"BQJyvamtTwDem0AKrFgA59xDvuZ1lJ+0PdB1BbNh3eND","previousCounter":0,"rootKey":"lcR0DuoLuQgmpX6Bu9iXmDvtckL3AgEBXp/BaexIggA="},"indexInfo":{"baseKey":"BRcOHamVsVDcsEbPWz/vF21OqasXUc3e0aYORl8YprRq","baseKeyType":1,"closed":1731933212067,"used":1731933209309,"created":1731933209309,"remoteIdentityKey":"BZdLxV2bf5o2iv5y5qm3TSLL4qa0xB69sA2XWIHyYQtO"},"_chains":{"Bbwkqt/6VXmRFL89Xsm9rEJjZl+nXYu9VMNDhqf8a41K":{"chainKey":{"counter":-1,"key":"JEdrIj+ybV2VWlw4kuvVqzRo2Dmfo86k8z9z2YOc49s="},"chainType":1,"messageKeys":{}}},"pendingPreKey":{"signedKeyId":1,"baseKey":"BRcOHamVsVDcsEbPWz/vF21OqasXUc3e0aYORl8YprRq"}},"BRfUXRdqGgBLBmtnAlmwlWHaXyM0sOBtMSFJnNYA0bAl":{"registrationId":13358,"currentRatchet":{"ephemeralKeyPair":{"pubKey":"BUfi+qXsZmqageYnv3Q2F8MPjqaem/kEFWoEDrKYkuoq","privKey":"aLZVRiV2GfMFw13PW182gJBsEylShRkuCd6hjeVtv3c="},"lastRemoteEphemeralKey":"BQJyvamtTwDem0AKrFgA59xDvuZ1lJ+0PdB1BbNh3eND","previousCounter":0,"rootKey":"5uhBTmf2s0g9Ra7ZH61m+rlvFq+7NVsqIClINfzIlHA="},"indexInfo":{"baseKey":"BRfUXRdqGgBLBmtnAlmwlWHaXyM0sOBtMSFJnNYA0bAl","baseKeyType":1,"closed":1731933212229,"used":1731933212063,"created":1731933212063,"remoteIdentityKey":"BZdLxV2bf5o2iv5y5qm3TSLL4qa0xB69sA2XWIHyYQtO"},"_chains":{"BUfi+qXsZmqageYnv3Q2F8MPjqaem/kEFWoEDrKYkuoq":{"chainKey":{"counter":-1,"key":"X799FBFI6Xob8CDXWBVTUD6lmuLKYUQ9k/rRkszRmDs="},"chainType":1,"messageKeys":{}}},"pendingPreKey":{"signedKeyId":1,"baseKey":"BRfUXRdqGgBLBmtnAlmwlWHaXyM0sOBtMSFJnNYA0bAl"}},"BfVlu7CQEp2kXxT7DLvUjsJhlao+EoDpQFRvOFj6AMZ0":{"registrationId":13358,"currentRatchet":{"ephemeralKeyPair":{"pubKey":"BTPRXmV/ngfCX2VBZkFnoG2Uz128dbqNMLo0hML6v/Zh","privKey":"cMaB1h0KLDg2RvpHRtMhbhO/B86ionaQd1bPek+T+kk="},"lastRemoteEphemeralKey":"BQJyvamtTwDem0AKrFgA59xDvuZ1lJ+0PdB1BbNh3eND","previousCounter":0,"rootKey":"eAJWuBa2KESoPaU/IJoo1YSKHjStYCCWbq+j1Viu++4="},"indexInfo":{"baseKey":"BfVlu7CQEp2kXxT7DLvUjsJhlao+EoDpQFRvOFj6AMZ0","baseKeyType":1,"closed":1731933213322,"used":1731933212224,"created":1731933212224,"remoteIdentityKey":"BZdLxV2bf5o2iv5y5qm3TSLL4qa0xB69sA2XWIHyYQtO"},"_chains":{"BTPRXmV/ngfCX2VBZkFnoG2Uz128dbqNMLo0hML6v/Zh":{"chainKey":{"counter":-1,"key":"yIzjyVeyUVx2RZ4qDSLn/hnGyRnnkU555fJ/ItbqFaw="},"chainType":1,"messageKeys":{}}},"pendingPreKey":{"signedKeyId":1,"baseKey":"BfVlu7CQEp2kXxT7DLvUjsJhlao+EoDpQFRvOFj6AMZ0"}},"BXbdObqTGErdl5FvhEua0Eijm9HUCyNkVnR3Ny3mgncZ":{"registrationId":13358,"currentRatchet":{"ephemeralKeyPair":{"pubKey":"BahmtEdpK/cMECF0D6AbotXwHF3E421+n1q1Ie+QZj5H","privKey":"qIj4fIKwmDUr2X2agRZvyFJCgIrXQD1rvJDoyCSPn38="},"lastRemoteEphemeralKey":"BQJyvamtTwDem0AKrFgA59xDvuZ1lJ+0PdB1BbNh3eND","previousCounter":0,"rootKey":"x0LKQlNekgnMREyVKDs9mlfNFIUAoC0AWIX1YHOO04k="},"indexInfo":{"baseKey":"BXbdObqTGErdl5FvhEua0Eijm9HUCyNkVnR3Ny3mgncZ","baseKeyType":1,"closed":1731933213495,"used":1731933213316,"created":1731933213316,"remoteIdentityKey":"BZdLxV2bf5o2iv5y5qm3TSLL4qa0xB69sA2XWIHyYQtO"},"_chains":{"BahmtEdpK/cMECF0D6AbotXwHF3E421+n1q1Ie+QZj5H":{"chainKey":{"counter":-1,"key":"bYk+Lu7vii4rzH4XaNy6s3kIkgqFQjtpY7nrPW9pMG0="},"chainType":1,"messageKeys":{}}},"pendingPreKey":{"signedKeyId":1,"baseKey":"BXbdObqTGErdl5FvhEua0Eijm9HUCyNkVnR3Ny3mgncZ"}},"BfBCDM2ShoeNG8myXr+2Sx/sGRxFMlc5ZRShae/YRLFT":{"registrationId":13358,"currentRatchet":{"ephemeralKeyPair":{"pubKey":"Be2rjCGkRZhygf6vzobWzCDmiYQSdz5wuZaR3yUgKrVU","privKey":"gJCmCvcMgDHBCL2WD359CEdn1SkQNSbxy3f5rhaPbFk="},"lastRemoteEphemeralKey":"BQJyvamtTwDem0AKrFgA59xDvuZ1lJ+0PdB1BbNh3eND","previousCounter":0,"rootKey":"drEEoHdhsHpgMKHCZMKwKRiPibwQLfBugAHmdXtgxYw="},"indexInfo":{"baseKey":"BfBCDM2ShoeNG8myXr+2Sx/sGRxFMlc5ZRShae/YRLFT","baseKeyType":1,"closed":1731933213687,"used":1731933213488,"created":1731933213488,"remoteIdentityKey":"BZdLxV2bf5o2iv5y5qm3TSLL4qa0xB69sA2XWIHyYQtO"},"_chains":{"Be2rjCGkRZhygf6vzobWzCDmiYQSdz5wuZaR3yUgKrVU":{"chainKey":{"counter":-1,"key":"OLNzJGYAYW9X7/AQ/JJ1g1ARne7KMFWEgMv3zf3SyGo="},"chainType":1,"messageKeys":{}}},"pendingPreKey":{"signedKeyId":1,"baseKey":"BfBCDM2ShoeNG8myXr+2Sx/sGRxFMlc5ZRShae/YRLFT"}},"BYEqW8a9gBu4D0UJmRg6bGu+3Gb/puQxEk1zmOsU8XFo":{"registrationId":13358,"currentRatchet":{"ephemeralKeyPair":{"pubKey":"BTrGkChygelyT+4ShvBqWDaLhSjbK0rZ6CXrRd4ji0E7","privKey":"MGIqDihntf6gYiYlTWaakJHncML9SXdUatss1kZzwWY="},"lastRemoteEphemeralKey":"BQJyvamtTwDem0AKrFgA59xDvuZ1lJ+0PdB1BbNh3eND","previousCounter":0,"rootKey":"ofPf1GR66UTgAIBSsThh+CnKsU+OYVIgifWsLrtE9s4="},"indexInfo":{"baseKey":"BYEqW8a9gBu4D0UJmRg6bGu+3Gb/puQxEk1zmOsU8XFo","baseKeyType":1,"closed":1731933216322,"used":1731933213683,"created":1731933213683,"remoteIdentityKey":"BZdLxV2bf5o2iv5y5qm3TSLL4qa0xB69sA2XWIHyYQtO"},"_chains":{"BTrGkChygelyT+4ShvBqWDaLhSjbK0rZ6CXrRd4ji0E7":{"chainKey":{"counter":-1,"key":"114hyir+NsP7b8YAHEJjsGR6fSi77oMFasWk0xiftMg="},"chainType":1,"messageKeys":{}}},"pendingPreKey":{"signedKeyId":1,"baseKey":"BYEqW8a9gBu4D0UJmRg6bGu+3Gb/puQxEk1zmOsU8XFo"}},"BXzTDqkFgNTctOIgEf2q1X9vj8bGIQ0ujWIfV+oObOpm":{"registrationId":13358,"currentRatchet":{"ephemeralKeyPair":{"pubKey":"BVpKgHDgLO0Juf8EDa1TAg4Bz3t7tq1s4C2LFMDiLGsj","privKey":"+OOZfPscVxolyex5RanVTkcR60MaQAIwgYBIWktDx24="},"lastRemoteEphemeralKey":"BQJyvamtTwDem0AKrFgA59xDvuZ1lJ+0PdB1BbNh3eND","previousCounter":0,"rootKey":"F2CG/oD73r3Uq06N28mmAdhOfmaoOG6tOhICNpz/Sio="},"indexInfo":{"baseKey":"BXzTDqkFgNTctOIgEf2q1X9vj8bGIQ0ujWIfV+oObOpm","baseKeyType":1,"closed":1731933216492,"used":1731933216317,"created":1731933216317,"remoteIdentityKey":"BZdLxV2bf5o2iv5y5qm3TSLL4qa0xB69sA2XWIHyYQtO"},"_chains":{"BVpKgHDgLO0Juf8EDa1TAg4Bz3t7tq1s4C2LFMDiLGsj":{"chainKey":{"counter":-1,"key":"dvRzlhzOD+UBViG3ULrqx00EQWhYd1bDmQcDRLPVSXM="},"chainType":1,"messageKeys":{}}},"pendingPreKey":{"signedKeyId":1,"baseKey":"BXzTDqkFgNTctOIgEf2q1X9vj8bGIQ0ujWIfV+oObOpm"}},"Be1FVHX+hvxleHR/z25BzrhMLeRgM78LmZetOwQ0ZapF":{"registrationId":13358,"currentRatchet":{"ephemeralKeyPair":{"pubKey":"BeoC0Uomeb9k6Kji8PiO8rN0u6joX42NuVHYSAR1m418","privKey":"UD/I8HXMsq36aKX3bUZZOpENyB6Jse8Yde1f1oqpOX0="},"lastRemoteEphemeralKey":"BQJyvamtTwDem0AKrFgA59xDvuZ1lJ+0PdB1BbNh3eND","previousCounter":0,"rootKey":"mn24tt3t7wXo+YT/VW5PQiRtnbHUa3bixpvSrVLQt4o="},"indexInfo":{"baseKey":"Be1FVHX+hvxleHR/z25BzrhMLeRgM78LmZetOwQ0ZapF","baseKeyType":1,"closed":1731933216759,"used":1731933216487,"created":1731933216487,"remoteIdentityKey":"BZdLxV2bf5o2iv5y5qm3TSLL4qa0xB69sA2XWIHyYQtO"},"_chains":{"BeoC0Uomeb9k6Kji8PiO8rN0u6joX42NuVHYSAR1m418":{"chainKey":{"counter":-1,"key":"dSTUzmfoo4cfOafzfoodVJhP+nc3Q396jKvIICWpwNA="},"chainType":1,"messageKeys":{}}},"pendingPreKey":{"signedKeyId":1,"baseKey":"Be1FVHX+hvxleHR/z25BzrhMLeRgM78LmZetOwQ0ZapF"}},"BWdYh2vFK13tXGtnpb39nHQjiXO1/RTcAxWoFty8HClz":{"registrationId":13358,"currentRatchet":{"ephemeralKeyPair":{"pubKey":"BQNJfVBGZPEzdqCSdEy+G0KUEWYUWHzE6mxajauoYOtf","privKey":"cD5AETcSc11+GgJJ/i/K3dgq+tNP5+fSD+aWdTO43Hc="},"lastRemoteEphemeralKey":"BQJyvamtTwDem0AKrFgA59xDvuZ1lJ+0PdB1BbNh3eND","previousCounter":0,"rootKey":"gV7UKJh/MVku+SfdGLNr4pOUBoau7pAZbotrrh/Mstk="},"indexInfo":{"baseKey":"BWdYh2vFK13tXGtnpb39nHQjiXO1/RTcAxWoFty8HClz","baseKeyType":1,"closed":1731933216936,"used":1731933216755,"created":1731933216755,"remoteIdentityKey":"BZdLxV2bf5o2iv5y5qm3TSLL4qa0xB69sA2XWIHyYQtO"},"_chains":{"BQNJfVBGZPEzdqCSdEy+G0KUEWYUWHzE6mxajauoYOtf":{"chainKey":{"counter":-1,"key":"E3eTdhqMEtZ9TEas25h5wpNQYyNXs6SYgTeNRpzlkcI="},"chainType":1,"messageKeys":{}}},"pendingPreKey":{"signedKeyId":1,"baseKey":"BWdYh2vFK13tXGtnpb39nHQjiXO1/RTcAxWoFty8HClz"}},"BUOPCqVQnXDZ6ZRm7bE7qYKHN/DiQ7Cbtie8BMcS2Vhp":{"registrationId":13358,"currentRatchet":{"ephemeralKeyPair":{"pubKey":"BUF63xwdn4kwnhpufCBE+wvh642ee6FN9Gj0R+Sn4pEK","privKey":"QMtdii8LavYa/GUOfCT+ByB/JHMd0VLbPtW2UanUOXY="},"lastRemoteEphemeralKey":"BQJyvamtTwDem0AKrFgA59xDvuZ1lJ+0PdB1BbNh3eND","previousCounter":0,"rootKey":"lq/Q66bR1/Loyeg9b2ef4mK3XPp7y7api7tPNZQOtd4="},"indexInfo":{"baseKey":"BUOPCqVQnXDZ6ZRm7bE7qYKHN/DiQ7Cbtie8BMcS2Vhp","baseKeyType":1,"closed":1731933229206,"used":1731933216924,"created":1731933216924,"remoteIdentityKey":"BZdLxV2bf5o2iv5y5qm3TSLL4qa0xB69sA2XWIHyYQtO"},"_chains":{"BUF63xwdn4kwnhpufCBE+wvh642ee6FN9Gj0R+Sn4pEK":{"chainKey":{"counter":-1,"key":"wazUHRNYEiahs4w7HOa+B50gVsPRz5h+SJr38EzbA8Y="},"chainType":1,"messageKeys":{}}},"pendingPreKey":{"signedKeyId":1,"baseKey":"BUOPCqVQnXDZ6ZRm7bE7qYKHN/DiQ7Cbtie8BMcS2Vhp"}},"BUT0mATCPKz3wsEAclx7v1nuy7xWhafRpyJIp87fmokq":{"registrationId":13358,"currentRatchet":{"ephemeralKeyPair":{"pubKey":"BcgqqOkFu/a5MhXVzx3HDWqHgjQxEVZm0X8SEMvxmq0b","privKey":"gMWOtybrbFYd3mK6RFGt7599GHhUlhRtBjsq3dgmlnY="},"lastRemoteEphemeralKey":"BQJyvamtTwDem0AKrFgA59xDvuZ1lJ+0PdB1BbNh3eND","previousCounter":0,"rootKey":"r/5s6BjcOLWutZKojLyhZa0/xnD9lMWOXeW7keG7lwU="},"indexInfo":{"baseKey":"BUT0mATCPKz3wsEAclx7v1nuy7xWhafRpyJIp87fmokq","baseKeyType":1,"closed":1731933234491,"used":1731933229202,"created":1731933229202,"remoteIdentityKey":"BZdLxV2bf5o2iv5y5qm3TSLL4qa0xB69sA2XWIHyYQtO"},"_chains":{"BcgqqOkFu/a5MhXVzx3HDWqHgjQxEVZm0X8SEMvxmq0b":{"chainKey":{"counter":-1,"key":"mb0/pMhRnCU2KBfaGl8CNwzehlINIfbdO5F93b9ZeHw="},"chainType":1,"messageKeys":{}}},"pendingPreKey":{"signedKeyId":1,"baseKey":"BUT0mATCPKz3wsEAclx7v1nuy7xWhafRpyJIp87fmokq"}},"BR7atXU3Fs1yWsIE9Gxe1yhZ9g5Y7JwAcPz2SyIxtwlX":{"registrationId":13358,"currentRatchet":{"ephemeralKeyPair":{"pubKey":"Bd37ZtIO2cc4TxpbYtpWE7SZQZ+XuhkLSpDdwMzgpB8i","privKey":"GECvHjn1anSo5urYRIq8x0f8B5ZuD2rwnyTncfWkMUM="},"lastRemoteEphemeralKey":"BQJyvamtTwDem0AKrFgA59xDvuZ1lJ+0PdB1BbNh3eND","previousCounter":0,"rootKey":"k/ajru+UFfnEyf3g4T1DG+HkY/XBGpWhaTzOT4XJa2U="},"indexInfo":{"baseKey":"BR7atXU3Fs1yWsIE9Gxe1yhZ9g5Y7JwAcPz2SyIxtwlX","baseKeyType":1,"closed":1731933234650,"used":1731933234486,"created":1731933234486,"remoteIdentityKey":"BZdLxV2bf5o2iv5y5qm3TSLL4qa0xB69sA2XWIHyYQtO"},"_chains":{"Bd37ZtIO2cc4TxpbYtpWE7SZQZ+XuhkLSpDdwMzgpB8i":{"chainKey":{"counter":-1,"key":"ZrjhmZSn0d8C4JApMt9chxJe/lLfY15vmSYjHy6wQ1k="},"chainType":1,"messageKeys":{}}},"pendingPreKey":{"signedKeyId":1,"baseKey":"BR7atXU3Fs1yWsIE9Gxe1yhZ9g5Y7JwAcPz2SyIxtwlX"}},"BXptbl57vS6q11a/ZD7qBrRSfrOVVDGrvPCwAQtVRO0b":{"registrationId":13358,"currentRatchet":{"ephemeralKeyPair":{"pubKey":"Bfopkd/6mOfj9rnnvrV+jpB8VXDd5U6bUMZtx+J1+5ho","privKey":"4HXOaCM1nS2BO0ynN/TbavaA6jESBxDKbBMx8yAx/Ew="},"lastRemoteEphemeralKey":"BQJyvamtTwDem0AKrFgA59xDvuZ1lJ+0PdB1BbNh3eND","previousCounter":0,"rootKey":"Q691wZtELAha6rLrIcE8vMza694GBljYrlIcC4A3TW4="},"indexInfo":{"baseKey":"BXptbl57vS6q11a/ZD7qBrRSfrOVVDGrvPCwAQtVRO0b","baseKeyType":1,"closed":1731933238050,"used":1731933234645,"created":1731933234645,"remoteIdentityKey":"BZdLxV2bf5o2iv5y5qm3TSLL4qa0xB69sA2XWIHyYQtO"},"_chains":{"Bfopkd/6mOfj9rnnvrV+jpB8VXDd5U6bUMZtx+J1+5ho":{"chainKey":{"counter":-1,"key":"6FqoaqVmKHWu+uYjAXa2iFPaJz98QFwD6i2yS5M4GRk="},"chainType":1,"messageKeys":{}}},"pendingPreKey":{"signedKeyId":1,"baseKey":"BXptbl57vS6q11a/ZD7qBrRSfrOVVDGrvPCwAQtVRO0b"}},"BTuslI1RyZZI5n6u4rEhdAsyf2nqQM8BWKb0U23+R65E":{"registrationId":13358,"currentRatchet":{"ephemeralKeyPair":{"pubKey":"BZKFD7trDhe6kDgsn4V5+ETus6lCqDzAx1zeajLG1+AW","privKey":"8PnKfBD6uPE969gt9+XFDv2bi3rMI8ZzKQErZep39Vw="},"lastRemoteEphemeralKey":"BQJyvamtTwDem0AKrFgA59xDvuZ1lJ+0PdB1BbNh3eND","previousCounter":0,"rootKey":"4aD19O7FgFcgWmfcTHbV6//DVIcxjRLQsCl9XQ/AT3Q="},"indexInfo":{"baseKey":"BTuslI1RyZZI5n6u4rEhdAsyf2nqQM8BWKb0U23+R65E","baseKeyType":1,"closed":1731933238209,"used":1731933238047,"created":1731933238047,"remoteIdentityKey":"BZdLxV2bf5o2iv5y5qm3TSLL4qa0xB69sA2XWIHyYQtO"},"_chains":{"BZKFD7trDhe6kDgsn4V5+ETus6lCqDzAx1zeajLG1+AW":{"chainKey":{"counter":-1,"key":"pane1JQL3Ou+XL626DUos6jkzAxS956Rqy4SyH9W6B8="},"chainType":1,"messageKeys":{}}},"pendingPreKey":{"signedKeyId":1,"baseKey":"BTuslI1RyZZI5n6u4rEhdAsyf2nqQM8BWKb0U23+R65E"}},"Bcpq9upJkLts98zOjfsRFOTB+6edfCDVgso8UInZUXVM":{"registrationId":13358,"currentRatchet":{"ephemeralKeyPair":{"pubKey":"BUwCIlPWqSRn3Ikk0sTKNiMb+F2JAyNMyKHtoPgpqkto","privKey":"0P7Sce15wcAVCb45N99+nNTQvHL8rfFKbFzEH5fP9Es="},"lastRemoteEphemeralKey":"BQJyvamtTwDem0AKrFgA59xDvuZ1lJ+0PdB1BbNh3eND","previousCounter":0,"rootKey":"YhDuPM11TDNvYWK5Q5dhy0XtxL/Ds2OpDPLsr1vDAQQ="},"indexInfo":{"baseKey":"Bcpq9upJkLts98zOjfsRFOTB+6edfCDVgso8UInZUXVM","baseKeyType":1,"closed":1731933239546,"used":1731933238204,"created":1731933238204,"remoteIdentityKey":"BZdLxV2bf5o2iv5y5qm3TSLL4qa0xB69sA2XWIHyYQtO"},"_chains":{"BUwCIlPWqSRn3Ikk0sTKNiMb+F2JAyNMyKHtoPgpqkto":{"chainKey":{"counter":-1,"key":"7cSvFrrRIs3d09MrvshDUhqMs0gq5oCT+ZIPg3vq9Ws="},"chainType":1,"messageKeys":{}}},"pendingPreKey":{"signedKeyId":1,"baseKey":"Bcpq9upJkLts98zOjfsRFOTB+6edfCDVgso8UInZUXVM"}},"BR3Az+g1ridqkXWBDvHBvEYGUdB4zqNuI3IjgiFKnVdG":{"registrationId":13358,"currentRatchet":{"ephemeralKeyPair":{"pubKey":"BbQNqsZVCcVpLMpaG3FuCrref7KHUW7ytPU0Yd3UYFl7","privKey":"GNKJEae3+Msyxvy0izsDLJPK1k+Uj8w71N5kvkigwF4="},"lastRemoteEphemeralKey":"BQJyvamtTwDem0AKrFgA59xDvuZ1lJ+0PdB1BbNh3eND","previousCounter":0,"rootKey":"G1TSz4sCQvijfNaEkO2EYaGIRaqMOPH+HQHbUmbi5Nk="},"indexInfo":{"baseKey":"BR3Az+g1ridqkXWBDvHBvEYGUdB4zqNuI3IjgiFKnVdG","baseKeyType":1,"closed":1731933273338,"used":1731933239539,"created":1731933239539,"remoteIdentityKey":"BZdLxV2bf5o2iv5y5qm3TSLL4qa0xB69sA2XWIHyYQtO"},"_chains":{"BbQNqsZVCcVpLMpaG3FuCrref7KHUW7ytPU0Yd3UYFl7":{"chainKey":{"counter":-1,"key":"KFzk62+JjMqxUfr/2vLu+hJQU/7wgZuFAhgOpl5GOo4="},"chainType":1,"messageKeys":{}}},"pendingPreKey":{"signedKeyId":1,"baseKey":"BR3Az+g1ridqkXWBDvHBvEYGUdB4zqNuI3IjgiFKnVdG"}},"BcaulOh3m5x4kEZAlI+sX1p6MP09T4yTYffBEq7bFcRs":{"registrationId":13358,"currentRatchet":{"ephemeralKeyPair":{"pubKey":"BWp6Gf8qWnDtMtm0ytfsSf51IyuBAELOXS1uD5fgk6dF","privKey":"0IP1wsbbSVCkLuJtcVzaxaPhmdapR4kd9lWW2/L4g3w="},"lastRemoteEphemeralKey":"BQJyvamtTwDem0AKrFgA59xDvuZ1lJ+0PdB1BbNh3eND","previousCounter":0,"rootKey":"FJFH1UKWu5Rvw324c4s1jBWWdJEcODVUoDW7pS2iYpg="},"indexInfo":{"baseKey":"BcaulOh3m5x4kEZAlI+sX1p6MP09T4yTYffBEq7bFcRs","baseKeyType":1,"closed":1731933273595,"used":1731933273334,"created":1731933273334,"remoteIdentityKey":"BZdLxV2bf5o2iv5y5qm3TSLL4qa0xB69sA2XWIHyYQtO"},"_chains":{"BWp6Gf8qWnDtMtm0ytfsSf51IyuBAELOXS1uD5fgk6dF":{"chainKey":{"counter":-1,"key":"9ysAcZ7NnMdCtrfwNBE/SKSuOXmvwZpuGlP2FNCeTJM="},"chainType":1,"messageKeys":{}}},"pendingPreKey":{"signedKeyId":1,"baseKey":"BcaulOh3m5x4kEZAlI+sX1p6MP09T4yTYffBEq7bFcRs"}},"Bf53KkRt7qLQZm000hutwdQo0O/7pceyhC+zZZYF1v46":{"registrationId":13358,"currentRatchet":{"ephemeralKeyPair":{"pubKey":"BfxFOlq4D4jM12z5a0MA7KrlKTjJcNeYuQkIz/h7kjNs","privKey":"QCtaxQW+kM8K5MF42ItSXFV9kGMozqxMEwP/HNToUEk="},"lastRemoteEphemeralKey":"BQJyvamtTwDem0AKrFgA59xDvuZ1lJ+0PdB1BbNh3eND","previousCounter":0,"rootKey":"wMATuDNJH1yABZtar35RHvPfCb/2wFXSE1dPWmz3vMA="},"indexInfo":{"baseKey":"Bf53KkRt7qLQZm000hutwdQo0O/7pceyhC+zZZYF1v46","baseKeyType":1,"closed":1731933289493,"used":1731933273586,"created":1731933273586,"remoteIdentityKey":"BZdLxV2bf5o2iv5y5qm3TSLL4qa0xB69sA2XWIHyYQtO"},"_chains":{"BfxFOlq4D4jM12z5a0MA7KrlKTjJcNeYuQkIz/h7kjNs":{"chainKey":{"counter":-1,"key":"LvEbGPHZnspLMpndKdIzjUbu8fT5/dX5iIi+6yiu30A="},"chainType":1,"messageKeys":{}}},"pendingPreKey":{"signedKeyId":1,"baseKey":"Bf53KkRt7qLQZm000hutwdQo0O/7pceyhC+zZZYF1v46"}},"BdpnL09NsV3aNkCXI3En4fisMODsF9MoOCzP8dVS4254":{"registrationId":13358,"currentRatchet":{"ephemeralKeyPair":{"pubKey":"BRlnGVpLgGQlBAfZvhQWjY4zD+wVj82DFPkFUVPt1cVW","privKey":"6E+4GAtXhECg6Y9/ES3jTyHX60MZLSskqbJ2BOJiQlg="},"lastRemoteEphemeralKey":"BQJyvamtTwDem0AKrFgA59xDvuZ1lJ+0PdB1BbNh3eND","previousCounter":0,"rootKey":"RGDgl5kjts4b6SBBc51GV+wsgo7boPOw1y3QAeiihyg="},"indexInfo":{"baseKey":"BdpnL09NsV3aNkCXI3En4fisMODsF9MoOCzP8dVS4254","baseKeyType":1,"closed":1731933291368,"used":1731933289487,"created":1731933289487,"remoteIdentityKey":"BZdLxV2bf5o2iv5y5qm3TSLL4qa0xB69sA2XWIHyYQtO"},"_chains":{"BRlnGVpLgGQlBAfZvhQWjY4zD+wVj82DFPkFUVPt1cVW":{"chainKey":{"counter":-1,"key":"gz3YkuO6Kf/TRbcKIGqCRBDmn2cFWq6zmRmm9x+VcgQ="},"chainType":1,"messageKeys":{}}},"pendingPreKey":{"signedKeyId":1,"baseKey":"BdpnL09NsV3aNkCXI3En4fisMODsF9MoOCzP8dVS4254"}},"BciLwHRg1cd4xpR8b5I5NUq6+5WcmiVYH6ggCLRjH+Vd":{"registrationId":13358,"currentRatchet":{"ephemeralKeyPair":{"pubKey":"BQVHspyUd9ecTo0V94tLM/6EeLYLy6b9eqkr9NhZm6Yi","privKey":"uGQoGb3DplL7rg6qOBORaPDu+EH63aaonEBqUn/rS3E="},"lastRemoteEphemeralKey":"BQJyvamtTwDem0AKrFgA59xDvuZ1lJ+0PdB1BbNh3eND","previousCounter":0,"rootKey":"UFZugQfvrbnsaS6qU8cdP3A7bpPoxvqqgxwdVxAMkL0="},"indexInfo":{"baseKey":"BciLwHRg1cd4xpR8b5I5NUq6+5WcmiVYH6ggCLRjH+Vd","baseKeyType":1,"closed":1731933293442,"used":1731933291363,"created":1731933291363,"remoteIdentityKey":"BZdLxV2bf5o2iv5y5qm3TSLL4qa0xB69sA2XWIHyYQtO"},"_chains":{"BQVHspyUd9ecTo0V94tLM/6EeLYLy6b9eqkr9NhZm6Yi":{"chainKey":{"counter":-1,"key":"YXXJ+H+MOdgMluy+tqVqUFK94D0ZkvjX1HaYNkXuWBU="},"chainType":1,"messageKeys":{}}},"pendingPreKey":{"signedKeyId":1,"baseKey":"BciLwHRg1cd4xpR8b5I5NUq6+5WcmiVYH6ggCLRjH+Vd"}},"BUXlf0orKKlt2VgCrvpgtH4F8Fnz0rzPbQaJEZTy9HVr":{"registrationId":13358,"currentRatchet":{"ephemeralKeyPair":{"pubKey":"BbsD4xHPZdEYbPy4OhZivSM3uTdi1Im+dfwbwzPJPWB/","privKey":"ULql+cjE2wLjiKfbiQfBunHjrOeh2+eHmjvGfMSkmWE="},"lastRemoteEphemeralKey":"BQJyvamtTwDem0AKrFgA59xDvuZ1lJ+0PdB1BbNh3eND","previousCounter":0,"rootKey":"HidBkEkL5y9HGHkKDUMXyFSe/1uDsg5pM8MK3kgkukk="},"indexInfo":{"baseKey":"BUXlf0orKKlt2VgCrvpgtH4F8Fnz0rzPbQaJEZTy9HVr","baseKeyType":1,"closed":1731933293616,"used":1731933293437,"created":1731933293437,"remoteIdentityKey":"BZdLxV2bf5o2iv5y5qm3TSLL4qa0xB69sA2XWIHyYQtO"},"_chains":{"BbsD4xHPZdEYbPy4OhZivSM3uTdi1Im+dfwbwzPJPWB/":{"chainKey":{"counter":-1,"key":"7EGD3il2bMl5Qsv6QyLxlpJ5czB3hinUdHfiaB9a4ks="},"chainType":1,"messageKeys":{}}},"pendingPreKey":{"signedKeyId":1,"baseKey":"BUXlf0orKKlt2VgCrvpgtH4F8Fnz0rzPbQaJEZTy9HVr"}},"BVrFd+7qKxBnCBvpYOuI7AYiSmat4zVM2tlYHFtOcDsf":{"registrationId":13358,"currentRatchet":{"ephemeralKeyPair":{"pubKey":"BYeFzi0JLB+cfGsE1e2Q4zB02z3Z9aEsnypkVpHZMlII","privKey":"oFUzpw9U7JGkJwQD/NJm8WhU0YmGxrvEgMz/OyJQyWI="},"lastRemoteEphemeralKey":"BQJyvamtTwDem0AKrFgA59xDvuZ1lJ+0PdB1BbNh3eND","previousCounter":0,"rootKey":"Cp6rv40btuua4uh6FceJpf7I5IWq7rhmBxnpHEddyJQ="},"indexInfo":{"baseKey":"BVrFd+7qKxBnCBvpYOuI7AYiSmat4zVM2tlYHFtOcDsf","baseKeyType":1,"closed":1731933293789,"used":1731933293609,"created":1731933293609,"remoteIdentityKey":"BZdLxV2bf5o2iv5y5qm3TSLL4qa0xB69sA2XWIHyYQtO"},"_chains":{"BYeFzi0JLB+cfGsE1e2Q4zB02z3Z9aEsnypkVpHZMlII":{"chainKey":{"counter":-1,"key":"isKV7Jbujg0IaY+gih89QvhZiZ2hJndJpfCCtuVOUIo="},"chainType":1,"messageKeys":{}}},"pendingPreKey":{"signedKeyId":1,"baseKey":"BVrFd+7qKxBnCBvpYOuI7AYiSmat4zVM2tlYHFtOcDsf"}},"BVHFKbIJOw5Ov/AcYraU0LUNjfLK+RUw6nR7jOzj9BYJ":{"registrationId":13358,"currentRatchet":{"ephemeralKeyPair":{"pubKey":"BeLe8kupd+3MfYFFBPFYsbHzqW9/qfZBchicvpcGd3Ad","privKey":"eLf4ZsOP8LgLVIGKw2dnKhNjvWVffo8Zh/VTwPBRz3E="},"lastRemoteEphemeralKey":"BQJyvamtTwDem0AKrFgA59xDvuZ1lJ+0PdB1BbNh3eND","previousCounter":0,"rootKey":"qpFEB4JTNhzi+OfqG1XYW1ZzrLRF8TBbwQJVRukmKdI="},"indexInfo":{"baseKey":"BVHFKbIJOw5Ov/AcYraU0LUNjfLK+RUw6nR7jOzj9BYJ","baseKeyType":1,"closed":1731933293957,"used":1731933293783,"created":1731933293783,"remoteIdentityKey":"BZdLxV2bf5o2iv5y5qm3TSLL4qa0xB69sA2XWIHyYQtO"},"_chains":{"BeLe8kupd+3MfYFFBPFYsbHzqW9/qfZBchicvpcGd3Ad":{"chainKey":{"counter":-1,"key":"o+0zgyfNFsd9aCnm0own5MDDotnysUB+dF/S9Hd1HbQ="},"chainType":1,"messageKeys":{}}},"pendingPreKey":{"signedKeyId":1,"baseKey":"BVHFKbIJOw5Ov/AcYraU0LUNjfLK+RUw6nR7jOzj9BYJ"}},"BWhV5nW7sbvk1cevPaEd1NPwbp+qjEb08+gnTMIVRM4N":{"registrationId":13358,"currentRatchet":{"ephemeralKeyPair":{"pubKey":"BYzfPCRDmQciTHgkUDDpxVoTg1w+MkD+mg5U0OBmaiJZ","privKey":"+NR2VEChjFbL5T9rFn8P1LzK0ZXMmKRfAuHtlrnJ2GQ="},"lastRemoteEphemeralKey":"BQJyvamtTwDem0AKrFgA59xDvuZ1lJ+0PdB1BbNh3eND","previousCounter":0,"rootKey":"Dhqh70LxedanagUNMpW2sLEvFHT6wJZbkvZrlLQDRD4="},"indexInfo":{"baseKey":"BWhV5nW7sbvk1cevPaEd1NPwbp+qjEb08+gnTMIVRM4N","baseKeyType":1,"closed":1731933313893,"used":1731933293952,"created":1731933293952,"remoteIdentityKey":"BZdLxV2bf5o2iv5y5qm3TSLL4qa0xB69sA2XWIHyYQtO"},"_chains":{"BYzfPCRDmQciTHgkUDDpxVoTg1w+MkD+mg5U0OBmaiJZ":{"chainKey":{"counter":-1,"key":"OmjkI/myT0mmanRtc9/51I9zK2CxkfVEHrjsAiiPBQs="},"chainType":1,"messageKeys":{}}},"pendingPreKey":{"signedKeyId":1,"baseKey":"BWhV5nW7sbvk1cevPaEd1NPwbp+qjEb08+gnTMIVRM4N"}},"BQmQilE0dv0WqGB663SJK4++T0AQLCutzABwih9aHf8v":{"registrationId":13358,"currentRatchet":{"ephemeralKeyPair":{"pubKey":"BXgBhk6hlzS4UxPb56MOF95gDt6sV15a7xisUNLqjXMD","privKey":"YL+922N5Ek5hu1/UCNNU7Vge8HdzpMCSBxgRXFJ4DWk="},"lastRemoteEphemeralKey":"BQJyvamtTwDem0AKrFgA59xDvuZ1lJ+0PdB1BbNh3eND","previousCounter":0,"rootKey":"3Y/HYqyqwMzEIA9HHt1MVi6vAz573RtyEFqKr2OlXG8="},"indexInfo":{"baseKey":"BQmQilE0dv0WqGB663SJK4++T0AQLCutzABwih9aHf8v","baseKeyType":1,"closed":1731933314164,"used":1731933313885,"created":1731933313885,"remoteIdentityKey":"BZdLxV2bf5o2iv5y5qm3TSLL4qa0xB69sA2XWIHyYQtO"},"_chains":{"BXgBhk6hlzS4UxPb56MOF95gDt6sV15a7xisUNLqjXMD":{"chainKey":{"counter":-1,"key":"OTgRTv2LE0tGqOLTH0V+DRA1yK6aOVML4ZV0UYTdn0w="},"chainType":1,"messageKeys":{}}},"pendingPreKey":{"signedKeyId":1,"baseKey":"BQmQilE0dv0WqGB663SJK4++T0AQLCutzABwih9aHf8v"}},"Bcr2AMAr5da6JeAutWZerM7wvG1X09m1jCL7mUVpqUdI":{"registrationId":13358,"currentRatchet":{"ephemeralKeyPair":{"pubKey":"BZ0YHxTRmWx9VOLL/JKDXJkgiKvlCJoqxmHvDwkdsUVK","privKey":"CKqUALcLhMEUURwadB9A1DPKSKBiIiqZISXC/eKOHUg="},"lastRemoteEphemeralKey":"BQJyvamtTwDem0AKrFgA59xDvuZ1lJ+0PdB1BbNh3eND","previousCounter":0,"rootKey":"FuvoxkgqzKJNLue7C0DL2WxknSIACd6HkWQ6IR4LHLo="},"indexInfo":{"baseKey":"Bcr2AMAr5da6JeAutWZerM7wvG1X09m1jCL7mUVpqUdI","baseKeyType":1,"closed":1731933355092,"used":1731933314158,"created":1731933314158,"remoteIdentityKey":"BZdLxV2bf5o2iv5y5qm3TSLL4qa0xB69sA2XWIHyYQtO"},"_chains":{"BZ0YHxTRmWx9VOLL/JKDXJkgiKvlCJoqxmHvDwkdsUVK":{"chainKey":{"counter":-1,"key":"ezMRdshkjIJmazxE2SbuTPuWEu2z6H4chpB86KAVfS8="},"chainType":1,"messageKeys":{}}},"pendingPreKey":{"signedKeyId":1,"baseKey":"Bcr2AMAr5da6JeAutWZerM7wvG1X09m1jCL7mUVpqUdI"}},"Bf10DnObqogsFiniXDtziCrqIJzXjk7taTZz0c8/BIV9":{"registrationId":13358,"currentRatchet":{"ephemeralKeyPair":{"pubKey":"Bf9uF7ffGh6anmbekAhgRD2FRwBG5UsdCCXSwYpK7PBu","privKey":"2IcN+NQFDr34q/Kr6dXEVmcpQIfEmW8PYr2MdrNIRWQ="},"lastRemoteEphemeralKey":"BQJyvamtTwDem0AKrFgA59xDvuZ1lJ+0PdB1BbNh3eND","previousCounter":0,"rootKey":"KGN/asgYaWtSDU7vtKjc9CnzEPQ7q1eMsQtAr1P7DHg="},"indexInfo":{"baseKey":"Bf10DnObqogsFiniXDtziCrqIJzXjk7taTZz0c8/BIV9","baseKeyType":1,"closed":1731933355930,"used":1731933355087,"created":1731933355087,"remoteIdentityKey":"BZdLxV2bf5o2iv5y5qm3TSLL4qa0xB69sA2XWIHyYQtO"},"_chains":{"Bf9uF7ffGh6anmbekAhgRD2FRwBG5UsdCCXSwYpK7PBu":{"chainKey":{"counter":-1,"key":"dRwAydwhfDffA+7q9lFqC6XdZcDY/Ip6gOvmiMK5aIA="},"chainType":1,"messageKeys":{}}},"pendingPreKey":{"signedKeyId":1,"baseKey":"Bf10DnObqogsFiniXDtziCrqIJzXjk7taTZz0c8/BIV9"}},"BYHIW6Q5STOstCkaECssq990/RPFpmX+kmRPjB3TCnoc":{"registrationId":13358,"currentRatchet":{"ephemeralKeyPair":{"pubKey":"Bds48LR1W3HS+VSgiigvIarEHlapTGKI56DNLB5khx4v","privKey":"qPCt8fwPKTD4vr30jn8+siOWdmdOlw4uyGvSba4hzlE="},"lastRemoteEphemeralKey":"BQJyvamtTwDem0AKrFgA59xDvuZ1lJ+0PdB1BbNh3eND","previousCounter":0,"rootKey":"A3dNm6DzDhcmIepYf7SEeIUG79BK9mojoSOIL4IAkb8="},"indexInfo":{"baseKey":"BYHIW6Q5STOstCkaECssq990/RPFpmX+kmRPjB3TCnoc","baseKeyType":1,"closed":1731933388148,"used":1731933355926,"created":1731933355926,"remoteIdentityKey":"BZdLxV2bf5o2iv5y5qm3TSLL4qa0xB69sA2XWIHyYQtO"},"_chains":{"Bds48LR1W3HS+VSgiigvIarEHlapTGKI56DNLB5khx4v":{"chainKey":{"counter":-1,"key":"bv3DZtyIBUj/qOygTzexhrdZWIESm1dVGwwuMplOzu4="},"chainType":1,"messageKeys":{}}},"pendingPreKey":{"signedKeyId":1,"baseKey":"BYHIW6Q5STOstCkaECssq990/RPFpmX+kmRPjB3TCnoc"}},"BZSXaqpPWYy7ARJgm0DfiSYh5kPDjsigk76DJx4/Qt0o":{"registrationId":13358,"currentRatchet":{"ephemeralKeyPair":{"pubKey":"BasrWsolIfzURSIq+egMo/2kOlQwXV1/3xaBi7REC/0P","privKey":"IGxcBa1f6p0BGCpXcR3Fxhkve9Z4f9ImcvuvF5ELjFk="},"lastRemoteEphemeralKey":"BQJyvamtTwDem0AKrFgA59xDvuZ1lJ+0PdB1BbNh3eND","previousCounter":0,"rootKey":"bHGkKDC51AOAV2ROkdAutqfUmYjmroS3RdZPOxaZOCM="},"indexInfo":{"baseKey":"BZSXaqpPWYy7ARJgm0DfiSYh5kPDjsigk76DJx4/Qt0o","baseKeyType":1,"closed":1731933389282,"used":1731933388142,"created":1731933388142,"remoteIdentityKey":"BZdLxV2bf5o2iv5y5qm3TSLL4qa0xB69sA2XWIHyYQtO"},"_chains":{"BasrWsolIfzURSIq+egMo/2kOlQwXV1/3xaBi7REC/0P":{"chainKey":{"counter":-1,"key":"0MSLbmJbTTWmBxb9rs22YE7LHygYUaVr24QXA9f544I="},"chainType":1,"messageKeys":{}}},"pendingPreKey":{"signedKeyId":1,"baseKey":"BZSXaqpPWYy7ARJgm0DfiSYh5kPDjsigk76DJx4/Qt0o"}},"BeeIXMWaLa8VDWNtXLH70xm1jPt/M23NS2C4W8VjdAQ4":{"registrationId":13358,"currentRatchet":{"ephemeralKeyPair":{"pubKey":"BZA4dfejKEkNu1hBfdZxmOxO9deLv6HyJAWM8oaLrupI","privKey":"IN9Km3LwbWJLA2zFfvMuCr2yny6ML5uXw8Aps3YXB10="},"lastRemoteEphemeralKey":"BQJyvamtTwDem0AKrFgA59xDvuZ1lJ+0PdB1BbNh3eND","previousCounter":0,"rootKey":"SJTk3zShxw33sN75r4tdP2X9xHI0wionIUKE/j3AniI="},"indexInfo":{"baseKey":"BeeIXMWaLa8VDWNtXLH70xm1jPt/M23NS2C4W8VjdAQ4","baseKeyType":1,"closed":1731933389453,"used":1731933389276,"created":1731933389276,"remoteIdentityKey":"BZdLxV2bf5o2iv5y5qm3TSLL4qa0xB69sA2XWIHyYQtO"},"_chains":{"BZA4dfejKEkNu1hBfdZxmOxO9deLv6HyJAWM8oaLrupI":{"chainKey":{"counter":-1,"key":"1sVYWQqxn2lr+PSYM0rQGyp/gUsJqAaMaoAaxYMxnvI="},"chainType":1,"messageKeys":{}}},"pendingPreKey":{"signedKeyId":1,"baseKey":"BeeIXMWaLa8VDWNtXLH70xm1jPt/M23NS2C4W8VjdAQ4"}},"BUCZIgKsQcpSHXxGeBs2tGkyrlP/DHM+YOoUuwLBRUAu":{"registrationId":13358,"currentRatchet":{"ephemeralKeyPair":{"pubKey":"BTY7FGlALSwTsboNuxyT2808dJ7oTHzy54ELZkR84n9L","privKey":"4F+5U8/afE+xIv6TuQ+lTWctKj2TsGX7pUtl2Le9Dno="},"lastRemoteEphemeralKey":"BQJyvamtTwDem0AKrFgA59xDvuZ1lJ+0PdB1BbNh3eND","previousCounter":0,"rootKey":"kSMFB1nvYa+FReLZW7oEsaB/XrvturtnnP9WQUnw9rQ="},"indexInfo":{"baseKey":"BUCZIgKsQcpSHXxGeBs2tGkyrlP/DHM+YOoUuwLBRUAu","baseKeyType":1,"closed":1731933413027,"used":1731933389440,"created":1731933389440,"remoteIdentityKey":"BZdLxV2bf5o2iv5y5qm3TSLL4qa0xB69sA2XWIHyYQtO"},"_chains":{"BTY7FGlALSwTsboNuxyT2808dJ7oTHzy54ELZkR84n9L":{"chainKey":{"counter":-1,"key":"ZXhIApVc8sYlqRbTBJ3BcnWgJG05zErHo43BNu30ceY="},"chainType":1,"messageKeys":{}}},"pendingPreKey":{"signedKeyId":1,"baseKey":"BUCZIgKsQcpSHXxGeBs2tGkyrlP/DHM+YOoUuwLBRUAu"}},"BbHlOQwKD5QCRMe82JPtAPfXmuWirpOiI2ZPiVqMzkp9":{"registrationId":13358,"currentRatchet":{"ephemeralKeyPair":{"pubKey":"BeXPHoO1TUxxNOc1DP4RWAnvo2doUDbTYrKhHEGPV8cG","privKey":"mD74APn5Gnssh+TaHk1wr5euZ3ypkw2ucLXpTUf0dXM="},"lastRemoteEphemeralKey":"BQJyvamtTwDem0AKrFgA59xDvuZ1lJ+0PdB1BbNh3eND","previousCounter":0,"rootKey":"CjhuPWMJQ2MLMJ9fn+3hb+qW1gXlMPATBPykOySSHCI="},"indexInfo":{"baseKey":"BbHlOQwKD5QCRMe82JPtAPfXmuWirpOiI2ZPiVqMzkp9","baseKeyType":1,"closed":1731933413265,"used":1731933413021,"created":1731933413021,"remoteIdentityKey":"BZdLxV2bf5o2iv5y5qm3TSLL4qa0xB69sA2XWIHyYQtO"},"_chains":{"BeXPHoO1TUxxNOc1DP4RWAnvo2doUDbTYrKhHEGPV8cG":{"chainKey":{"counter":-1,"key":"Bq60HYGds2YrIAzWGr5oLWDRFlSOjCyBV8wrYjel5JA="},"chainType":1,"messageKeys":{}}},"pendingPreKey":{"signedKeyId":1,"baseKey":"BbHlOQwKD5QCRMe82JPtAPfXmuWirpOiI2ZPiVqMzkp9"}},"BcY5570OvyJcTcb8V7rOZfv3wnhSZKSjvBriNJHP4hMS":{"registrationId":13358,"currentRatchet":{"ephemeralKeyPair":{"pubKey":"BbOx3cEfnuCqIDFDOQyg9F/ya53yxixv1fj3vMaSQ5N9","privKey":"2Mw/LFbmk4pI7JnXeUOnaPDdmrGsH7xTCUt8XzZ5yHE="},"lastRemoteEphemeralKey":"BQJyvamtTwDem0AKrFgA59xDvuZ1lJ+0PdB1BbNh3eND","previousCounter":0,"rootKey":"lsbXQNzwsU57IJc4E9HSb99CNpzLEfKCOpjX/Vy0ALk="},"indexInfo":{"baseKey":"BcY5570OvyJcTcb8V7rOZfv3wnhSZKSjvBriNJHP4hMS","baseKeyType":1,"closed":-1,"used":1731933413259,"created":1731933413259,"remoteIdentityKey":"BZdLxV2bf5o2iv5y5qm3TSLL4qa0xB69sA2XWIHyYQtO"},"_chains":{"BbOx3cEfnuCqIDFDOQyg9F/ya53yxixv1fj3vMaSQ5N9":{"chainKey":{"counter":6,"key":"9LLRjF9CmgYnGSVHN0UqL2dLiAzU7D2+nQTK/7EuLbg="},"chainType":1,"messageKeys":{}}},"pendingPreKey":{"signedKeyId":1,"baseKey":"BcY5570OvyJcTcb8V7rOZfv3wnhSZKSjvBriNJHP4hMS"}}},"version":"v1"}