{"_sessions":{"BRfBBtGj5wsupMFlvXcANPeV1YN6CyFRClrs5hedsWsH":{"registrationId":501924282,"currentRatchet":{"ephemeralKeyPair":{"pubKey":"BcfMq0vlp17vzDb3ieTyuW3T6RN62tGpzbsHaZSLPRUb","privKey":"uGPxZjEQmEu9WNutdY5J30vhmXWQnW/IZD4D5cU2qWM="},"lastRemoteEphemeralKey":"BVCx3SuMVzkiXVTJdflzK3eZSK8RviG+TnzzsVzWAIg2","previousCounter":0,"rootKey":"DNIsLJLrqVS5r9TN8K6JGcVU2jBMwCKFvaiDaUkW2gQ="},"indexInfo":{"baseKey":"BRfBBtGj5wsupMFlvXcANPeV1YN6CyFRClrs5hedsWsH","baseKeyType":1,"closed":1731669274798,"used":1731669257856,"created":1731669257856,"remoteIdentityKey":"BaqAzhwdIZG8vLNnN1ZOqvAw7ukl0mgMn/9OWqITyL5o"},"_chains":{"BcfMq0vlp17vzDb3ieTyuW3T6RN62tGpzbsHaZSLPRUb":{"chainKey":{"counter":0,"key":"ghsoE5pvvEqlIXmesmFW56zCUr3ee5UMXmLxTZW4XOw="},"chainType":1,"messageKeys":{}}},"pendingPreKey":{"signedKeyId":1,"baseKey":"BRfBBtGj5wsupMFlvXcANPeV1YN6CyFRClrs5hedsWsH","preKeyId":1927}},"Bc7Hpi+6UtLNi9b7DKBleFq2N1Eh0fqUHSo1wb+ux14D":{"registrationId":501924282,"currentRatchet":{"ephemeralKeyPair":{"pubKey":"BUZzfwESxLx3JYyKym1g5+bVo7MxeZJu/jwH/R3Fiws9","privKey":"SAJlhyNUWYAhceb/GNdqjzBqUjJDlOQRYlUGO3mEP28="},"lastRemoteEphemeralKey":"BVCx3SuMVzkiXVTJdflzK3eZSK8RviG+TnzzsVzWAIg2","previousCounter":0,"rootKey":"2ADNeaky8WTY1FN2YBkI71P9R2shgFRsuZ9hIGScHN0="},"indexInfo":{"baseKey":"Bc7Hpi+6UtLNi9b7DKBleFq2N1Eh0fqUHSo1wb+ux14D","baseKeyType":1,"closed":-1,"used":1731669271756,"created":1731669271756,"remoteIdentityKey":"BaqAzhwdIZG8vLNnN1ZOqvAw7ukl0mgMn/9OWqITyL5o"},"_chains":{"BUZzfwESxLx3JYyKym1g5+bVo7MxeZJu/jwH/R3Fiws9":{"chainKey":{"counter":73,"key":"Fthp+XW8JdWmp8yn8ITo9FsG76XdJFgAY49eD9Juf0s="},"chainType":1,"messageKeys":{}}},"pendingPreKey":{"signedKeyId":1,"baseKey":"Bc7Hpi+6UtLNi9b7DKBleFq2N1Eh0fqUHSo1wb+ux14D","preKeyId":2009}}},"version":"v1"}