{"_sessions":{"BfHvdjI+P6TgGQtoKsZEoRhDYF4jUiOqbfyRjkxIirNh":{"registrationId":681234370,"currentRatchet":{"ephemeralKeyPair":{"pubKey":"BUWTcgf1yvEoleGhW/LEy2+aVL58YA2FfzGlsd1o6s4r","privKey":"4Cn66/HHm/IXNM50HR7eXAfVWClNcpakNkNRUzJV0FY="},"lastRemoteEphemeralKey":"BejHCLUweYuAdmfYFeEK3NAal4RszG4v6XHuhJc+Rh0h","previousCounter":8,"rootKey":"WHOIqSHggU+nufjV6aYGBYvldz6s2VuC9Z8AYLyn0W8="},"indexInfo":{"baseKey":"BfHvdjI+P6TgGQtoKsZEoRhDYF4jUiOqbfyRjkxIirNh","baseKeyType":1,"closed":-1,"used":1731866368091,"created":1731669227329,"remoteIdentityKey":"BRIpEIA9XkTqz8Tma3kxfh62Zwudiv7NUfA51DSk+Kwv"},"_chains":{"BejHCLUweYuAdmfYFeEK3NAal4RszG4v6XHuhJc+Rh0h":{"chainKey":{"counter":1,"key":"cbqOnihyx4FnL45F/HDLJLjrPZQctVToIbsn3w2qzMg="},"chainType":2,"messageKeys":{}},"BUWTcgf1yvEoleGhW/LEy2+aVL58YA2FfzGlsd1o6s4r":{"chainKey":{"counter":0,"key":"ZMMF2c3z7Xjwx4BuWpvYtYOfxZqLJQDGAv6Og8QTId8="},"chainType":1,"messageKeys":{}}}}},"version":"v1"}