{"_sessions":{"BYZOmtTZDp7iAqxSMni0UyGsajRwHJEkBTvcXId4sr8C":{"registrationId":1495204437,"currentRatchet":{"ephemeralKeyPair":{"pubKey":"Ba2jFGVibXNOtA4E7OzVMhDIaSkwNVKymChTRU36vkZG","privKey":"oDAVtgJpS4BMmbDfczjK0EYiBHQHHxKSPeVnMWMieHE="},"lastRemoteEphemeralKey":"BZJPhoRQcQOY8vix6Aec4sLpqEzHe21Y+EV+nUa/oPpg","previousCounter":0,"rootKey":"DtJSa21moRLokKjOzCXWSDKho8s4on6GkyxjGX8Eelg="},"indexInfo":{"baseKey":"BYZOmtTZDp7iAqxSMni0UyGsajRwHJEkBTvcXId4sr8C","baseKeyType":1,"closed":-1,"used":1731726364153,"created":1731726364153,"remoteIdentityKey":"BdbOROaQX/1gyMfgqMpsMaD7uaY7djdz/D4m5fwzdMdA"},"_chains":{"Ba2jFGVibXNOtA4E7OzVMhDIaSkwNVKymChTRU36vkZG":{"chainKey":{"counter":7,"key":"/FB/aC3lZPCublXz3HD1jwYQsRWRyiVQBR2Qi54g3gc="},"chainType":1,"messageKeys":{}}},"pendingPreKey":{"signedKeyId":16,"baseKey":"BYZOmtTZDp7iAqxSMni0UyGsajRwHJEkBTvcXId4sr8C","preKeyId":6908579}}},"version":"v1"}