{"_sessions":{"Baa5om9ESC8ElBHD9Zt8Hlzvq5RCHqXgGYINOUzihhBn":{"registrationId":1414964138,"currentRatchet":{"ephemeralKeyPair":{"pubKey":"BfRFzq72VWro+m3D3lNayg9pg/tep168ezNqnSpq+F00","privKey":"cNZdZh3JXvp24/07ZJPf8hbBM9F3pS5N6HYFhF/r6Wc="},"lastRemoteEphemeralKey":"BejYSTJT2+q20Dt6ulCznMh5UxtK94e17LVzwdgzUAkh","previousCounter":0,"rootKey":"k20SYWfrlYXQG+v6k045EJtStC5mOPwiyciqcLa7B5s="},"indexInfo":{"baseKey":"Baa5om9ESC8ElBHD9Zt8Hlzvq5RCHqXgGYINOUzihhBn","baseKeyType":1,"closed":1731770226578,"used":1731770223559,"created":1731770223559,"remoteIdentityKey":"BZDXbybsAkthRLbkQfpAIQa5ZlfqXX+sKrtlvXTGDQNB"},"_chains":{"BfRFzq72VWro+m3D3lNayg9pg/tep168ezNqnSpq+F00":{"chainKey":{"counter":0,"key":"Vr5ksoneLutkgqe3YvGWX1+0+qMS5Eer1aFU8R5pwx0="},"chainType":1,"messageKeys":{}}},"pendingPreKey":{"signedKeyId":0,"baseKey":"Baa5om9ESC8ElBHD9Zt8Hlzvq5RCHqXgGYINOUzihhBn","preKeyId":5489816}},"BYfLp6lkshMHIOW82x1hRIX/ap0OgCZpIQp5p82jYHJC":{"registrationId":1414964138,"currentRatchet":{"ephemeralKeyPair":{"pubKey":"BaY0mrp3GpFoMxEp80hrRvyxNUAFjx57jeacGfs+eWl6","privKey":"UFyZ0gGRFCC0oFSV5S4gY1Srx+2jy7Q2vuVi6UN9KV4="},"lastRemoteEphemeralKey":"BULKi6aF4MFziQRLyOsHbilBiTuZzWqGnMc9TeIp4X9U","previousCounter":0,"rootKey":"IFymrni3aVMdqf5lqpAoS0def1N8cT+bq0TQNJAGaNY="},"indexInfo":{"baseKey":"BYfLp6lkshMHIOW82x1hRIX/ap0OgCZpIQp5p82jYHJC","baseKeyType":1,"closed":-1,"used":1731975736016,"created":1731770226419,"remoteIdentityKey":"BZDXbybsAkthRLbkQfpAIQa5ZlfqXX+sKrtlvXTGDQNB"},"_chains":{"BULKi6aF4MFziQRLyOsHbilBiTuZzWqGnMc9TeIp4X9U":{"chainKey":{"counter":3,"key":"Y35tyf3X9fGHZqt7li5im+nh1tp6tqISfyrYk2YrsWQ="},"chainType":2,"messageKeys":{}},"BaY0mrp3GpFoMxEp80hrRvyxNUAFjx57jeacGfs+eWl6":{"chainKey":{"counter":-1,"key":"4kPO0TQrsJrVya5bowEcOVJFMxymxAt0w7DqWMgsteI="},"chainType":1,"messageKeys":{}}}}},"version":"v1"}