{"_sessions":{"BZX9zTFXShPBmxWc2buNC1fEr+AjKbbM99766AuDKrNg":{"registrationId":357430093,"currentRatchet":{"ephemeralKeyPair":{"pubKey":"BUNQXNrBEK1HvYVFMEAc0EmpUsxWMC0kDejSpfAGhStG","privKey":"+FLKfENgympPuq8L4FeJJsb8XBTUj1QqvlmOdWKvims="},"lastRemoteEphemeralKey":"BXgSQpx1iw8WXAevRYp49rxVjBzWVXwfYSwIvmVORhFt","previousCounter":0,"rootKey":"G3GKMcTKcklM4arpTUquwD/xzj5SccwONKvI4P8hDC8="},"indexInfo":{"baseKey":"BZX9zTFXShPBmxWc2buNC1fEr+AjKbbM99766AuDKrNg","baseKeyType":1,"closed":1731669274861,"used":1731669258728,"created":1731669258728,"remoteIdentityKey":"BbX4alGECXiTsbbnJsnOf4Rtj9x2ukzVnoDPv83NQS9D"},"_chains":{"BUNQXNrBEK1HvYVFMEAc0EmpUsxWMC0kDejSpfAGhStG":{"chainKey":{"counter":0,"key":"rVMBWiFT6yLi5Wsagco9BQe2r8KdOeQgbv895feQATc="},"chainType":1,"messageKeys":{}}},"pendingPreKey":{"signedKeyId":0,"baseKey":"BZX9zTFXShPBmxWc2buNC1fEr+AjKbbM99766AuDKrNg","preKeyId":9404830}},"BXS3dJEIdJOPcWTzxhFVt6mzYA6DpSBxvk6V9IEW2J9J":{"registrationId":357430093,"currentRatchet":{"ephemeralKeyPair":{"pubKey":"BR7fdXShIMwYMuW4fdJsa1aFg23mJkpkvxlxzRf567kn","privKey":"ULR6gsPSiHqR4K0ot3yy/UMwKrFomocBbi5ZpNieBGU="},"lastRemoteEphemeralKey":"BXgSQpx1iw8WXAevRYp49rxVjBzWVXwfYSwIvmVORhFt","previousCounter":0,"rootKey":"EiKlgFFDEXTG5FU3uZjsBJm5qzKddO+TiyGNN1lzpt8="},"indexInfo":{"baseKey":"BXS3dJEIdJOPcWTzxhFVt6mzYA6DpSBxvk6V9IEW2J9J","baseKeyType":1,"closed":-1,"used":1731669272632,"created":1731669272632,"remoteIdentityKey":"BbX4alGECXiTsbbnJsnOf4Rtj9x2ukzVnoDPv83NQS9D"},"_chains":{"BR7fdXShIMwYMuW4fdJsa1aFg23mJkpkvxlxzRf567kn":{"chainKey":{"counter":64,"key":"BK1ftqPIF5YvX1tPO3GOr2c7WZI9yRmBLKTQIRl7Sfc="},"chainType":1,"messageKeys":{}}},"pendingPreKey":{"signedKeyId":0,"baseKey":"BXS3dJEIdJOPcWTzxhFVt6mzYA6DpSBxvk6V9IEW2J9J","preKeyId":9404623}}},"version":"v1"}