{"_sessions":{"Ba0OIVRaO3JKZ8HzsR39+P1svE4RxluHgqHXxOOeQ0Qv":{"registrationId":1726120019,"currentRatchet":{"ephemeralKeyPair":{"pubKey":"BbJjqv1Be+juPmwzJZqRoeBwP7ro9IuIJt+et6QbFIwR","privKey":"UGW9IKZVUWK3hEbLQMsX8V1pbM/6kyV1aSt9tM0l/14="},"lastRemoteEphemeralKey":"BepsEsB/MQc+xCaFB0WelXakLcnGf5zZpv1TOCAYGMg4","previousCounter":0,"rootKey":"+IqWUYZIJJ79DAc6CbKwO/bMOMDezdQizwUOsyGmEHU="},"indexInfo":{"baseKey":"Ba0OIVRaO3JKZ8HzsR39+P1svE4RxluHgqHXxOOeQ0Qv","baseKeyType":2,"closed":-1,"used":1731774029530,"created":1731774029530,"remoteIdentityKey":"BdPXmDDPcqLFPVzOfSPyuK82425Yvhc8GWm1VaFuxe9P"},"_chains":{"BepsEsB/MQc+xCaFB0WelXakLcnGf5zZpv1TOCAYGMg4":{"chainKey":{"counter":0,"key":"NQ8yTcn2eO06fSn07esx48yVoNMqMIIc+SEDBU49Jgs="},"chainType":2,"messageKeys":{}},"BbJjqv1Be+juPmwzJZqRoeBwP7ro9IuIJt+et6QbFIwR":{"chainKey":{"counter":-1,"key":"5F8+AWA7AB8L4iOcxkWhO/T28lx+gv7x/yygLCkWJa8="},"chainType":1,"messageKeys":{}}}}},"version":"v1"}