{"_sessions":{"BR5kyfhRiv5GZBj7oiYl3Y++7xlEHzdkymcpuJuyduos":{"registrationId":1310166688,"currentRatchet":{"ephemeralKeyPair":{"pubKey":"BYmo1kymZdnDLHI+/Eg+9az1ML3wB7Hs/DdJJPlllgAh","privKey":"qKP1rxMX9mZUeNjM2KQMwjMIlA2UvO6W2fArskVV82A="},"lastRemoteEphemeralKey":"BbsPABMB1ECPdmrHZvvvlvABnHoSnBVHp7msZ8XZr31x","previousCounter":0,"rootKey":"/VwZ7i/392GvZYjoaS1W5MYxJq8siAtAyLYyR8C+9Bo="},"indexInfo":{"baseKey":"BR5kyfhRiv5GZBj7oiYl3Y++7xlEHzdkymcpuJuyduos","baseKeyType":1,"closed":1732002013141,"used":1731966222967,"created":1731669227139,"remoteIdentityKey":"BSCO5+l8dUWL4+mikDcZvUdnSEpgDGYrzaChSNPM+e9H"},"_chains":{"BWu1B1ilKtjZ6Vl7SbjrWd9lg8FrgnALJKzpBwjmP3Qr":{"chainKey":{"counter":8},"chainType":2,"messageKeys":{}},"BS7+EZW/ahI6pDncJVEPDFSGIizJoKwKTX6rh3ip4SxH":{"chainKey":{"counter":2},"chainType":2,"messageKeys":{}},"Bekpub171lIeqAM6iaBqH1ASNUTprcUyhSo+9bDdkH88":{"chainKey":{"counter":0},"chainType":2,"messageKeys":{}},"BaRAAitIVNNQLZuzY3K96m7lkM7uAJGXDB9dDw2WPXpc":{"chainKey":{"counter":7},"chainType":2,"messageKeys":{}},"BbsPABMB1ECPdmrHZvvvlvABnHoSnBVHp7msZ8XZr31x":{"chainKey":{"counter":1,"key":"U0ZTlYM0FI4OIdZldaMWQ3Vt5WovT4z+SmNnZJ2U6aY="},"chainType":2,"messageKeys":{}},"BYmo1kymZdnDLHI+/Eg+9az1ML3wB7Hs/DdJJPlllgAh":{"chainKey":{"counter":-1,"key":"OxlOamATDSLcjDBx7PPeesVw09ET/QB8+jaoRkM0C2k="},"chainType":1,"messageKeys":{}}}},"BdzTaX6MmDHcxfrqZdyqdHiSL+ifGdgY6fGVDxzlfMVP":{"registrationId":87258918,"currentRatchet":{"ephemeralKeyPair":{"pubKey":"Bc2hclBwHn/EPXNtBKrAe8mGpcJc5mSFFdJKASiCuiJV","privKey":"ODz0ixg1iqtf/BTel725cX+fX3S6JWAphj9gGabM23c="},"lastRemoteEphemeralKey":"BVuSlZ6YYBKFlsVqf4GwrQd0RZpAZR39rIGuSjFRJnFS","previousCounter":0,"rootKey":"fkeEmIA/BD4vr198maHAG7suMwy62G1wcu3M+qs+rt8="},"indexInfo":{"baseKey":"BdzTaX6MmDHcxfrqZdyqdHiSL+ifGdgY6fGVDxzlfMVP","baseKeyType":2,"closed":-1,"used":1732002013154,"created":1732002013154,"remoteIdentityKey":"BckLm2MUFDgi5zjkDXs5fh2ZuXAkscrgsdu0pC22VJUb"},"_chains":{"BVuSlZ6YYBKFlsVqf4GwrQd0RZpAZR39rIGuSjFRJnFS":{"chainKey":{"counter":0,"key":"Lu/9xZI7+veecRycASV8Y9Q2eDYW7RGiM2iZMLqbXEA="},"chainType":2,"messageKeys":{}},"Bc2hclBwHn/EPXNtBKrAe8mGpcJc5mSFFdJKASiCuiJV":{"chainKey":{"counter":-1,"key":"oX5ZtP/AqRzcUwsbj3Mr9bHAiihaudM2YrezgIEPpwE="},"chainType":1,"messageKeys":{}}}}},"version":"v1"}