{"_sessions":{"BbhOyGetr469iZNdnW/GnB6AUysFxtsmwlsXWsQeU/Rk":{"registrationId":2045471890,"currentRatchet":{"ephemeralKeyPair":{"pubKey":"BR5Mnc2VsliZABWn21xorYrsi9zc5+my6EfKJOJfbiw5","privKey":"oFEAUtO7sIUCANjY/Ik91qQ6Z/h5u/9wyJkKBFIQylw="},"lastRemoteEphemeralKey":"BZRxAsd+1RQdhtc0KEjdeHA1UtEHeu/l241GrHdLjB4+","previousCounter":0,"rootKey":"SX+N0VrpoxX/gfNviVTWFxnNylxFFnmWlh2JEiwgoNo="},"indexInfo":{"baseKey":"BbhOyGetr469iZNdnW/GnB6AUysFxtsmwlsXWsQeU/Rk","baseKeyType":1,"closed":-1,"used":1731777349638,"created":1731777349638,"remoteIdentityKey":"BfH8IuLFSCFJ6KuGwi6I6PeALCb5HbXLUNYICF4WnN1l"},"_chains":{"BR5Mnc2VsliZABWn21xorYrsi9zc5+my6EfKJOJfbiw5":{"chainKey":{"counter":1,"key":"clMvbV2vVRMLAFoiqtzW10xNDVCaFsGZsbkbNAd1Ubg="},"chainType":1,"messageKeys":{}}},"pendingPreKey":{"signedKeyId":6,"baseKey":"BbhOyGetr469iZNdnW/GnB6AUysFxtsmwlsXWsQeU/Rk","preKeyId":8595285}}},"version":"v1"}