{"_sessions":{"Ba0MdiHRCxEXszYy9IaKaSPwvwoIlAIbEoSCdWq8sNpQ":{"registrationId":2119158059,"currentRatchet":{"ephemeralKeyPair":{"pubKey":"BYxkaOwQkIfCVIAlu5UagrbcQj+vUDlA6yqteccaeF4C","privKey":"aDbLW83fe6sjDio7RIQGhxEA/hdnhGov+i+YUIihqEs="},"lastRemoteEphemeralKey":"BeYrrVOx7JczpcrGglk8rIjwlzL6yNDPkAWH2hYBa7Bx","previousCounter":0,"rootKey":"NjoKw6tcAERiQcSmGehRJ2s+/SuQ1i4YCOCWE9v/1fI="},"indexInfo":{"baseKey":"Ba0MdiHRCxEXszYy9IaKaSPwvwoIlAIbEoSCdWq8sNpQ","baseKeyType":1,"closed":1731669274964,"used":1731669259991,"created":1731669259991,"remoteIdentityKey":"BRmp1Nj+OOrkZGsdWfrn25M3Yog1EI/nmweixIRyROdO"},"_chains":{"BYxkaOwQkIfCVIAlu5UagrbcQj+vUDlA6yqteccaeF4C":{"chainKey":{"counter":0,"key":"hLTV94JKRcoYG1BwWZTqL6009CjpZW33PsWAoQlOu6U="},"chainType":1,"messageKeys":{}}},"pendingPreKey":{"signedKeyId":25,"baseKey":"Ba0MdiHRCxEXszYy9IaKaSPwvwoIlAIbEoSCdWq8sNpQ","preKeyId":9007207}},"BQ9DathkNzzdysNBCBoqHry0SRGkzrUwjSDn3q8nUxlt":{"registrationId":2119158059,"currentRatchet":{"ephemeralKeyPair":{"pubKey":"BRx+G2EpWzBRKhy0veWEnN8jIBb8TSCxFHWl4xJosAwa","privKey":"ODzvLL5vDSZMuqEjd2unQuLlB3B/gycOTUSLK78R73E="},"lastRemoteEphemeralKey":"BTCUxGQwspGlNuU/ZyQJMS4DixLR3IEqY+fpTmFaNwkx","previousCounter":14,"rootKey":"aBY1dpM9MOmgAXmZ2B6U52Nk3+3f7gaXNSZeQEh5cKI="},"indexInfo":{"baseKey":"BQ9DathkNzzdysNBCBoqHry0SRGkzrUwjSDn3q8nUxlt","baseKeyType":1,"closed":-1,"used":1731924067075,"created":1731669273862,"remoteIdentityKey":"BRmp1Nj+OOrkZGsdWfrn25M3Yog1EI/nmweixIRyROdO"},"_chains":{"BeXn1aI0N+2Mi0i6Dy+7sUEG4T/Vk0SSplhXRAm0CX0I":{"chainKey":{"counter":0},"chainType":2,"messageKeys":{}},"BVvLN0SHUKZCGVWHPy2sGRXeo1bI+ulVNmSDmUUkbmoj":{"chainKey":{"counter":0},"chainType":2,"messageKeys":{}},"BTCUxGQwspGlNuU/ZyQJMS4DixLR3IEqY+fpTmFaNwkx":{"chainKey":{"counter":0,"key":"RQotM97Wdppu+F0kecCb7u3RcoG093kaUpNKT7PelAE="},"chainType":2,"messageKeys":{}},"BRx+G2EpWzBRKhy0veWEnN8jIBb8TSCxFHWl4xJosAwa":{"chainKey":{"counter":8,"key":"DUHMkrNPHiINa9+isKFKfFSTdRuHuKQiFBx1auvsLVE="},"chainType":1,"messageKeys":{}}}}},"version":"v1"}