{"_sessions":{"Bbg9gX//ISd3N79hHFVLTApXFrQgAe+GjnmKlB/CUTxy":{"registrationId":2067107967,"currentRatchet":{"ephemeralKeyPair":{"pubKey":"BQsUjf1WdRaYa8CVjr4XWSRC0WjX9AmCyu88HlXAn7ED","privKey":"0A73gjzPXL6HtBy6f3XG7Kq6kLEhh/n06YjIN11qDkU="},"lastRemoteEphemeralKey":"BWaIeDJtMsMbgMKqT5uIznjKOa6BI13KHvm0NRPgC+1A","previousCounter":0,"rootKey":"ymfG4Xi+gxCP51qqt7q5DxDVi6V6/8952V0dcoZyNjY="},"indexInfo":{"baseKey":"Bbg9gX//ISd3N79hHFVLTApXFrQgAe+GjnmKlB/CUTxy","baseKeyType":1,"closed":1731770226554,"used":1731770223258,"created":1731770223258,"remoteIdentityKey":"BW4I11FOuOMK7br1VCOiYRCmUNlQ61EXVaxKh3bQaSUK"},"_chains":{"BQsUjf1WdRaYa8CVjr4XWSRC0WjX9AmCyu88HlXAn7ED":{"chainKey":{"counter":0,"key":"jc3/65oMVCwYBv55milMh6Oo+Lkt+TqpdhGZ170wDcE="},"chainType":1,"messageKeys":{}}},"pendingPreKey":{"signedKeyId":4,"baseKey":"Bbg9gX//ISd3N79hHFVLTApXFrQgAe+GjnmKlB/CUTxy","preKeyId":13050588}},"BY8ukXoRCucidJixNnDyT0v7Xcki/Vxd69VzuTKII2sj":{"registrationId":2067107967,"currentRatchet":{"ephemeralKeyPair":{"pubKey":"BbVMDXIfrPbt9DEGFIZd1J23QybvtkzMev7Gaq2uJ2kX","privKey":"wCQBWExwgdNJjNJUYAz/71t7pHg7O1YjVFEjjUNSomA="},"lastRemoteEphemeralKey":"BWaIeDJtMsMbgMKqT5uIznjKOa6BI13KHvm0NRPgC+1A","previousCounter":0,"rootKey":"KZtyTM1u5ShltDvcd8pe3CVJJ1mNPt3/69Xr286q0QE="},"indexInfo":{"baseKey":"BY8ukXoRCucidJixNnDyT0v7Xcki/Vxd69VzuTKII2sj","baseKeyType":1,"closed":-1,"used":1731770226112,"created":1731770226112,"remoteIdentityKey":"BW4I11FOuOMK7br1VCOiYRCmUNlQ61EXVaxKh3bQaSUK"},"_chains":{"BbVMDXIfrPbt9DEGFIZd1J23QybvtkzMev7Gaq2uJ2kX":{"chainKey":{"counter":0,"key":"r8+IZLPG/I91Px36DeoKDgLL57Sz0055NvbHfJmRprc="},"chainType":1,"messageKeys":{}}},"pendingPreKey":{"signedKeyId":4,"baseKey":"BY8ukXoRCucidJixNnDyT0v7Xcki/Vxd69VzuTKII2sj","preKeyId":13050182}}},"version":"v1"}