{"_sessions":{"BfGIv7Z/Dz1OYumMzHqfBe4pSxGEWHjctaKrozn36hgK":{"registrationId":202,"currentRatchet":{"ephemeralKeyPair":{"pubKey":"BZXSgPsSnSGAqCastKhze6iKEGR9UPZlgd0ECsd/i9wj","privKey":"IAoeRzVWTrGp+YE9kqGuYCIEze13pKiNY+5kY4oqhGI="},"lastRemoteEphemeralKey":"BVGh94DExElOwQ4ZZl7VWJD22OlEEiNNyJ0Vj183IN49","previousCounter":0,"rootKey":"FZW3UaSADBj4hEH3lPyVqrOYpe7VAb29XQCqFK3+PfY="},"indexInfo":{"baseKey":"BfGIv7Z/Dz1OYumMzHqfBe4pSxGEWHjctaKrozn36hgK","baseKeyType":1,"closed":1731669274797,"used":1731669257833,"created":1731669257833,"remoteIdentityKey":"BZrVFK5fXuILdiK5SH6YtcQ0lPMlGwf5wE6fcakPoD9Q"},"_chains":{"BZXSgPsSnSGAqCastKhze6iKEGR9UPZlgd0ECsd/i9wj":{"chainKey":{"counter":0,"key":"Qht7iatEAxmfHXlF1BMLcR2Jd/p4F1sWwYVyZv3KghE="},"chainType":1,"messageKeys":{}}},"pendingPreKey":{"signedKeyId":1,"baseKey":"BfGIv7Z/Dz1OYumMzHqfBe4pSxGEWHjctaKrozn36hgK"}},"BdE+pZEsbF2UdcYw8I1e7bfrBljxsLhlkbwLexlaDvNI":{"registrationId":202,"currentRatchet":{"ephemeralKeyPair":{"pubKey":"BTku3QFb2r8kAqTfdUSMoJiAq+CMviW2dWvptGvRy89e","privKey":"ADlU6Ea9JLT0K+dGCVqfPIJhNhHI1U5y8JzDBjAb5UM="},"lastRemoteEphemeralKey":"BVGh94DExElOwQ4ZZl7VWJD22OlEEiNNyJ0Vj183IN49","previousCounter":0,"rootKey":"3x3TPtX4MlQqmrp3pHgE7RqOV0EhawbukX+lW8c2LEc="},"indexInfo":{"baseKey":"BdE+pZEsbF2UdcYw8I1e7bfrBljxsLhlkbwLexlaDvNI","baseKeyType":1,"closed":-1,"used":1731669271723,"created":1731669271723,"remoteIdentityKey":"BZrVFK5fXuILdiK5SH6YtcQ0lPMlGwf5wE6fcakPoD9Q"},"_chains":{"BTku3QFb2r8kAqTfdUSMoJiAq+CMviW2dWvptGvRy89e":{"chainKey":{"counter":64,"key":"cbsDjJ0+xzt2yfuYLY8tSLTs2VIEmLMyiu5VapR4RuQ="},"chainType":1,"messageKeys":{}}},"pendingPreKey":{"signedKeyId":1,"baseKey":"BdE+pZEsbF2UdcYw8I1e7bfrBljxsLhlkbwLexlaDvNI"}}},"version":"v1"}