{"_sessions":{"BdrFB7xRY+x8Ogt/Uzbxs8RruiOQ5qcgqLOUJeVZt24q":{"registrationId":1033460613,"currentRatchet":{"ephemeralKeyPair":{"pubKey":"BaSQtCGfsQjFxExgneE0cnI7Ood2E1w9iMp1YAAGf9AB","privKey":"mBn0x2jVJ7mRGygTq323wGphM7LVFzDX0rIA6aL/rXM="},"lastRemoteEphemeralKey":"BbD8tAWw5vAngyhcBQFiYMZQZMVcHFjCYhMCbOyaGhh2","previousCounter":0,"rootKey":"VNmMAdYOBG6mrSLdWVSMYAnOrjwz3QoEwwg4cSMLIh0="},"indexInfo":{"baseKey":"BdrFB7xRY+x8Ogt/Uzbxs8RruiOQ5qcgqLOUJeVZt24q","baseKeyType":1,"closed":1731669274902,"used":1731669259561,"created":1731669259561,"remoteIdentityKey":"BUYDPfoz0pDDjAiKTLoyiL98kfVdH+ycAgoLLNL2XD42"},"_chains":{"BaSQtCGfsQjFxExgneE0cnI7Ood2E1w9iMp1YAAGf9AB":{"chainKey":{"counter":0,"key":"KK2ahVNwwZoC8VRB4+S98JWTVArYgxAGJLFAyCg7YdQ="},"chainType":1,"messageKeys":{}}},"pendingPreKey":{"signedKeyId":23,"baseKey":"BdrFB7xRY+x8Ogt/Uzbxs8RruiOQ5qcgqLOUJeVZt24q"}},"BQiOrecwFkMdLw9rI86GHlfYjA9YeatUxgw81GJ3Sh9S":{"registrationId":1033460613,"currentRatchet":{"ephemeralKeyPair":{"pubKey":"BdAzCRFc992kpb3yaCtUCk8+kshuA76/mjRxkV9F5SsE","privKey":"8KroShr4ZGPyLaYE2r5k/G89RsaLD8OVonCVkY20q10="},"lastRemoteEphemeralKey":"BbD8tAWw5vAngyhcBQFiYMZQZMVcHFjCYhMCbOyaGhh2","previousCounter":0,"rootKey":"Zep1QiB8YoE667kORitlzCwfhFALKqpbMsBHGXeW9Gg="},"indexInfo":{"baseKey":"BQiOrecwFkMdLw9rI86GHlfYjA9YeatUxgw81GJ3Sh9S","baseKeyType":1,"closed":-1,"used":1731669273448,"created":1731669273448,"remoteIdentityKey":"BUYDPfoz0pDDjAiKTLoyiL98kfVdH+ycAgoLLNL2XD42"},"_chains":{"BdAzCRFc992kpb3yaCtUCk8+kshuA76/mjRxkV9F5SsE":{"chainKey":{"counter":64,"key":"xTpz5olSWs802xpQRrfZ/w//+hIjhYByyIZ68dMJR00="},"chainType":1,"messageKeys":{}}},"pendingPreKey":{"signedKeyId":23,"baseKey":"BQiOrecwFkMdLw9rI86GHlfYjA9YeatUxgw81GJ3Sh9S"}}},"version":"v1"}