{"_sessions":{"BWrbYI6fzDbolS6liX+z9g/rKFTHXZ/cSloCIC1t8tdH":{"registrationId":1938780430,"currentRatchet":{"ephemeralKeyPair":{"pubKey":"BbtKAjK2O3x2FTFyduRAT5PYFqs7oBPTthwCgMGBmrBg","privKey":"sHG9YNgYs+OWS6Bp8iA0Vc+4X4kohvKWftawUxsDrXc="},"lastRemoteEphemeralKey":"BQCvCB1kNIzP7TIrVf7PVDX24cOHHi69R4o2f2QIkH1/","previousCounter":0,"rootKey":"YTJniZML8XTPw0A/V81Izd1UuBgTn0V9pRWRXY070/Q="},"indexInfo":{"baseKey":"BWrbYI6fzDbolS6liX+z9g/rKFTHXZ/cSloCIC1t8tdH","baseKeyType":1,"closed":-1,"used":1731726364294,"created":1731726364294,"remoteIdentityKey":"Bdt31u5v55iJE1iCcQjK+7gfKlTUKh1VK7VN4UAos7A6"},"_chains":{"BbtKAjK2O3x2FTFyduRAT5PYFqs7oBPTthwCgMGBmrBg":{"chainKey":{"counter":7,"key":"iswaxL9n8qUolADyq/ndj2kPhJFNRpnZ4tbZH3xBlAY="},"chainType":1,"messageKeys":{}}},"pendingPreKey":{"signedKeyId":4,"baseKey":"BWrbYI6fzDbolS6liX+z9g/rKFTHXZ/cSloCIC1t8tdH","preKeyId":6386905}}},"version":"v1"}