{"_sessions":{"BTQIcUPA9l6ExUp0vv6nLQjoEvrPqGf0TFdDSTPYKG5P":{"registrationId":556554489,"currentRatchet":{"ephemeralKeyPair":{"pubKey":"BbsF7+cuC2JciVrPSegZzD1rvaxKwK3qlGJlz+AtUvw+","privKey":"iJcA9oTZbPCHRa+154iYHKadYWoQPpoZmxgKXUwgul4="},"lastRemoteEphemeralKey":"BVThDTH3Dc22SuYT64oLuHvtYfme2neTUx79EJuu7ztM","previousCounter":0,"rootKey":"x57lBEDfIzjASYpa0bGKy2K5e6S1vPfX+dohO+JKynI="},"indexInfo":{"baseKey":"BTQIcUPA9l6ExUp0vv6nLQjoEvrPqGf0TFdDSTPYKG5P","baseKeyType":1,"closed":1731669274987,"used":1731669260559,"created":1731669260559,"remoteIdentityKey":"BYlDHUNSww6H8N0PFgFKfsrsj6Jop4+IqUP256gLUZV+"},"_chains":{"BbsF7+cuC2JciVrPSegZzD1rvaxKwK3qlGJlz+AtUvw+":{"chainKey":{"counter":0,"key":"xyXdBD5Hb7CTm9pSoKVArdOgiNSFvr6y0b2BJ56QE1g="},"chainType":1,"messageKeys":{}}},"pendingPreKey":{"signedKeyId":1,"baseKey":"BTQIcUPA9l6ExUp0vv6nLQjoEvrPqGf0TFdDSTPYKG5P","preKeyId":10783795}},"BfUyddZN2NNXVvnrsj+KKvVL96JPj7ffCsL0fvtCjlRN":{"registrationId":556554489,"currentRatchet":{"ephemeralKeyPair":{"pubKey":"Bem4Qwr2OCxc5JIK0mGxTXdOleW96XDlsLLgIGkGJnsY","privKey":"4PQMz2voDlCoEQKtMZOtNYRswcOqFzxIMq9+g9YR33A="},"lastRemoteEphemeralKey":"BVBPXXHtH6jvSUGQAbMZb4m+PPcBZZpEiDkmDDtupfUE","previousCounter":15,"rootKey":"NPIEoV/+XmQccGPAvMTokoYKJ3r/TKiviOX00u0wp5w="},"indexInfo":{"baseKey":"BfUyddZN2NNXVvnrsj+KKvVL96JPj7ffCsL0fvtCjlRN","baseKeyType":1,"closed":-1,"used":1731924096562,"created":1731669274370,"remoteIdentityKey":"BYlDHUNSww6H8N0PFgFKfsrsj6Jop4+IqUP256gLUZV+"},"_chains":{"BZZcHaboxm55rJEv40JazDR+xz81p4rRpeqySU1rlvwH":{"chainKey":{"counter":0},"chainType":2,"messageKeys":{}},"BaNvuE79H5sU76X2KC8JCiIaCG9v23LIGkAg9j/DuYgI":{"chainKey":{"counter":0},"chainType":2,"messageKeys":{}},"BVBPXXHtH6jvSUGQAbMZb4m+PPcBZZpEiDkmDDtupfUE":{"chainKey":{"counter":0,"key":"Q/tslf+ycOSkW+1mu3iFCPlZ6dEeO3i7JXifSSKGXR4="},"chainType":2,"messageKeys":{}},"Bem4Qwr2OCxc5JIK0mGxTXdOleW96XDlsLLgIGkGJnsY":{"chainKey":{"counter":7,"key":"1qDzsd/DOUAkOMnTZ6GKiW8z2JQ3axRuJM557jzkZSA="},"chainType":1,"messageKeys":{}}}}},"version":"v1"}