{"_sessions":{"BTJoHeeSYCl60wpUF7a3cZ5fltzmOxbFMKP5Yc7a1dN7":{"registrationId":34,"currentRatchet":{"ephemeralKeyPair":{"pubKey":"BdFHnIEsehxUE0Cw+D3FYf7acVyC/1hjqdpY+LQ4TIce","privKey":"sMvbsh1IyYGq0TKKHHl1WjHgEj4VZs5o4o51wYRePVg="},"lastRemoteEphemeralKey":"BQdXJW9PSGPRSf6ROV0XUYXo/EQr7S0r+NVoJLTcE2E1","previousCounter":0,"rootKey":"Q7wSKsuBf+iYeqfLsX2gi0couf+IzaBtZYXod+I1GGg="},"indexInfo":{"baseKey":"BTJoHeeSYCl60wpUF7a3cZ5fltzmOxbFMKP5Yc7a1dN7","baseKeyType":1,"closed":-1,"used":1731669227091,"created":1731669227091,"remoteIdentityKey":"BeFVZE08qXs1BuV8CoFQJ/2b1g1yMUAVeLZQu2nc1rkv"},"_chains":{"BdFHnIEsehxUE0Cw+D3FYf7acVyC/1hjqdpY+LQ4TIce":{"chainKey":{"counter":12,"key":"MwvQo+Z7RLJ1ejPIFkvXocXqH7UFmVkYr0RYUjbsruM="},"chainType":1,"messageKeys":{}}},"pendingPreKey":{"signedKeyId":1,"baseKey":"BTJoHeeSYCl60wpUF7a3cZ5fltzmOxbFMKP5Yc7a1dN7"}}},"version":"v1"}