{"_sessions":{"BRHJYCADE1+f0t3woVPBrXQscFc5UdOHEzCXl6/kzKIC":{"registrationId":964,"currentRatchet":{"ephemeralKeyPair":{"pubKey":"BeIQ1oNhDwE06hhHOv7L+dEhBbpKPr5OXBJozZQ4CNJq","privKey":"cMYmUV9Q0vDFDj0Kf8LqskS3tfwHsQ+QCyOPp0kxBGc="},"lastRemoteEphemeralKey":"BRHIybHSgrsfq3e/crDmzOAJjg/nnxDBcAk3l5EhLAYm","previousCounter":0,"rootKey":"eTFKr1CqkasDiEA9u5+aYH7C77os9cMqhgtU3PhF1iU="},"indexInfo":{"baseKey":"BRHJYCADE1+f0t3woVPBrXQscFc5UdOHEzCXl6/kzKIC","baseKeyType":1,"closed":1731770226541,"used":1731770222924,"created":1731770222924,"remoteIdentityKey":"BQ8bg020/eN0xUmowEBdFq4F76cWi/tRk1vNabNxodhu"},"_chains":{"BeIQ1oNhDwE06hhHOv7L+dEhBbpKPr5OXBJozZQ4CNJq":{"chainKey":{"counter":0,"key":"JmJOHxy+I0TXF9VhTn47TNSFIqUEm8cddug5KeUSsww="},"chainType":1,"messageKeys":{}}},"pendingPreKey":{"signedKeyId":1,"baseKey":"BRHJYCADE1+f0t3woVPBrXQscFc5UdOHEzCXl6/kzKIC"}},"BRj7ZQGh59AT4kilZvwiujCuklM0BcOew9ZyvCrTu696":{"registrationId":964,"currentRatchet":{"ephemeralKeyPair":{"pubKey":"BcYB6AqZcWRzuyexTzzfHSc+HhTMcYfJUdQzKH5+6AcV","privKey":"+M0Zpa8YLPavKuaAhsVU3d/vwlTvbwTuDnkjVKyO3FE="},"lastRemoteEphemeralKey":"BRHIybHSgrsfq3e/crDmzOAJjg/nnxDBcAk3l5EhLAYm","previousCounter":0,"rootKey":"YvOBP5KuuceNNmCbU805OvgZQqZTFdtyG145tlw415Y="},"indexInfo":{"baseKey":"BRj7ZQGh59AT4kilZvwiujCuklM0BcOew9ZyvCrTu696","baseKeyType":1,"closed":-1,"used":1731770225816,"created":1731770225816,"remoteIdentityKey":"BQ8bg020/eN0xUmowEBdFq4F76cWi/tRk1vNabNxodhu"},"_chains":{"BcYB6AqZcWRzuyexTzzfHSc+HhTMcYfJUdQzKH5+6AcV":{"chainKey":{"counter":0,"key":"L3pHj1SuZYhlGoKWrxGmnqZEAPDe9BOvbIk2G7nKqgU="},"chainType":1,"messageKeys":{}}},"pendingPreKey":{"signedKeyId":1,"baseKey":"BRj7ZQGh59AT4kilZvwiujCuklM0BcOew9ZyvCrTu696"}}},"version":"v1"}