{"_sessions":{"BSkSRe6TfhjYlsFw822xVdH6JnVQ34NVD/L8flioiDcp":{"registrationId":698527378,"currentRatchet":{"ephemeralKeyPair":{"pubKey":"BUEFRx1Ax5QMPlDqU1Y3y2MP5DlG/JK4azVADtA4PmM/","privKey":"iAFrG0/8VOA0Sp404ZluANzD6DjbDT0qfbFiVRllHHU="},"lastRemoteEphemeralKey":"BepvyMipow5ydI/hlIAS8xrlPr7pYsiE0mbzK8HcQeUL","previousCounter":0,"rootKey":"W4vmpn4elHiBaaaf1VnnXYsq6WvAF+/R2sur9FiuHoo="},"indexInfo":{"baseKey":"BSkSRe6TfhjYlsFw822xVdH6JnVQ34NVD/L8flioiDcp","baseKeyType":1,"closed":1731669274885,"used":1731669259227,"created":1731669259227,"remoteIdentityKey":"BcJDFKJv9yrcsBiCFA76ulQvpI5FZMoc/ENf80DxGv9l"},"_chains":{"BUEFRx1Ax5QMPlDqU1Y3y2MP5DlG/JK4azVADtA4PmM/":{"chainKey":{"counter":0,"key":"vXXsvIcxI669JKiEOloA3IIcfjmqNBWiN5XobLyQw0s="},"chainType":1,"messageKeys":{}}},"pendingPreKey":{"signedKeyId":1,"baseKey":"BSkSRe6TfhjYlsFw822xVdH6JnVQ34NVD/L8flioiDcp","preKeyId":1689293}},"BbNfcijmMz34CLFw5VynxScpEaCgxh87/7jZJMA2g0w8":{"registrationId":698527378,"currentRatchet":{"ephemeralKeyPair":{"pubKey":"BQ3f5BgqmJS8XSvbn1ClQNENe5F8nIDZ1Ak5f21MVLEZ","privKey":"EFTevNGUW3Ib1GOoVJ6LQW1HtLIbKQ6MK+ZrgXwEAVY="},"lastRemoteEphemeralKey":"BaHPmehHbPmymQ8+/XmaKxTfTwWz1NhPGVaPS9kMrkRF","previousCounter":2,"rootKey":"sMfdAeZp21AaKihLSm2gvOD5v7bhlJAN3WQoEJ9Mr2w="},"indexInfo":{"baseKey":"BbNfcijmMz34CLFw5VynxScpEaCgxh87/7jZJMA2g0w8","baseKeyType":1,"closed":-1,"used":1731924064636,"created":1731669273117,"remoteIdentityKey":"BcJDFKJv9yrcsBiCFA76ulQvpI5FZMoc/ENf80DxGv9l"},"_chains":{"Bb1i6HqDFRKbOtWMLnqwA1sMKcC/7YHHRM3N7doRwToH":{"chainKey":{"counter":0},"chainType":2,"messageKeys":{}},"BVPsEV+K/m2aL+wV0BUt6Em5YuhYaRx2hKzEiN2mpYdv":{"chainKey":{"counter":0},"chainType":2,"messageKeys":{}},"BXUCI5Xb+1qTboqU8o/2dLxkkKTU5yqhS5aGSV9h5zxA":{"chainKey":{"counter":0},"chainType":2,"messageKeys":{}},"Be+3USCCRraHQSuAifpQpbwrrIJ/EEx+1I42GfMRRJUq":{"chainKey":{"counter":0},"chainType":2,"messageKeys":{}},"BaHPmehHbPmymQ8+/XmaKxTfTwWz1NhPGVaPS9kMrkRF":{"chainKey":{"counter":0,"key":"7rZKfl8pCmyRaTIQNlMwoEtHyZksY0s+N5Sp2tYIxN0="},"chainType":2,"messageKeys":{}},"BQ3f5BgqmJS8XSvbn1ClQNENe5F8nIDZ1Ak5f21MVLEZ":{"chainKey":{"counter":17,"key":"1l0/3lqthRD51WVuOpYc/wF4Qmmrq5X9f5lTOdp3Y1Q="},"chainType":1,"messageKeys":{}}}}},"version":"v1"}