{"_sessions":{"BQ7+bja8yONihcbYlrxSWxK7FWRBJAl6/0nyKVmtFxsK":{"registrationId":1769224449,"currentRatchet":{"ephemeralKeyPair":{"pubKey":"BaWBKpb5yidf9LObYxUCeOUCvWUd9YRroaxjY4lAN6gP","privKey":"uPCig9wsBphHViepcerxwAVVXN9H3R2Zv0TLH5AAvWs="},"lastRemoteEphemeralKey":"BUrj134C3YLBIpUm1IkQd1e1/x2FPNjIJQhyZmaPUntG","previousCounter":0,"rootKey":"wLLuWbdi787ZCPEw/lMWM88cxln6sm4xoOoywpAyXQA="},"indexInfo":{"baseKey":"BQ7+bja8yONihcbYlrxSWxK7FWRBJAl6/0nyKVmtFxsK","baseKeyType":1,"closed":-1,"used":1731787255897,"created":1731787255897,"remoteIdentityKey":"BX2jGm2vqaFAmV8YlQY1CelZFIQtqC7wD6O/L4/QmnJw"},"_chains":{"BaWBKpb5yidf9LObYxUCeOUCvWUd9YRroaxjY4lAN6gP":{"chainKey":{"counter":0,"key":"dHuVvheFqqvDoLSSLx20uGYdtCfUgv4QlhZfdjAZn+E="},"chainType":1,"messageKeys":{}}},"pendingPreKey":{"signedKeyId":31,"baseKey":"BQ7+bja8yONihcbYlrxSWxK7FWRBJAl6/0nyKVmtFxsK","preKeyId":1325477}}},"version":"v1"}