{"_sessions":{"BcMJPQR2wmMS3m5yVfQr0+Gqd/g+n+/ucY0Y3WqPcj9P":{"registrationId":526012835,"currentRatchet":{"ephemeralKeyPair":{"pubKey":"Bb0hN7htA8MlsDZbL3Fpqb3fBnMREndZ2Kgbm9W1wYZ2","privKey":"MLwiPZUR6U/tvMGy/ffcNwqF4yCRTlxoqo8K6qowQnE="},"lastRemoteEphemeralKey":"BUFlm/ZQGC12OZ4RjQCsdJo7rpQsjuVRiknPg4n/2iBp","previousCounter":0,"rootKey":"km9MAqLoc52w7O3DH01vtZnnzQVihBqLZt7PbRP92mY="},"indexInfo":{"baseKey":"BcMJPQR2wmMS3m5yVfQr0+Gqd/g+n+/ucY0Y3WqPcj9P","baseKeyType":1,"closed":1731669274898,"used":1731669259468,"created":1731669259468,"remoteIdentityKey":"BepIKnhemZhaBSLVKq/PvvtCz1oz6yoxKfRZ01hyXW0X"},"_chains":{"Bb0hN7htA8MlsDZbL3Fpqb3fBnMREndZ2Kgbm9W1wYZ2":{"chainKey":{"counter":0,"key":"ECN+z5W1+WxDhL/jZHqm4DK9GU3DAe51cvM9ajl7rPw="},"chainType":1,"messageKeys":{}}},"pendingPreKey":{"signedKeyId":0,"baseKey":"BcMJPQR2wmMS3m5yVfQr0+Gqd/g+n+/ucY0Y3WqPcj9P","preKeyId":6935433}},"BYmcR0xW/IlNYZQsS3oPwrkqxirA0+FACol5z7Mpu0gK":{"registrationId":526012835,"currentRatchet":{"ephemeralKeyPair":{"pubKey":"BQzxjd/LrtE7oFfDKPkRhxnYx1FYNaA7s73Xz/o0w+ZV","privKey":"qINuj4idEo5dVNJREreTj6EM0TdmeChyVZd2mIdmSUE="},"lastRemoteEphemeralKey":"BWq+XMdWIuPCmE9a1pV+gbcx0fgzkK8xTWTzicBLqkA5","previousCounter":14,"rootKey":"06XjevyhKLpPJikIEVC/FBblNl0gAHXhj0nQT7XH9bQ="},"indexInfo":{"baseKey":"BYmcR0xW/IlNYZQsS3oPwrkqxirA0+FACol5z7Mpu0gK","baseKeyType":1,"closed":-1,"used":1731979119403,"created":1731669273354,"remoteIdentityKey":"BepIKnhemZhaBSLVKq/PvvtCz1oz6yoxKfRZ01hyXW0X"},"_chains":{"BTzYnIZXMlM/t3j/6mKUqvD+aBzUqjgLLr0CIDsa3kZu":{"chainKey":{"counter":0},"chainType":2,"messageKeys":{}},"BbHeRaEKokUSdxXB5TYD1GGnjF9ZcyL7bnJCfYQsCjwJ":{"chainKey":{"counter":0},"chainType":2,"messageKeys":{}},"BWq+XMdWIuPCmE9a1pV+gbcx0fgzkK8xTWTzicBLqkA5":{"chainKey":{"counter":0,"key":"jna+DSalVQMvOU4S0jejoHoBuJ7cxZXv0lZoke1IwMo="},"chainType":2,"messageKeys":{}},"BQzxjd/LrtE7oFfDKPkRhxnYx1FYNaA7s73Xz/o0w+ZV":{"chainKey":{"counter":2,"key":"kxlT4o8fP+XIitF8LdAWnyYyCyU5Db4YKpoiGakA9F8="},"chainType":1,"messageKeys":{}}}}},"version":"v1"}