{"_sessions":{"BaCVJ6Fzjj/PT5e0H2uZNt2CFrENLNz10GThJfIlhZkS":{"registrationId":182535315,"currentRatchet":{"ephemeralKeyPair":{"pubKey":"BZlzf6i3PtQdMSpGMpPIXXUfg1B38klpNfAiqEXZifFX","privKey":"aGrC+PUpkAGGDbAMy1dP4i5Z4J3QDNNdLLyIbv2vAXY="},"lastRemoteEphemeralKey":"Bf9bwS2pLA9a9cxRjwm2xauz+UUbhVyKASDh4ULcO4BU","previousCounter":0,"rootKey":"hInB3qoDXvxMpqiQWrKDON4iBL0QWnQ5EIagOLorPkw="},"indexInfo":{"baseKey":"BaCVJ6Fzjj/PT5e0H2uZNt2CFrENLNz10GThJfIlhZkS","baseKeyType":1,"closed":-1,"used":1731761519319,"created":1731761519319,"remoteIdentityKey":"BcqETxwXDw9EdaS51FaRybSwgLJOiKRCDnGr924vln83"},"_chains":{"BZlzf6i3PtQdMSpGMpPIXXUfg1B38klpNfAiqEXZifFX":{"chainKey":{"counter":2,"key":"mNBNJQBS9qn4cJ7Zbc29OZCQDd1twOUdh81JfQeSXEQ="},"chainType":1,"messageKeys":{}}},"pendingPreKey":{"signedKeyId":5855526,"baseKey":"BaCVJ6Fzjj/PT5e0H2uZNt2CFrENLNz10GThJfIlhZkS","preKeyId":4114}}},"version":"v1"}