{"_sessions":{"BcmCk+4aJqRvsqInDLQdZ7L2dbyN/tnAtW6n4fUKtKdN":{"registrationId":1086684367,"currentRatchet":{"ephemeralKeyPair":{"pubKey":"Bc3x8DofTEO6b3aDDRmbcn7NQD758Rn/ZLQVF4byLnk7","privKey":"gAqVuAy83kjrkPkpMxtdLAhD1GeQIyjA/2CiVKD06UU="},"lastRemoteEphemeralKey":"BYZNjXalBoqqnlDm7/o9jn4oHZFaqPCvrIDefbMdo2A1","previousCounter":0,"rootKey":"tVe+Ey0kwJxH10DKWQDOtHGaHn7XwhExXh/VMJ26ncU="},"indexInfo":{"baseKey":"BcmCk+4aJqRvsqInDLQdZ7L2dbyN/tnAtW6n4fUKtKdN","baseKeyType":1,"closed":1731669274905,"used":1731669259622,"created":1731669259622,"remoteIdentityKey":"BYrFHoYPcApwc1WJsi5eimRuSC2fRb79mwEN357uenFP"},"_chains":{"Bc3x8DofTEO6b3aDDRmbcn7NQD758Rn/ZLQVF4byLnk7":{"chainKey":{"counter":0,"key":"FnxXOOxIyXB6gqWjh3M+tEOOyc6Un2lyXZ72XVQxACQ="},"chainType":1,"messageKeys":{}}},"pendingPreKey":{"signedKeyId":1,"baseKey":"BcmCk+4aJqRvsqInDLQdZ7L2dbyN/tnAtW6n4fUKtKdN"}},"BUtIOoMan6jK1tXr/2tjh3HegqebxLS2J35mpMQUWsRl":{"registrationId":1086684367,"currentRatchet":{"ephemeralKeyPair":{"pubKey":"BYoSfeH2VIh7B0OC1jds+ILTUb31/b8vwW2VTT70oEcE","privKey":"8NqyQYtI2SrjwVNVx3EM0wT7LX8dxZ5Djri+6rYvvGQ="},"lastRemoteEphemeralKey":"BYZNjXalBoqqnlDm7/o9jn4oHZFaqPCvrIDefbMdo2A1","previousCounter":0,"rootKey":"mMEr56EHfABJbl9VgRo00Wc1I9QD3AH3GVEW/UYL30A="},"indexInfo":{"baseKey":"BUtIOoMan6jK1tXr/2tjh3HegqebxLS2J35mpMQUWsRl","baseKeyType":1,"closed":-1,"used":1731669273507,"created":1731669273507,"remoteIdentityKey":"BYrFHoYPcApwc1WJsi5eimRuSC2fRb79mwEN357uenFP"},"_chains":{"BYoSfeH2VIh7B0OC1jds+ILTUb31/b8vwW2VTT70oEcE":{"chainKey":{"counter":64,"key":"xeHZ6NISpxGlyVoUs5uMDP04JRymI4snR+QLIVQhmoA="},"chainType":1,"messageKeys":{}}},"pendingPreKey":{"signedKeyId":1,"baseKey":"BUtIOoMan6jK1tXr/2tjh3HegqebxLS2J35mpMQUWsRl"}}},"version":"v1"}