{"_sessions":{"BfvHb39W6geW6Eo9XUza4zA6YVvs+kVBz3lmog4xu0Z8":{"registrationId":707791252,"currentRatchet":{"ephemeralKeyPair":{"pubKey":"BYVyiPFJbshR9OeJdOhek793YP+IwA48g9B14jD54kAc","privKey":"QBIPxba1Xw7geryQddqkQk1qZqNY1MWAVptiHiXYJVA="},"lastRemoteEphemeralKey":"Be/4XzmOvOh274z0+QwRjEKf9wl7SM4XVP/pzawznpR9","previousCounter":1,"rootKey":"nuE3fh8OeBmie9OPgoimCB8gHv1v4oW664zyNE+rqNA="},"indexInfo":{"baseKey":"BfvHb39W6geW6Eo9XUza4zA6YVvs+kVBz3lmog4xu0Z8","baseKeyType":1,"closed":-1,"used":1731889561458,"created":1731675283329,"remoteIdentityKey":"BQ0g+LKzik4hU9miuPIDJnopXQPX7JOJds5YcdSUOQtb"},"_chains":{"BWreQmcXBMlyNCDwvUC1vHBL38ijVemGCw8pkx9kCMZ0":{"chainKey":{"counter":2},"chainType":2,"messageKeys":{}},"Be/4XzmOvOh274z0+QwRjEKf9wl7SM4XVP/pzawznpR9":{"chainKey":{"counter":1,"key":"lHV5tv+8Nf1l+bxcA0QPS4kbf6m9cSwDCk/LMDpPpDE="},"chainType":2,"messageKeys":{}},"BYVyiPFJbshR9OeJdOhek793YP+IwA48g9B14jD54kAc":{"chainKey":{"counter":1,"key":"MbkvCP+MPnkUPotxbVGdVIgUH1bZ44u4VmmWRy3r9Rw="},"chainType":1,"messageKeys":{}}}}},"version":"v1"}