{"_sessions":{"BS+jjbVKS/3y1Ie/ovjsHKPNWV6kwn9Ucdy1cEbql8B3":{"registrationId":505912271,"currentRatchet":{"ephemeralKeyPair":{"pubKey":"BRmzbAlb5f0CNgERgUOezRjuKrLtHQ0yiVbZv0G8Oi1G","privKey":"QD822aqAZfTpKkVkkFVnWaqiGTBcS64TPfclVVB8NEU="},"lastRemoteEphemeralKey":"BdahuYQL/A+rqon1TB4g9JZp252Ozwo4mNkPsyGnkKFz","previousCounter":0,"rootKey":"wv+ocIxIE2nVsmf+eMFGrGNxbo8o9q0irwHmkRainXY="},"indexInfo":{"baseKey":"BS+jjbVKS/3y1Ie/ovjsHKPNWV6kwn9Ucdy1cEbql8B3","baseKeyType":1,"closed":1731669274871,"used":1731669258917,"created":1731669258917,"remoteIdentityKey":"BaM2ybPJMUm/6hf1UhZ7UGAQ7wPlIe56a1dHdAxk2Fwp"},"_chains":{"BRmzbAlb5f0CNgERgUOezRjuKrLtHQ0yiVbZv0G8Oi1G":{"chainKey":{"counter":0,"key":"yaDzTwkBEdwbSfc4sc1pmXWMm5CQQeSyKCGRe6hby1Y="},"chainType":1,"messageKeys":{}}},"pendingPreKey":{"signedKeyId":6,"baseKey":"BS+jjbVKS/3y1Ie/ovjsHKPNWV6kwn9Ucdy1cEbql8B3","preKeyId":13163305}},"BdeKVyBZpapu7w3ZovVG8mBVXo4sZ6MLK+VFhOsdEWgg":{"registrationId":505912271,"currentRatchet":{"ephemeralKeyPair":{"pubKey":"Bezyw6KuM6QP5Tz/mIS8b6UGh7ZrIZANtIOsg1JBVR1d","privKey":"qCzmc+4gDUmK3lcOm2C1r7NTCRPsamvRUE/s7PMIKmQ="},"lastRemoteEphemeralKey":"BSo4iGEtLEZ4JIif7OeA0Ac7ZkhuCZXjful/gLjLSu9z","previousCounter":14,"rootKey":"e9EMdSjJJo6mA1axtvHZhN90avEsOjxN/+WrY/G5msk="},"indexInfo":{"baseKey":"BdeKVyBZpapu7w3ZovVG8mBVXo4sZ6MLK+VFhOsdEWgg","baseKeyType":1,"closed":-1,"used":1731924068817,"created":1731669272802,"remoteIdentityKey":"BaM2ybPJMUm/6hf1UhZ7UGAQ7wPlIe56a1dHdAxk2Fwp"},"_chains":{"BfIfyR/r3j2pav8HbQoag40UvO0DyommzUb7haXeZTV3":{"chainKey":{"counter":0},"chainType":2,"messageKeys":{}},"Be2Uhv1Tr9fvGhcauA80Y2/xjIqUZ/VVlNe/W7WCdSVH":{"chainKey":{"counter":0},"chainType":2,"messageKeys":{}},"BSo4iGEtLEZ4JIif7OeA0Ac7ZkhuCZXjful/gLjLSu9z":{"chainKey":{"counter":0,"key":"t46yC91mTOzNJhc+tdhbdIYALblmiyXRXh2Rsu5oIVA="},"chainType":2,"messageKeys":{}},"Bezyw6KuM6QP5Tz/mIS8b6UGh7ZrIZANtIOsg1JBVR1d":{"chainKey":{"counter":17,"key":"ZcwnADEsA1tk+lKjToeKeAMoXJRMGGmz67E81zhmklg="},"chainType":1,"messageKeys":{}}}}},"version":"v1"}