{"_sessions":{"BdDJZ1oHJsYjHg4NkPM1kyZtR0qUj/N4HI0v9sdXqs0X":{"registrationId":12511,"currentRatchet":{"ephemeralKeyPair":{"pubKey":"Bcqb7H8wdwbGpsXbISpuvBPc+268yOUMtfqCaYuHUYJo","privKey":"6GkOv7WrLDvXkDnFqNuApFKC7JjA+OhhFodCE6jJO3A="},"lastRemoteEphemeralKey":"BWLze9xYY2viuB2mEFopaXtjSlbYo3qK9sxPCzfrfMlw","previousCounter":0,"rootKey":"FSgzjMiyJetpyO6I2i8JmPKq54aPyVaSprOg1Obqopc="},"indexInfo":{"baseKey":"BdDJZ1oHJsYjHg4NkPM1kyZtR0qUj/N4HI0v9sdXqs0X","baseKeyType":1,"closed":1731669274788,"used":1731669257706,"created":1731669257706,"remoteIdentityKey":"BS+5nAsqaVtHWTl6JUwf/t1aKyZOwKBz9kcJTJ75m6BW"},"_chains":{"Bcqb7H8wdwbGpsXbISpuvBPc+268yOUMtfqCaYuHUYJo":{"chainKey":{"counter":0,"key":"vEq1LWpWHi4O3wniZD/l5gRf+TNBlvloVZL/eiPkToQ="},"chainType":1,"messageKeys":{}}},"pendingPreKey":{"signedKeyId":1,"baseKey":"BdDJZ1oHJsYjHg4NkPM1kyZtR0qUj/N4HI0v9sdXqs0X"}},"BXNxXunqofqrveWpYzvXQrhypqOvACI0T92twCUsOE1h":{"registrationId":12511,"currentRatchet":{"ephemeralKeyPair":{"pubKey":"BagTH2YtdJctAEssLCB2Tbi3zwm8jDrV1r5jTfx5Z19f","privKey":"qOdAH3x+JZp/BC8kIavHHMUz1V/MrCtNy7r7s5FZEXc="},"lastRemoteEphemeralKey":"BWLze9xYY2viuB2mEFopaXtjSlbYo3qK9sxPCzfrfMlw","previousCounter":0,"rootKey":"XktX1biW3VpI1Gupqx96BdVLR4WMb3NczpzXxqSXCcg="},"indexInfo":{"baseKey":"BXNxXunqofqrveWpYzvXQrhypqOvACI0T92twCUsOE1h","baseKeyType":1,"closed":-1,"used":1731669271582,"created":1731669271582,"remoteIdentityKey":"BS+5nAsqaVtHWTl6JUwf/t1aKyZOwKBz9kcJTJ75m6BW"},"_chains":{"BagTH2YtdJctAEssLCB2Tbi3zwm8jDrV1r5jTfx5Z19f":{"chainKey":{"counter":64,"key":"RAJFK2vmaD8XFI9rqFzWFO5o9767uGDA6bWOK8ENnkE="},"chainType":1,"messageKeys":{}}},"pendingPreKey":{"signedKeyId":1,"baseKey":"BXNxXunqofqrveWpYzvXQrhypqOvACI0T92twCUsOE1h"}}},"version":"v1"}