{"_sessions":{"BZ13Ompi1xPIAlUeVXyFswte8KKg+0hVkeACipFZCBMQ":{"registrationId":1547765559,"currentRatchet":{"ephemeralKeyPair":{"pubKey":"BfcEB3CDxZhB4cC2Yiy2u593nyavAtNAsXLEumwatsoR","privKey":"GD6Lnv0bCB1KzO9qhccOSP6gm5L4jbodCF+2vuu3mm8="},"lastRemoteEphemeralKey":"BaRLVZb2iVEqnqb6kWzELeOphSCwaeC7XjJIU3sqKDVs","previousCounter":0,"rootKey":"R31ni7jf/n9JrPdEvxwaO7V+aFv0GGb2hYS8yMEZVyQ="},"indexInfo":{"baseKey":"BZ13Ompi1xPIAlUeVXyFswte8KKg+0hVkeACipFZCBMQ","baseKeyType":1,"closed":1731669274985,"used":1731669260511,"created":1731669260511,"remoteIdentityKey":"BcKCffzMasOQareGJQJalSqdSV7yqnzk28ykP4Qhs9Fb"},"_chains":{"BfcEB3CDxZhB4cC2Yiy2u593nyavAtNAsXLEumwatsoR":{"chainKey":{"counter":0,"key":"mtR4Tz4jpnJvWh7jzVw/94QhzDQm2A+2qDXfrzcfPvg="},"chainType":1,"messageKeys":{}}},"pendingPreKey":{"signedKeyId":5,"baseKey":"BZ13Ompi1xPIAlUeVXyFswte8KKg+0hVkeACipFZCBMQ","preKeyId":4724218}},"BcD/vzzAIsiO7m+sRojxBvSStZgPvnTXwlZ+w7F5s7wt":{"registrationId":1547765559,"currentRatchet":{"ephemeralKeyPair":{"pubKey":"BZuNTsJIHfD3rFOvuCmBfnX3NAkkkFKrpG84UnM0Nwdc","privKey":"8FrF8PA7DcZBWS6a5tzV1DWZqiReTFGGiXYMdPpT0HU="},"lastRemoteEphemeralKey":"BaRLVZb2iVEqnqb6kWzELeOphSCwaeC7XjJIU3sqKDVs","previousCounter":0,"rootKey":"1XGzaAGYSPsBYssThpx5028deTvY8xhJ/u7Goyxm9QY="},"indexInfo":{"baseKey":"BcD/vzzAIsiO7m+sRojxBvSStZgPvnTXwlZ+w7F5s7wt","baseKeyType":1,"closed":-1,"used":1731669274324,"created":1731669274324,"remoteIdentityKey":"BcKCffzMasOQareGJQJalSqdSV7yqnzk28ykP4Qhs9Fb"},"_chains":{"BZuNTsJIHfD3rFOvuCmBfnX3NAkkkFKrpG84UnM0Nwdc":{"chainKey":{"counter":64,"key":"XIloBkBM7eOFiIJCskemDz/7xdwcHw3xC/2NtiharUQ="},"chainType":1,"messageKeys":{}}},"pendingPreKey":{"signedKeyId":5,"baseKey":"BcD/vzzAIsiO7m+sRojxBvSStZgPvnTXwlZ+w7F5s7wt","preKeyId":4723894}}},"version":"v1"}