{"_sessions":{"BVVT/RfTA88m6YfEzJdABKO5P9W92ttYYGn/sq+Msmhr":{"registrationId":1443583745,"currentRatchet":{"ephemeralKeyPair":{"pubKey":"BTtVEiDFqc1DuClQaimEk2O7ggIy2pc/cokM59aXYtgL","privKey":"sPxtGk0p1QmCVfN0Nck5oXxmKJ7IB/2K6/EGUQIq91k="},"lastRemoteEphemeralKey":"BW55VWZcpqu7YQBZ9ANZzs448dU0wpGp3xlerXaooosb","previousCounter":0,"rootKey":"AzUlr6AUl0iT7pOPHmABr68VY/SG1YzjbvDcvcfFSDc="},"indexInfo":{"baseKey":"BVVT/RfTA88m6YfEzJdABKO5P9W92ttYYGn/sq+Msmhr","baseKeyType":2,"closed":-1,"used":1731959417460,"created":1731959417460,"remoteIdentityKey":"BdtfX+h2pW184QA+IIxiPMe+CTn8Zp3AOTu9KIZg74td"},"_chains":{"BW55VWZcpqu7YQBZ9ANZzs448dU0wpGp3xlerXaooosb":{"chainKey":{"counter":4,"key":"bqkWk6IuVe8aX7E+IY1AMpD7lJnfYPFVHPwQPm7sx3I="},"chainType":2,"messageKeys":{}},"BTtVEiDFqc1DuClQaimEk2O7ggIy2pc/cokM59aXYtgL":{"chainKey":{"counter":-1,"key":"2HtYO4WvR7KBlGD0GrgB9TSlJrWOhXYwnL2p3PJMxyo="},"chainType":1,"messageKeys":{}}}}},"version":"v1"}