{"_sessions":{"Bf/mH6AYpubOIcmzXqHeyNc+U0fgX+fMK2wd/8N/Crlr":{"registrationId":198420711,"currentRatchet":{"ephemeralKeyPair":{"pubKey":"BR/PNAPkcI98NmmBHAP8oE8YfZbQt1+X7AcdyLpKQpc7","privKey":"2C7UWLAFxJUYwUYvNfK8oZTtHiyy8N2rhaquGeYlXE8="},"lastRemoteEphemeralKey":"BWTUmLRpL/0XUYbwCJ5tLKbONZRrpmUakroogykxCIpS","previousCounter":0,"rootKey":"2F+Aww3Wr41tRhP1DL9yYwxdU8oBrRh6c7FGLQyyo70="},"indexInfo":{"baseKey":"Bf/mH6AYpubOIcmzXqHeyNc+U0fgX+fMK2wd/8N/Crlr","baseKeyType":1,"closed":-1,"used":1731956511473,"created":1731956511473,"remoteIdentityKey":"BUXBEKi2C/DFynfzbdVRpcXikAWsIO/syRHdFeeMeRF8"},"_chains":{"BR/PNAPkcI98NmmBHAP8oE8YfZbQt1+X7AcdyLpKQpc7":{"chainKey":{"counter":4,"key":"/q7X28fXZR8vEUUnXjIM2wPxULQxq/NBPJp7Aojli4I="},"chainType":1,"messageKeys":{}}},"pendingPreKey":{"signedKeyId":1,"baseKey":"Bf/mH6AYpubOIcmzXqHeyNc+U0fgX+fMK2wd/8N/Crlr","preKeyId":15274197}}},"version":"v1"}