{"_sessions":{"Bf0xNDZlG+RVYrtk2eXOvNCkQK+iC1VLaexhoRwgyc5U":{"registrationId":178209698,"currentRatchet":{"ephemeralKeyPair":{"pubKey":"BbEYUJwlPwIcHUl5MbtCvTIRJ2FBTI9KzkdHNr15qw5i","privKey":"sDq8h+my35FgG1cFlh7Vs93h5GdCnSbqgRvtwT244UU="},"lastRemoteEphemeralKey":"BcVs5TFvubf9fOYHUUPdbrOfcbU4OurUetpxFw7NUf49","previousCounter":0,"rootKey":"73rHmINO/j201qFhWBNwlzzPnj6gZqt9+IIjJoozAn4="},"indexInfo":{"baseKey":"Bf0xNDZlG+RVYrtk2eXOvNCkQK+iC1VLaexhoRwgyc5U","baseKeyType":1,"closed":1731669274888,"used":1731669259283,"created":1731669259283,"remoteIdentityKey":"BU9QF/JIk7gjsMX3G40w+gq+M6AKN2kjk+c4UkrWs7dm"},"_chains":{"BbEYUJwlPwIcHUl5MbtCvTIRJ2FBTI9KzkdHNr15qw5i":{"chainKey":{"counter":0,"key":"klcua2roOJNI6eYSsHYxzHSpUOswCD5g9QKS92gnb4E="},"chainType":1,"messageKeys":{}}},"pendingPreKey":{"signedKeyId":0,"baseKey":"Bf0xNDZlG+RVYrtk2eXOvNCkQK+iC1VLaexhoRwgyc5U"}},"BT8/qUGLwBv3bEb5s1ZrNqDDM4j2b4lXDAr9vpj9xPUP":{"registrationId":178209698,"currentRatchet":{"ephemeralKeyPair":{"pubKey":"BRLEn90/mBNsxfzBFcFK8295DK8SIGTWB22x+QNyBeBG","privKey":"uPRCE7AW5boROTqfDLEX+/z4/pOdlPLpC+IPzdRhAlE="},"lastRemoteEphemeralKey":"BcVs5TFvubf9fOYHUUPdbrOfcbU4OurUetpxFw7NUf49","previousCounter":0,"rootKey":"XRDs+s/BPX8HZ1CcxgncVh0Wjw2Fb3eb4M91K6+YjwE="},"indexInfo":{"baseKey":"BT8/qUGLwBv3bEb5s1ZrNqDDM4j2b4lXDAr9vpj9xPUP","baseKeyType":1,"closed":-1,"used":1731669273175,"created":1731669273175,"remoteIdentityKey":"BU9QF/JIk7gjsMX3G40w+gq+M6AKN2kjk+c4UkrWs7dm"},"_chains":{"BRLEn90/mBNsxfzBFcFK8295DK8SIGTWB22x+QNyBeBG":{"chainKey":{"counter":64,"key":"ObseITCd96HdU6WYom8qEbd3gU6gH5s/GYahJ0LQRxU="},"chainType":1,"messageKeys":{}}},"pendingPreKey":{"signedKeyId":0,"baseKey":"BT8/qUGLwBv3bEb5s1ZrNqDDM4j2b4lXDAr9vpj9xPUP"}}},"version":"v1"}