{"_sessions":{"BZxD61M4d/sA3HRNrW6yw9SkVXIh9SBRxvuXQeJ885xm":{"registrationId":44565802,"currentRatchet":{"ephemeralKeyPair":{"pubKey":"BRtgL6A3mv7i5qp0HxXpmw9vwFGW3MCiC6YiwUXMJtZo","privKey":"QEO3/lQAxYNkQPg6SJMetJTMvH+eR3xVdkzRSqzbek0="},"lastRemoteEphemeralKey":"BfBSKDqgjggH54RO9f9UkZgNiLkKb4qnb1rg3SycE188","previousCounter":0,"rootKey":"2zY7qqnkpT3PQ6nvgw7mH4GndSvhsIQQ9T+FBHkODLs="},"indexInfo":{"baseKey":"BZxD61M4d/sA3HRNrW6yw9SkVXIh9SBRxvuXQeJ885xm","baseKeyType":1,"closed":-1,"used":1731676607399,"created":1731676607399,"remoteIdentityKey":"BUHo7szHePg5ainFcPFwO2pvLZHjxul+YqZgU2H5rNIE"},"_chains":{"BRtgL6A3mv7i5qp0HxXpmw9vwFGW3MCiC6YiwUXMJtZo":{"chainKey":{"counter":0,"key":"ILMDyxygIabuWFb1Zvt+Mrpho5XQcCvVo6UMx6c+myY="},"chainType":1,"messageKeys":{}}},"pendingPreKey":{"signedKeyId":0,"baseKey":"BZxD61M4d/sA3HRNrW6yw9SkVXIh9SBRxvuXQeJ885xm","preKeyId":5851399}}},"version":"v1"}