{"_sessions":{"BSc+BHROiS7IP3bJavi34nlbV+IscN8Jta3uqTsPfZUl":{"registrationId":385,"currentRatchet":{"ephemeralKeyPair":{"pubKey":"BV6GRoF8LRw+kFL2A7AcBDUWHgGpkaiq8iYpU1F12BVq","privKey":"wIDsySFyAM55LMcLe1lldimGkwrD5lMs2lJpPXa1uWo="},"lastRemoteEphemeralKey":"BZGd6BBfp7bSeRaHdM+HLMN88z7DZ+qL25/CPAezzSpx","previousCounter":0,"rootKey":"jEFo9ItM4s6hS322ZgDuvfGJDkDbS60qFvSXn8DLqbI="},"indexInfo":{"baseKey":"BSc+BHROiS7IP3bJavi34nlbV+IscN8Jta3uqTsPfZUl","baseKeyType":1,"closed":-1,"used":1731683222750,"created":1731683222750,"remoteIdentityKey":"BcHBZ4LFuC+K2bbztOcHZAa8V0W3oPUgqWDW1cSrRUAB"},"_chains":{"BV6GRoF8LRw+kFL2A7AcBDUWHgGpkaiq8iYpU1F12BVq":{"chainKey":{"counter":0,"key":"USWVWkXIL5Dd73Avqw5dkpk1ht1OrNmvw6ogATztThk="},"chainType":1,"messageKeys":{}}},"pendingPreKey":{"signedKeyId":1,"baseKey":"BSc+BHROiS7IP3bJavi34nlbV+IscN8Jta3uqTsPfZUl"}}},"version":"v1"}