{"_sessions":{"BYKQXFUtdyg6o6kzYeSW+fmxOQTSVkeiS1oftFLqt1If":{"registrationId":530330898,"currentRatchet":{"ephemeralKeyPair":{"pubKey":"BZAZru3pZPUnkeXi1sN9LkgddsnC+oanYaxSacMuBz9g","privKey":"kJOH005eEqhkfhBNuFAf9u1bvlF5ehF//93m88v7FWo="},"lastRemoteEphemeralKey":"BXOnoA8C2EWmVfW3so/82VELZA33hypoJ50ZD9EL/+Qz","previousCounter":1,"rootKey":"czEbVUNpleorPU9CS3q9MXjqBFMmWmpN7y+GfU22KzE="},"indexInfo":{"baseKey":"BYKQXFUtdyg6o6kzYeSW+fmxOQTSVkeiS1oftFLqt1If","baseKeyType":1,"closed":-1,"used":1731873972741,"created":1731707443002,"remoteIdentityKey":"Bds1yUXTTnPzC+al8yV5bg4kYhQhKb/xvkbK0IL8qhQE"},"_chains":{"BXOnoA8C2EWmVfW3so/82VELZA33hypoJ50ZD9EL/+Qz":{"chainKey":{"counter":0,"key":"g4OqHhxQseYDf1j1orz/g7d0HlrTuhS60rdmhu0Rjvw="},"chainType":2,"messageKeys":{}},"BZAZru3pZPUnkeXi1sN9LkgddsnC+oanYaxSacMuBz9g":{"chainKey":{"counter":-1,"key":"J52NFjWCgr2ZjUtocZ1VYU1iEFyssbiy4XnF3eAMIoI="},"chainType":1,"messageKeys":{}}}}},"version":"v1"}