{"_sessions":{"BSXrTe/00NSYTxk2daeSWMDnwHflpHjzCywW4rCxbs1y":{"registrationId":235,"currentRatchet":{"ephemeralKeyPair":{"pubKey":"BZ4bIW9lVFzAwrEWzc/81KQZU8EMkfttKIpF9reiEJwF","privKey":"OLOQTX88w4S9GNAt5h01357c7hY+5X5WCjPa9XbnVVw="},"lastRemoteEphemeralKey":"BfSMZLLG1vun1y4YaghNT5UM3/k+9Z9DrjQgjnss/r1+","previousCounter":7,"rootKey":"i4bIiMXrsZN/5OtdHVnExV7/pveptYnV0sc6Y/0O9FY="},"indexInfo":{"baseKey":"BSXrTe/00NSYTxk2daeSWMDnwHflpHjzCywW4rCxbs1y","baseKeyType":1,"closed":-1,"used":1732003848273,"created":1731669226960,"remoteIdentityKey":"BbBmOk0oTIPQXZt6DxAwYPvWIwYVityZbvkIq4kI+pVs"},"_chains":{"BfSMZLLG1vun1y4YaghNT5UM3/k+9Z9DrjQgjnss/r1+":{"chainKey":{"counter":0,"key":"Hsu7i5Zgy6AQbKbmH7pX7ig+kDixNSXAM1kl5R4nnI0="},"chainType":2,"messageKeys":{}},"BZ4bIW9lVFzAwrEWzc/81KQZU8EMkfttKIpF9reiEJwF":{"chainKey":{"counter":-1,"key":"i6NCsrN13Bw1WW7tUsREfPrOmtfgjEgzyixpEOPMbY4="},"chainType":1,"messageKeys":{}}}}},"version":"v1"}