{"_sessions":{"BVxVLkAjUnxlzPcrGagJ8EF9Kzcp9O4LoTZySlEGZFpx":{"registrationId":701105475,"currentRatchet":{"ephemeralKeyPair":{"pubKey":"BeABOA0/h3dtqbpy1THB76+CiuTX8mxHZsCLWygPpXRb","privKey":"GHUmNEMus6jvhirCe4L5AgyX2bkaR0NmkTD/eE0G0mM="},"lastRemoteEphemeralKey":"BZX6xHvtp4N2lSExyHc0F9F9S9srB/0lj8iBXSbx/oUb","previousCounter":0,"rootKey":"IzI3MhCQrZqHRk6xJtwSyKOUQD9rqcVF7nm+Xf4VqxQ="},"indexInfo":{"baseKey":"BVxVLkAjUnxlzPcrGagJ8EF9Kzcp9O4LoTZySlEGZFpx","baseKeyType":1,"closed":1731770226582,"used":1731770223621,"created":1731770223621,"remoteIdentityKey":"BY7XX1sCebkee+tnD8MHp+NCOxYZY7YnIzxBRXZ04I42"},"_chains":{"BeABOA0/h3dtqbpy1THB76+CiuTX8mxHZsCLWygPpXRb":{"chainKey":{"counter":0,"key":"G823N7xOc70rFHx6me2IA5qe3Btm2wZFWUORpznMzoc="},"chainType":1,"messageKeys":{}}},"pendingPreKey":{"signedKeyId":5,"baseKey":"BVxVLkAjUnxlzPcrGagJ8EF9Kzcp9O4LoTZySlEGZFpx","preKeyId":9844187}},"BRldAi3re5cwMMUmwcyeFJ1H+oaWCmclQiImtWTmMJEG":{"registrationId":701105475,"currentRatchet":{"ephemeralKeyPair":{"pubKey":"BXbecoOxiFi0nXytAepTY8/bvn+Ly/g4RoOLn/nqAC01","privKey":"2CCApOZxOAqdKFpF+XglGjhlFxr1wXwcmRpAEsmf1U4="},"lastRemoteEphemeralKey":"BZX6xHvtp4N2lSExyHc0F9F9S9srB/0lj8iBXSbx/oUb","previousCounter":0,"rootKey":"9Z/BifDQ69LBd93eoKiJCrDXrF9Q10NeFyrBUfOxLvE="},"indexInfo":{"baseKey":"BRldAi3re5cwMMUmwcyeFJ1H+oaWCmclQiImtWTmMJEG","baseKeyType":1,"closed":-1,"used":1731770226496,"created":1731770226496,"remoteIdentityKey":"BY7XX1sCebkee+tnD8MHp+NCOxYZY7YnIzxBRXZ04I42"},"_chains":{"BXbecoOxiFi0nXytAepTY8/bvn+Ly/g4RoOLn/nqAC01":{"chainKey":{"counter":0,"key":"63n4yZgoAFVacAfpKj3FVq+u9z6cMQ+QmML+dfqaee8="},"chainType":1,"messageKeys":{}}},"pendingPreKey":{"signedKeyId":5,"baseKey":"BRldAi3re5cwMMUmwcyeFJ1H+oaWCmclQiImtWTmMJEG","preKeyId":9844185}}},"version":"v1"}