{"_sessions":{"BcxZQoth6Jep0VBsP+1XDcXZM2OwGbmAuQ/gUDRGvBQ6":{"registrationId":244,"currentRatchet":{"ephemeralKeyPair":{"pubKey":"BfryZwcQ0kok4/XmSEaEu47Fc34w42cmrfplMIkJtJc/","privKey":"GIXEml/vssBUPwQ3Fezu+P+rdQ2zJt23XMkjiG7g01s="},"lastRemoteEphemeralKey":"Bf4Mw6+Y8cQnNDbdDEO9cz8IQE8W+Y7BjmXXTPFYnH5A","previousCounter":0,"rootKey":"gT9IHgWEwqsBBU9S/97YV/VPyL6wthrTISzKRnKY114="},"indexInfo":{"baseKey":"BcxZQoth6Jep0VBsP+1XDcXZM2OwGbmAuQ/gUDRGvBQ6","baseKeyType":1,"closed":-1,"used":1731669227007,"created":1731669227007,"remoteIdentityKey":"BRtieDbtpTR+LLG4LIXmHJSKeRVt0jtst85IayBSaJkF"},"_chains":{"BfryZwcQ0kok4/XmSEaEu47Fc34w42cmrfplMIkJtJc/":{"chainKey":{"counter":10,"key":"EZoRrS1PGhUN6xJqd6ym4BdPvsQUSBfak842viRqlVk="},"chainType":1,"messageKeys":{}}},"pendingPreKey":{"signedKeyId":1,"baseKey":"BcxZQoth6Jep0VBsP+1XDcXZM2OwGbmAuQ/gUDRGvBQ6"}}},"version":"v1"}