{"_sessions":{"BfxgkZcugP8CHAwm5NbzsIEuKqZirIe7ShQznf3QyC9L":{"registrationId":1562766100,"currentRatchet":{"ephemeralKeyPair":{"pubKey":"BVyYAWRZ9sc51UnK/4JWCMX7K+rrYPYFNgAHKxh3+pEj","privKey":"WGclA0xzfboJ2KUsGuAy+zQIeiOfjigSayEjdbUa9kU="},"lastRemoteEphemeralKey":"BeIwTxEkm0ngC0j185UrO+gIvZFZCiM1KQxGIkXb2+oY","previousCounter":0,"rootKey":"ZNlO5xFANklJ6xfqVDCbAdGcWmKNaR3ZPMQxDXnpZCo="},"indexInfo":{"baseKey":"BfxgkZcugP8CHAwm5NbzsIEuKqZirIe7ShQznf3QyC9L","baseKeyType":1,"closed":-1,"used":1731726364124,"created":1731726364124,"remoteIdentityKey":"BfGCkdDMVTLATXQdQVBR1s4MluDiqwj5ksmEUwnItbVC"},"_chains":{"BVyYAWRZ9sc51UnK/4JWCMX7K+rrYPYFNgAHKxh3+pEj":{"chainKey":{"counter":7,"key":"W+6LKeXRWu42Z4nA7AdrwFtxVeM6E5vqf1Z9xQHvteQ="},"chainType":1,"messageKeys":{}}},"pendingPreKey":{"signedKeyId":0,"baseKey":"BfxgkZcugP8CHAwm5NbzsIEuKqZirIe7ShQznf3QyC9L","preKeyId":5040564}}},"version":"v1"}