{"_sessions":{"BVMhW6fuGXlluulF6LnqHgm2mCRqvOct6OF6tziMNMtB":{"registrationId":1377214524,"currentRatchet":{"ephemeralKeyPair":{"pubKey":"BfGIvLJvRBXgZ8MwHR/kLb3pZ0DLk4m8yWZ/m0GCAI1J","privKey":"YHsgLjhw5k9OL0eMDeD9Z47Gu+baTYXskk6iT5MgBnk="},"lastRemoteEphemeralKey":"BUZ25tyTBIwPEEyJT999AyJ73xPl474B2ZU02Ip+n/Fv","previousCounter":0,"rootKey":"waYJ/RfqpqV3/ouB68gqfVQHRqXkjcPqRZ5un0HVAnE="},"indexInfo":{"baseKey":"BVMhW6fuGXlluulF6LnqHgm2mCRqvOct6OF6tziMNMtB","baseKeyType":1,"closed":-1,"used":1731745714582,"created":1731745714582,"remoteIdentityKey":"BSY6gCmMGry3oOwMcmjth66dZGYVmx59LLrvlZp5HPQd"},"_chains":{"BfGIvLJvRBXgZ8MwHR/kLb3pZ0DLk4m8yWZ/m0GCAI1J":{"chainKey":{"counter":0,"key":"vqEQnnsN2uTXa0wYhkpARanj1gue2n80eKq7u0IOG5g="},"chainType":1,"messageKeys":{}}},"pendingPreKey":{"signedKeyId":3,"baseKey":"BVMhW6fuGXlluulF6LnqHgm2mCRqvOct6OF6tziMNMtB","preKeyId":10913133}}},"version":"v1"}