{"_sessions":{"BR6AZWo9rg8ksk+1oA0nLdVYWn/H3wEE68SwllACfDJh":{"registrationId":942918495,"currentRatchet":{"ephemeralKeyPair":{"pubKey":"BTmEKKpgvzDbPWtSr+DJRFDQJx/858kP5+PaijeDhL57","privKey":"SDKjkl0zIHldZ0xI7net3J9IJbbqs/eNIO3C/rm1BmE="},"lastRemoteEphemeralKey":"BQc507CvQHJB4TQERbyMUJYZAZpblJJKfr0H2D8OW2QL","previousCounter":0,"rootKey":"R/zwh00BVFxhb5rXArLf7Xd2jnfZkxaQrOf481uAlTQ="},"indexInfo":{"baseKey":"BR6AZWo9rg8ksk+1oA0nLdVYWn/H3wEE68SwllACfDJh","baseKeyType":1,"closed":-1,"used":1731675283091,"created":1731675283091,"remoteIdentityKey":"Bcu7dyLBwOQO93JCf8yVOYiAQpFYn6UDdTP435Kga85P"},"_chains":{"BTmEKKpgvzDbPWtSr+DJRFDQJx/858kP5+PaijeDhL57":{"chainKey":{"counter":3,"key":"ruEcbcVUVAxaMmXDm/1nGXKDLDtDgLbGrXf0fwIKh0I="},"chainType":1,"messageKeys":{}}},"pendingPreKey":{"signedKeyId":6,"baseKey":"BR6AZWo9rg8ksk+1oA0nLdVYWn/H3wEE68SwllACfDJh","preKeyId":12278215}}},"version":"v1"}