{"_sessions":{"BTbCgRZuLvsAfhQCUc+r5QwBGNjTPBGwPkIdz5ffWKRv":{"registrationId":11175,"currentRatchet":{"ephemeralKeyPair":{"pubKey":"BbNqpyo/JN0QrOdZQTzY7XIw47PJuEYNo9xKEuAbwo1C","privKey":"WJPsoxl8lggXWqzgbBNueHiJKyo1BjmXNWv9r0gj/Ew="},"lastRemoteEphemeralKey":"Bf2wj27ohi78LKdEK8CqyIoHlZJpbiz7aGeePgHOUSZ8","previousCounter":0,"rootKey":"P6++rWmA1rgEIaqlGhexcZjWk8fmnlds4tAUsyUuP7c="},"indexInfo":{"baseKey":"BTbCgRZuLvsAfhQCUc+r5QwBGNjTPBGwPkIdz5ffWKRv","baseKeyType":1,"closed":1731669274815,"used":1731669257954,"created":1731669257954,"remoteIdentityKey":"Bd94jGneO0KOrbtkcFihHVOCZFLz5AJEsMIwf5tH06AB"},"_chains":{"BbNqpyo/JN0QrOdZQTzY7XIw47PJuEYNo9xKEuAbwo1C":{"chainKey":{"counter":0,"key":"gKd69OEO0sfYVXOzNCjn5P5AHCisHR/sJD5rvDHFX6A="},"chainType":1,"messageKeys":{}}},"pendingPreKey":{"signedKeyId":1,"baseKey":"BTbCgRZuLvsAfhQCUc+r5QwBGNjTPBGwPkIdz5ffWKRv","preKeyId":725}},"Bbj0y9kid6wMzGJwz4KrHE3yyXDChtNPtduBL649rlBr":{"registrationId":11175,"currentRatchet":{"ephemeralKeyPair":{"pubKey":"BczQQFFbjucUDQ9c4sghcyRNYwU0BNIaKF+O4KfsA4tI","privKey":"oI8ZnseyKfQGzjx03qPp5lWF2VSjzmBT49LtM4hn6Hc="},"lastRemoteEphemeralKey":"Bf2wj27ohi78LKdEK8CqyIoHlZJpbiz7aGeePgHOUSZ8","previousCounter":0,"rootKey":"65gQ2Prsw34vbxZ3gAD/386eLqg3mhSgZCdjqMPFeFo="},"indexInfo":{"baseKey":"Bbj0y9kid6wMzGJwz4KrHE3yyXDChtNPtduBL649rlBr","baseKeyType":1,"closed":-1,"used":1731669271864,"created":1731669271864,"remoteIdentityKey":"Bd94jGneO0KOrbtkcFihHVOCZFLz5AJEsMIwf5tH06AB"},"_chains":{"BczQQFFbjucUDQ9c4sghcyRNYwU0BNIaKF+O4KfsA4tI":{"chainKey":{"counter":64,"key":"1rTieIA8RdteywIzzCw/jjQf2KVWdDCQTg3damrAUCQ="},"chainType":1,"messageKeys":{}}},"pendingPreKey":{"signedKeyId":1,"baseKey":"Bbj0y9kid6wMzGJwz4KrHE3yyXDChtNPtduBL649rlBr","preKeyId":772}}},"version":"v1"}