{"_sessions":{"Bcy0Jde83cTrnzreKm1OTjUBDfKdlcOb2Hp3KYLHc25r":{"registrationId":223303044,"currentRatchet":{"ephemeralKeyPair":{"pubKey":"BaF1b431vHRh2hbAqdz5tR6dx9PydxFWLv7jTX3wJo9R","privKey":"CE9IhAfgHbY/uCv02bKq6TsDwbJF06g+SloLK637wno="},"lastRemoteEphemeralKey":"BQflw759VcVtzewsSXe7/KKVEnEcX3hXwlkHqO6faqRj","previousCounter":0,"rootKey":"GJgsW0YOTYLMYvidc/DMcGJLp2efmwO5FnCPZVCv7wc="},"indexInfo":{"baseKey":"Bcy0Jde83cTrnzreKm1OTjUBDfKdlcOb2Hp3KYLHc25r","baseKeyType":1,"closed":1731669274874,"used":1731669258996,"created":1731669258996,"remoteIdentityKey":"BfeFCyyVh5PU7K+luA32uxLAwW6qi9zdefu/5GPl4DRK"},"_chains":{"BaF1b431vHRh2hbAqdz5tR6dx9PydxFWLv7jTX3wJo9R":{"chainKey":{"counter":0,"key":"O/zTgQnsW+1ajsbLvI/6wpgIT8ixZED+dLefDdQrlZM="},"chainType":1,"messageKeys":{}}},"pendingPreKey":{"signedKeyId":1,"baseKey":"Bcy0Jde83cTrnzreKm1OTjUBDfKdlcOb2Hp3KYLHc25r","preKeyId":12139672}},"BUM2btqkfT0R2gK+LOwY6305Uv7USJMwhX1g9ywJtIly":{"registrationId":223303044,"currentRatchet":{"ephemeralKeyPair":{"pubKey":"BQ/Luxf9v4Vwv/dpzR9bkqK/sfAFE1TqO9MLjIvS87Uj","privKey":"II1YvlcIcNqncbf4ASXC4Q2kfVN2rJ5T6/4Zf4LCiUg="},"lastRemoteEphemeralKey":"BReHgGCbT1H7GPs/ZQShbOIgsCJ6j4A84C2CsCY7KEgC","previousCounter":8,"rootKey":"NA5MSnsafsIA2Sn2ZNTpkNVkXEQl5Pm/jB0nv1tbw1k="},"indexInfo":{"baseKey":"BUM2btqkfT0R2gK+LOwY6305Uv7USJMwhX1g9ywJtIly","baseKeyType":1,"closed":-1,"used":1731947166035,"created":1731669272867,"remoteIdentityKey":"BfeFCyyVh5PU7K+luA32uxLAwW6qi9zdefu/5GPl4DRK"},"_chains":{"BW+ilAouQODW19ja3gY+VtiDHOIdUe3leEGYYRxdB5Md":{"chainKey":{"counter":1},"chainType":2,"messageKeys":{}},"BdFRXZJzi3YIwKFoJo1TS8IK3xcYgnjnyjOrjoQ/oqFa":{"chainKey":{"counter":0},"chainType":2,"messageKeys":{}},"Bd7MjbLyTZNFF6tjqGWom9thlK20LNBMB/lrOUGUnzEt":{"chainKey":{"counter":0},"chainType":2,"messageKeys":{}},"BX+MTi16VdrFAQOgsAu+zg2xQ7SXnySGujC3TebMFc0+":{"chainKey":{"counter":0},"chainType":2,"messageKeys":{}},"BQWXJ+SIBGptx4xi5MpX9zoio4bVCG8ANa2SNTdrCYwd":{"chainKey":{"counter":0},"chainType":2,"messageKeys":{}},"BReHgGCbT1H7GPs/ZQShbOIgsCJ6j4A84C2CsCY7KEgC":{"chainKey":{"counter":0,"key":"+jWWFrfavZ1ZHWzAvC3VNe7+vcznwxYx9WWteKpjnls="},"chainType":2,"messageKeys":{}},"BQ/Luxf9v4Vwv/dpzR9bkqK/sfAFE1TqO9MLjIvS87Uj":{"chainKey":{"counter":-1,"key":"KHkJHovP2euBGlCYSON+j3j4YV+Yg+cc2xm+VavePnA="},"chainType":1,"messageKeys":{}}}}},"version":"v1"}