{"_sessions":{"BVoPYmMNEf9Mr1T2vv5LGRd9k2R/8E4gj0BOsf03EEU7":{"registrationId":825256266,"currentRatchet":{"ephemeralKeyPair":{"pubKey":"Bdty2D8tFl5YWVY+R+r0lclta7SAqqg/Cl+9Z8UuNJoG","privKey":"gFp3jaTcup1H9vlXP9uBHOxYcjB6O2H8Y6ZBBYdMpEY="},"lastRemoteEphemeralKey":"BQ4MBvRfUFfRWd/vrUkLAW5rCUDnrtOcZNxTaSntfpRL","previousCounter":0,"rootKey":"Nrh4i4f7KvbYTJNR/mXKZuLvJblXDP7jP+06Tdqt6G8="},"indexInfo":{"baseKey":"BVoPYmMNEf9Mr1T2vv5LGRd9k2R/8E4gj0BOsf03EEU7","baseKeyType":1,"closed":-1,"used":1731696996052,"created":1731696996052,"remoteIdentityKey":"BeJHj1861zgEMifHjG+lMtt0x0cMugK+RcCsy3Df+xRS"},"_chains":{"Bdty2D8tFl5YWVY+R+r0lclta7SAqqg/Cl+9Z8UuNJoG":{"chainKey":{"counter":0,"key":"RJQphO2b/QNFrxZnzSABncCyYgiC+fjERceNy9+xiMc="},"chainType":1,"messageKeys":{}}},"pendingPreKey":{"signedKeyId":8,"baseKey":"BVoPYmMNEf9Mr1T2vv5LGRd9k2R/8E4gj0BOsf03EEU7","preKeyId":11531512}}},"version":"v1"}