{"_sessions":{"BSExHzv3TYaviENLjmI9m/OsyRJ9A8RYALjFBwTlGfJ8":{"registrationId":716097317,"currentRatchet":{"ephemeralKeyPair":{"pubKey":"BR7KnMgLdmWOHSc3Uxw3fCuZaOYKWgi+IBM5bAf7Z/du","privKey":"gKoQI5DCsyA7SaheAA99BmaNafTqKtBQCjRsagGEC3Y="},"lastRemoteEphemeralKey":"BczL0+V5riwNdGcsojBmsrG7n9cgsnMcaUDhYVBEGMUy","previousCounter":0,"rootKey":"Wn5TuWDNhA0z+073DajW98nlKYtqcAauwUFWwP46Wb4="},"indexInfo":{"baseKey":"BSExHzv3TYaviENLjmI9m/OsyRJ9A8RYALjFBwTlGfJ8","baseKeyType":2,"closed":-1,"used":1731874488324,"created":1731874488324,"remoteIdentityKey":"BTq2Y+q2iy52mw6mAXedLT8zO1259RKVdtAGvd5pBZB5"},"_chains":{"BczL0+V5riwNdGcsojBmsrG7n9cgsnMcaUDhYVBEGMUy":{"chainKey":{"counter":1,"key":"j4YFw4n02JH+DFhLH+7HQjAdD3im9+mMEsBayW8IsG0="},"chainType":2,"messageKeys":{}},"BR7KnMgLdmWOHSc3Uxw3fCuZaOYKWgi+IBM5bAf7Z/du":{"chainKey":{"counter":0,"key":"VBR/rfcW14YeSYCvbIP4cL33GirGc0IC71UM4pJwtWs="},"chainType":1,"messageKeys":{}}}}},"version":"v1"}