{"_sessions":{"BcUHdgjTkDL9LzwPUFv1IX5UzSxvMUhaciM2DLoFJx11":{"registrationId":742111066,"currentRatchet":{"ephemeralKeyPair":{"pubKey":"BY6M2kIlyn0LnvIZZTiMHPXkX7eqwyBMmMel4/TdImUF","privKey":"mNGMfKLbQjwDXDgNxzr5xyq0PHwzGc+62W2shmkHzHo="},"lastRemoteEphemeralKey":"Bam4OH5fwLxM9+0kWGztt1+6IO/ZlrlKwMh8pwGnuRYZ","previousCounter":0,"rootKey":"jLFUeTTSOTBuwWL/+EIAYpUqZMbeIgwiNbSnWJhIkUc="},"indexInfo":{"baseKey":"BcUHdgjTkDL9LzwPUFv1IX5UzSxvMUhaciM2DLoFJx11","baseKeyType":1,"closed":-1,"used":1731852918879,"created":1731852918879,"remoteIdentityKey":"BUKiB63CLMNbJfKNNbonoQ0EcgaqaNM63zSks6XxXZtC"},"_chains":{"BY6M2kIlyn0LnvIZZTiMHPXkX7eqwyBMmMel4/TdImUF":{"chainKey":{"counter":0,"key":"rup4QigXRzJ+k9N58pBJk7kK4ipr7mDEj9OvLkuS60k="},"chainType":1,"messageKeys":{}}},"pendingPreKey":{"signedKeyId":2,"baseKey":"BcUHdgjTkDL9LzwPUFv1IX5UzSxvMUhaciM2DLoFJx11","preKeyId":9789993}}},"version":"v1"}