{"_sessions":{"BaA5Aj2d3RjU3Eif0nLjcTSybzEmL0ki6wyZA2dk2I5J":{"registrationId":661240863,"currentRatchet":{"ephemeralKeyPair":{"pubKey":"BY1Z2cnMaFZq86LeEj0fQq5r9ABRYLpq2p/uqWa8aaMC","privKey":"cCA2YLMIhomFclJdBkdrDgFxl1WcaVxqzBwBFbB3W1E="},"lastRemoteEphemeralKey":"BdK5dk7S4e1kP+yms0elwF8hOwvjMweraUGs3SZ0gOlZ","previousCounter":0,"rootKey":"GDcoRhojufYtfz9OXcsDnw/qmmhxguB9n19F3EzTZTQ="},"indexInfo":{"baseKey":"BaA5Aj2d3RjU3Eif0nLjcTSybzEmL0ki6wyZA2dk2I5J","baseKeyType":2,"closed":-1,"used":1731687356141,"created":1731687356141,"remoteIdentityKey":"BTZ8lIckojGKygra7QAYmPi4yHLeZ7bLRi6VU9AwhNYF"},"_chains":{"BdK5dk7S4e1kP+yms0elwF8hOwvjMweraUGs3SZ0gOlZ":{"chainKey":{"counter":0,"key":"nePBz/nwZHjkFSNpWtDlv1p8K/exx07YBkBJc/L9fSE="},"chainType":2,"messageKeys":{}},"BY1Z2cnMaFZq86LeEj0fQq5r9ABRYLpq2p/uqWa8aaMC":{"chainKey":{"counter":-1,"key":"hRFD1CB3FByH++umpMazZ4Fug6+qAHwOq1Kt4SxiSgk="},"chainType":1,"messageKeys":{}}}}},"version":"v1"}