{"_sessions":{"BSGdvgDu2FDIp0TEOltA3DH1OaUxQ9el31G4uf77OAZZ":{"registrationId":1649099730,"currentRatchet":{"ephemeralKeyPair":{"pubKey":"BZsXo9oPzAjnyWiNQil3uNJoyWjG7gFR+oN1VBOO1bZq","privKey":"yJXJnjGtHV1pZhxbUFaIRxlCpgaAc6xVWkzBnYUzykI="},"lastRemoteEphemeralKey":"BYbufFE0f2HKqUsPhoxTGGr6cW63nhLNJysZ6IqMdqF7","previousCounter":0,"rootKey":"l7bvH4tNJD9ofL+7yUbOtqTFC+TmMw0L/rzDJJFn7rM="},"indexInfo":{"baseKey":"BSGdvgDu2FDIp0TEOltA3DH1OaUxQ9el31G4uf77OAZZ","baseKeyType":1,"closed":-1,"used":1731676607289,"created":1731676607289,"remoteIdentityKey":"BbZvHGrK6Ee9Hltw2DaTc2voSqx+bT3vjVXvbO2DUip4"},"_chains":{"BZsXo9oPzAjnyWiNQil3uNJoyWjG7gFR+oN1VBOO1bZq":{"chainKey":{"counter":0,"key":"jsVmnf19CoLhVHp3WrQfBUxMBUp6663aGe/G1LfhAG8="},"chainType":1,"messageKeys":{}}},"pendingPreKey":{"signedKeyId":3,"baseKey":"BSGdvgDu2FDIp0TEOltA3DH1OaUxQ9el31G4uf77OAZZ","preKeyId":1617}}},"version":"v1"}