{"_sessions":{"BUA94K2B5iDHb+e/yzp+I24ui2YiVbqALzQ1ZM2uFj5H":{"registrationId":1136569158,"currentRatchet":{"ephemeralKeyPair":{"pubKey":"BX/BSgccHnVBuKUa6sevNZz3a8AoWPFpFCQzCYdtDbI/","privKey":"IO324V7Cwb+WqXMCzlnS5snZc+VW9LzDhc25G/jA4Xs="},"lastRemoteEphemeralKey":"BelsxeCWr01w9SNSpyhA8HGEejww4l8iM8Y6kDKoQ98o","previousCounter":0,"rootKey":"Pm/oKbBu6Hu5TETfEa99TXdb+IJo3Uv5FYotUlKjS7A="},"indexInfo":{"baseKey":"BUA94K2B5iDHb+e/yzp+I24ui2YiVbqALzQ1ZM2uFj5H","baseKeyType":2,"closed":-1,"used":1731762685857,"created":1731762685857,"remoteIdentityKey":"BdJnL7D6c2fe0RK6fHF4zOlEob+ae4S/+Z6t8zKAw4wY"},"_chains":{"BelsxeCWr01w9SNSpyhA8HGEejww4l8iM8Y6kDKoQ98o":{"chainKey":{"counter":0,"key":"6TbcMPU10tgNNfX515+SqCs2WbZ0GTEV77ekn7+0gJM="},"chainType":2,"messageKeys":{}},"BX/BSgccHnVBuKUa6sevNZz3a8AoWPFpFCQzCYdtDbI/":{"chainKey":{"counter":-1,"key":"cU4QhGfisbVbIV8ENYnyLu4TCgCGP987N+mBQ9sGjAo="},"chainType":1,"messageKeys":{}}}}},"version":"v1"}