{"_sessions":{"BTx/CON2BLViBCw9/jsDLlRUscmtwrxGgilygbpomc9P":{"registrationId":1598602428,"currentRatchet":{"ephemeralKeyPair":{"pubKey":"BYv30Yrx1Eu4h5T3nG9SRd4dF+rHK9iE0QQoljlTy8BO","privKey":"CJBtCz5SnML0ZoiDS7i5sC3G1xHBjMkr1TpI/I6vqUs="},"lastRemoteEphemeralKey":"BfE56PKw94i04mffOTpjb9kSa5QrZoX3//eAorBl4FUR","previousCounter":0,"rootKey":"Unvp/aZcjxATan8z4fp1pOIRjyvFAmw8V+PNr4QRb3c="},"indexInfo":{"baseKey":"BTx/CON2BLViBCw9/jsDLlRUscmtwrxGgilygbpomc9P","baseKeyType":1,"closed":-1,"used":1731745714574,"created":1731745714574,"remoteIdentityKey":"BVVFRQtdj2M8fveglTasGkfEkss2PfhST/X/n2svgIM8"},"_chains":{"BYv30Yrx1Eu4h5T3nG9SRd4dF+rHK9iE0QQoljlTy8BO":{"chainKey":{"counter":0,"key":"J9/Nv6TYeLYt++yHYZrZjC/Mo5mocWvo27HAwjUoxCU="},"chainType":1,"messageKeys":{}}},"pendingPreKey":{"signedKeyId":1,"baseKey":"BTx/CON2BLViBCw9/jsDLlRUscmtwrxGgilygbpomc9P","preKeyId":10963893}}},"version":"v1"}