{"_sessions":{"BUcAzZcIcIFgcJ1Kohuw0NA4E7pduhZol4NlJ24c1M1a":{"registrationId":785495758,"currentRatchet":{"ephemeralKeyPair":{"pubKey":"BUAdMQ/4bneK/JfF7kEi8bMyRanLTAshY0BBRhztLF90","privKey":"wBatFQJ4F0wMusBe6KPMwf0HmJQHTiUgRrgKxhjC6k0="},"lastRemoteEphemeralKey":"BeZNoLx3IVPwsDY7h6MEU7Cn9P3gS4umh+5MgIeSacph","previousCounter":0,"rootKey":"BWAQcNHo5c57eZITSynLsrW9sYcnFr0vuVPVWToZKqA="},"indexInfo":{"baseKey":"BUcAzZcIcIFgcJ1Kohuw0NA4E7pduhZol4NlJ24c1M1a","baseKeyType":1,"closed":-1,"used":1731683222757,"created":1731683222757,"remoteIdentityKey":"Bej49P0Ur/9rPNcNjFWfY5yT0LPMzTk7SnBFHc+O/GMw"},"_chains":{"BUAdMQ/4bneK/JfF7kEi8bMyRanLTAshY0BBRhztLF90":{"chainKey":{"counter":2,"key":"mxIEDUTNS6h1InYaZnn1z8fBTHlF4HFadShK2Cnp1ac="},"chainType":1,"messageKeys":{}}},"pendingPreKey":{"signedKeyId":1,"baseKey":"BUcAzZcIcIFgcJ1Kohuw0NA4E7pduhZol4NlJ24c1M1a","preKeyId":2009}}},"version":"v1"}