{"_sessions":{"BVWABtyoQEU1l+C0samL4aunBPx+SPfJ26KgR8EIgt5+":{"registrationId":134388633,"currentRatchet":{"ephemeralKeyPair":{"pubKey":"BTaym46LtfP03P4W1Amp/svv3kFBHnOWdtidY1VA9PNZ","privKey":"aDZkpY+eoiKOYGi+bP9Hx797hlcpmpQft/0mVEhuKFY="},"lastRemoteEphemeralKey":"BfX8NhzQv99i//6Fih2coGPay6ySTw5VgxkRzxLzE/gx","previousCounter":7,"rootKey":"m5H8HHBbue6GwS2lP8MUv23pzJsCu3iiotw6e7rzXTI="},"indexInfo":{"baseKey":"BVWABtyoQEU1l+C0samL4aunBPx+SPfJ26KgR8EIgt5+","baseKeyType":1,"closed":-1,"used":1731893325716,"created":1731669227312,"remoteIdentityKey":"BX6M5w0fxgTBdgWHQKoVyGEkkxLxzCGawNOPbROGcT83"},"_chains":{"BfX8NhzQv99i//6Fih2coGPay6ySTw5VgxkRzxLzE/gx":{"chainKey":{"counter":0,"key":"U8TLl0sWWlDkizaZIfl8PALvOBPhCShWMHSmI8cCJGU="},"chainType":2,"messageKeys":{}},"BTaym46LtfP03P4W1Amp/svv3kFBHnOWdtidY1VA9PNZ":{"chainKey":{"counter":0,"key":"jCXWo3hakrZYM1EBxEHCUrojIj8xhXfRQy1iaBCuIuc="},"chainType":1,"messageKeys":{}}}}},"version":"v1"}