{"_sessions":{"BSluSRDYwz/8psu9QtYtgzY/IRrMhdvckWFK/lEYhNAO":{"registrationId":1430800657,"currentRatchet":{"ephemeralKeyPair":{"pubKey":"Bayxx9KhIb3eb7FzcdvB71ofhTjkBtpGQydl3jurdpY1","privKey":"6EGh5+KaaM6MPuaghSXJa5XzkrTebSrucDdMxfdk+3s="},"lastRemoteEphemeralKey":"BQfvhUIKTUmyoOc3Gl1dq0auezbXAySjCttCoRrJPgx9","previousCounter":0,"rootKey":"Bk/m3PSGKSROoPlBwnyy8l6glO+1yrDbe569xb6zW1A="},"indexInfo":{"baseKey":"BSluSRDYwz/8psu9QtYtgzY/IRrMhdvckWFK/lEYhNAO","baseKeyType":1,"closed":-1,"used":1731745714536,"created":1731745714536,"remoteIdentityKey":"BZvB/3dUd37f5PTbkYw1VIgG6oracown09vtBb6DsEM3"},"_chains":{"Bayxx9KhIb3eb7FzcdvB71ofhTjkBtpGQydl3jurdpY1":{"chainKey":{"counter":0,"key":"BRgw8UIZFULGOvg+qUBKkBZcsBXlTCa7ONJJv/JSlQI="},"chainType":1,"messageKeys":{}}},"pendingPreKey":{"signedKeyId":3,"baseKey":"BSluSRDYwz/8psu9QtYtgzY/IRrMhdvckWFK/lEYhNAO","preKeyId":9030746}}},"version":"v1"}