{"_sessions":{"BXeOmYTidn7bjwsoJjZBv37UHQChByFgqIyM8IwBpf46":{"registrationId":731204116,"currentRatchet":{"ephemeralKeyPair":{"pubKey":"BS619QN6Q1FXOJuvGN0evLz415s+2h97yIhvvppr/94Z","privKey":"QEJBqCjea3eyif3a7ENHQbXKy4hnmcdcAXNCxRLq8k8="},"lastRemoteEphemeralKey":"BR9F7jGXIa71fRlir1HxCVwlQNt6zn/MMqRIWOn68C4G","previousCounter":2,"rootKey":"IL13VSulHcB1bDLnDUTjohMgswuuuZkxrD/1RsxjfyE="},"indexInfo":{"baseKey":"BXeOmYTidn7bjwsoJjZBv37UHQChByFgqIyM8IwBpf46","baseKeyType":2,"closed":-1,"used":1731860918360,"created":1731708203521,"remoteIdentityKey":"BZb1qvsH7rvf7u260k0zEu8XX4e7UYWJ4dKfdpAzaWxd"},"_chains":{"BbBxJNYz4z+mwQE35ROOcZtsCX6pleqOiiDProuhf5U+":{"chainKey":{"counter":1},"chainType":2,"messageKeys":{}},"BR9F7jGXIa71fRlir1HxCVwlQNt6zn/MMqRIWOn68C4G":{"chainKey":{"counter":4,"key":"JRq1uez01M0ncGxQlhnj6y9M91s7/OAjfELx61BYgXg="},"chainType":2,"messageKeys":{}},"BS619QN6Q1FXOJuvGN0evLz415s+2h97yIhvvppr/94Z":{"chainKey":{"counter":-1,"key":"xrEDypHEgZJovoccsMfF8CeZqQ6x47qVpUO0HbU6FGk="},"chainType":1,"messageKeys":{}}}}},"version":"v1"}