{"_sessions":{"BbGAY+AXiZNH9xB+vdPJCmWW3UrjF4O25cglYvguQAcA":{"registrationId":1661322392,"currentRatchet":{"ephemeralKeyPair":{"pubKey":"BQwCakwIWipWjEuUKS83wFHSn/ApuXew77EgXQNbtZxC","privKey":"ALKlNdNwNHg4PLh8gc7p3gliKDi2ikUPX/3+I0xVNlA="},"lastRemoteEphemeralKey":"BYdY4CVEQxBFByaFa3qrq1wXSFeZ66lK1bx9CD427soE","previousCounter":0,"rootKey":"RsAHk/g66gRK+RORZEot5hTBZYEW2SciLF9liwkiMfI="},"indexInfo":{"baseKey":"BbGAY+AXiZNH9xB+vdPJCmWW3UrjF4O25cglYvguQAcA","baseKeyType":1,"closed":1731669274901,"used":1731669259532,"created":1731669259532,"remoteIdentityKey":"Bfph3KitEVNK0WrWky0KPYS3ZsvphIxo4gcK/U+iVzFF"},"_chains":{"BQwCakwIWipWjEuUKS83wFHSn/ApuXew77EgXQNbtZxC":{"chainKey":{"counter":0,"key":"q6smllwBjHvLo/yVWfdp7eEGzHswKRp8k1FEdyuIm0s="},"chainType":1,"messageKeys":{}}},"pendingPreKey":{"signedKeyId":0,"baseKey":"BbGAY+AXiZNH9xB+vdPJCmWW3UrjF4O25cglYvguQAcA","preKeyId":16520736}},"BfPjbiwrjCruu9GyNXsXcAPxcn4dozETGPlWKplbhqor":{"registrationId":1661322392,"currentRatchet":{"ephemeralKeyPair":{"pubKey":"BViVpz65XZeWNX2QHzYqR8742q/e0nvvKTe8zJuUATV6","privKey":"wOkoajZ7b/+h9Nl4Qmxh72Rz+66fzb8tzI/HxCuTQks="},"lastRemoteEphemeralKey":"Begrpa3Z4PXTXho36TRv0l+h5kTe9pa9pTFdY3P5S1QA","previousCounter":3,"rootKey":"4lLF35kkEgv0Fu+SUhXpDkr1AzN4jU4PVWxa5wcymq8="},"indexInfo":{"baseKey":"BfPjbiwrjCruu9GyNXsXcAPxcn4dozETGPlWKplbhqor","baseKeyType":1,"closed":-1,"used":1731977226749,"created":1731669273418,"remoteIdentityKey":"Bfph3KitEVNK0WrWky0KPYS3ZsvphIxo4gcK/U+iVzFF"},"_chains":{"BYM5V1uvWACcszJbNyJqMJKp/Nu06HIvfcD6xG+P0Bwp":{"chainKey":{"counter":0},"chainType":2,"messageKeys":{}},"BSFgmwuFIKKlia8vuoWdfPcUscJiiKnRxCPkUCRaGNk8":{"chainKey":{"counter":0},"chainType":2,"messageKeys":{}},"BTf9WqRRNzxe96dPwpSbpwaNhhnpdrRIZfFwze4oGbUE":{"chainKey":{"counter":1},"chainType":2,"messageKeys":{}},"BdW5ovpcAOJxSVKVnKcUModhymw/oHze/fy9AW7cJZEB":{"chainKey":{"counter":0},"chainType":2,"messageKeys":{}},"Bc9k5jfIN5CH5t9UUOvc92CGf1yMh8ECGDujKHJVDqYs":{"chainKey":{"counter":1},"chainType":2,"messageKeys":{}},"BXuPCVNldyQ4GYLHKPRNgb81+LLSejfiC6OoaGYjtlY6":{"chainKey":{"counter":0},"chainType":2,"messageKeys":{}},"BeCtdvCG/MsuL0/Xzky76gowM4OMfZbqBMflWwn18csN":{"chainKey":{"counter":0},"chainType":2,"messageKeys":{}},"BSZA1w7RS1zzwxyx/GFE9EByR/DiWjZdzA98xnZTagEV":{"chainKey":{"counter":1},"chainType":2,"messageKeys":{}},"BRJz0YocYHhlwo74Km5DfrZ1UfaE5L4VkvaZV2YSOX0O":{"chainKey":{"counter":0},"chainType":2,"messageKeys":{}},"BV1pt6vm5zduYltltOHj7EvAlw7L03BuzNjse2KhkT4L":{"chainKey":{"counter":2},"chainType":2,"messageKeys":{}},"Beeae4RVIzHVawsKbsQ7n1UjlXX06mer7fsz7NaqXCZc":{"chainKey":{"counter":0},"chainType":2,"messageKeys":{}},"BcUH2hbDGCKNA0cUh7/NDUJJdWt4yFJxQfCk/QBgGmQS":{"chainKey":{"counter":0},"chainType":2,"messageKeys":{}},"BTwbFxhDDF3ICfaRMozWGwZbBgFBz4mjaqQjjaN7rxUq":{"chainKey":{"counter":1},"chainType":2,"messageKeys":{}},"Bdc4dJ4LTZ43ovqz2qOKRBRGX1vRopitXWbgyZ6chFt4":{"chainKey":{"counter":1},"chainType":2,"messageKeys":{}},"Bc1dRtb6ceOBt3sE+TdK4nBN1xOuK52nEykmCXrShbJN":{"chainKey":{"counter":0},"chainType":2,"messageKeys":{}},"BS+SyHq7gQBu2nMbIlpypflEWHENwZ7vrXW4VjQtvv8V":{"chainKey":{"counter":1},"chainType":2,"messageKeys":{}},"BRoCObRbIARLdU2ezPXWWJvCsZayrFDWsj06wXJeAG9H":{"chainKey":{"counter":0},"chainType":2,"messageKeys":{}},"BVMg5mjpPmi5cbAvvTxIytLwQqjy4hK7UEeBHUzXzLZ1":{"chainKey":{"counter":1},"chainType":2,"messageKeys":{}},"Begrpa3Z4PXTXho36TRv0l+h5kTe9pa9pTFdY3P5S1QA":{"chainKey":{"counter":3,"key":"tBrfROAymfTExcmQO3rE36SS2wlyc5qxCUUYuR2Puis="},"chainType":2,"messageKeys":{}},"BViVpz65XZeWNX2QHzYqR8742q/e0nvvKTe8zJuUATV6":{"chainKey":{"counter":3,"key":"XZqd7w7RsOV4Jvd6iBJsgRRjthClI+YhMkLlmhYZMHs="},"chainType":1,"messageKeys":{}}}}},"version":"v1"}