{"_sessions":{"BbpM4Z9aqM/cI0OW543yVpNM08ismGKJo8QfVL0cx6cR":{"registrationId":1449767696,"currentRatchet":{"ephemeralKeyPair":{"pubKey":"BezWoHE/J9DPSG3m756N7nEFyHZ4u50AKypTvX/5CoYw","privKey":"4NEHGQWWJ+P/Q0AjV1XNOfLzYtSMBDPXF4BwD2w5PUY="},"lastRemoteEphemeralKey":"BZVEzuq8jTleX7siFe/oJVxSKs4EJzSGPOPE5Dd6ttEe","previousCounter":4,"rootKey":"KTUSKCynA4cV9QR2yEjHeCHhW6lEBUPd9HDrs4utm0E="},"indexInfo":{"baseKey":"BbpM4Z9aqM/cI0OW543yVpNM08ismGKJo8QfVL0cx6cR","baseKeyType":1,"closed":-1,"used":1731960614240,"created":1731956511374,"remoteIdentityKey":"BTx9tr3msV09pso5JbS4EqeOdC1UZFzQiaSbUXY9TDRc"},"_chains":{"BZVEzuq8jTleX7siFe/oJVxSKs4EJzSGPOPE5Dd6ttEe":{"chainKey":{"counter":1,"key":"Y53OExwDnQ2CkBAPTqXeJd3g3cSrrfK3NxKn2hJnbvI="},"chainType":2,"messageKeys":{}},"BezWoHE/J9DPSG3m756N7nEFyHZ4u50AKypTvX/5CoYw":{"chainKey":{"counter":-1,"key":"ovM696js60UdBQ1acfdbh5eklCLJR5VmIoG7UD8QDeA="},"chainType":1,"messageKeys":{}}}}},"version":"v1"}