{"_sessions":{"BaYScH2xTG7TZ+SNEWqqxIoG7v+H8LwbcY15iyg6kGho":{"registrationId":15032,"currentRatchet":{"ephemeralKeyPair":{"pubKey":"BUOwr2UtB/R77ORdgfNl4dqUVm/tSiSm14wBCxjvRWxf","privKey":"oKFwSR5aLhzgXU8hxOD4sruekxuVvEEjM+ZscO9Pi3E="},"lastRemoteEphemeralKey":"BXIRcpCya8ql9talUObyXX2BnmV8um1yFl+wGQnqeBMh","previousCounter":0,"rootKey":"Ye9zSpRFxlstpMUPOAEFKZ+2mF0IAjca9i3k6xcKtGE="},"indexInfo":{"baseKey":"BaYScH2xTG7TZ+SNEWqqxIoG7v+H8LwbcY15iyg6kGho","baseKeyType":1,"closed":-1,"used":1731965917180,"created":1731965917180,"remoteIdentityKey":"BdNMr03M0vq9pnNBlDijk1/IHGcxV5pw5BPkzQ3FLwwS"},"_chains":{"BUOwr2UtB/R77ORdgfNl4dqUVm/tSiSm14wBCxjvRWxf":{"chainKey":{"counter":0,"key":"5FtazbBv2GGuByKQmLn9SbMte+qItYKN4WTvct23dhE="},"chainType":1,"messageKeys":{}}},"pendingPreKey":{"signedKeyId":1,"baseKey":"BaYScH2xTG7TZ+SNEWqqxIoG7v+H8LwbcY15iyg6kGho","preKeyId":28}}},"version":"v1"}