{"_sessions":{"BY7hwInbJBMEWLZ7jhH/E2v+XHxwPSXYkYxEFl+rZbI3":{"registrationId":1239207249,"currentRatchet":{"ephemeralKeyPair":{"pubKey":"BUFZ9z/ZcfBEI0oTBFwXJQX3ihRaTi14Vz3B+AFGxAcP","privKey":"MIqWrkvOP5WCj6rPP+0vkSHHR7i86aAFn7T/Yk7psXg="},"lastRemoteEphemeralKey":"BbiRHDJkgp/jLmtwLFQXleUsipzWqiSsjg2ZM5KiEw4t","previousCounter":0,"rootKey":"lRKZcfbNtgd3OZtl5hsDp/8Pg3oWw/CaNxw6SMZsUbU="},"indexInfo":{"baseKey":"BY7hwInbJBMEWLZ7jhH/E2v+XHxwPSXYkYxEFl+rZbI3","baseKeyType":1,"closed":-1,"used":1731852918955,"created":1731852918955,"remoteIdentityKey":"BSWz7BafxtgUuE8ndJbsh7y/M8/RzKAZn+4Z7M9NdXp2"},"_chains":{"BUFZ9z/ZcfBEI0oTBFwXJQX3ihRaTi14Vz3B+AFGxAcP":{"chainKey":{"counter":0,"key":"mVv/0f++1mSnmtcV+ViQtN2IAzqeppw4ByaNTk/B4FY="},"chainType":1,"messageKeys":{}}},"pendingPreKey":{"signedKeyId":14,"baseKey":"BY7hwInbJBMEWLZ7jhH/E2v+XHxwPSXYkYxEFl+rZbI3","preKeyId":5497950}}},"version":"v1"}