{"_sessions":{"BRJaLfM/9NZ8Ap4nXQ095hQpTJL0673nKTAySWb+1mRN":{"registrationId":1893099856,"currentRatchet":{"ephemeralKeyPair":{"pubKey":"BXWMNzPZkF8B2ElXuOAuWUEYHdaBKcH4yGQsKIX15ldF","privKey":"6JVyjJuDkBI6wewuwhv++zw6bmekQobUPm5eOuUYA3k="},"lastRemoteEphemeralKey":"BcIzpwH0G5/mPwbblPm+8m3m2cYiMZsuYVN8onH9oQUX","previousCounter":0,"rootKey":"wSRDyyHR6XocXACLV1l3hlFb7odvLc9PfTbAvdTzQcQ="},"indexInfo":{"baseKey":"BRJaLfM/9NZ8Ap4nXQ095hQpTJL0673nKTAySWb+1mRN","baseKeyType":1,"closed":-1,"used":1731952847372,"created":1731675016616,"remoteIdentityKey":"BZgDsYwOe+fDE1KHYMD2hCvqMXqTnrOaHrVSfm12Nl1V"},"_chains":{"BcIzpwH0G5/mPwbblPm+8m3m2cYiMZsuYVN8onH9oQUX":{"chainKey":{"counter":2,"key":"EVKl0+wM7qgwshRb20dGMSjRdjUdZcri2CabWXRtqf0="},"chainType":2,"messageKeys":{}},"BXWMNzPZkF8B2ElXuOAuWUEYHdaBKcH4yGQsKIX15ldF":{"chainKey":{"counter":-1,"key":"C5ekBSjs8I3eVG2pxMKEfJlXeuVY2uqV1K8B0M8Btkc="},"chainType":1,"messageKeys":{}}}}},"version":"v1"}