{"_sessions":{"BYVlrlsEInfZx1cZHr4lDf2BQ90iN4kYhDcdPUU9ag9B":{"registrationId":228793210,"currentRatchet":{"ephemeralKeyPair":{"pubKey":"BTbierK1eR+3etfVIVO5UtLWYmyocAMnQnJcIz23VnpU","privKey":"qIuO/20xS2Vx2io8VBAxF4wi0kfNGk4azkuKz/NTHks="},"lastRemoteEphemeralKey":"BVYshOThmsRcUius0o1G899Yk2Ce+kVSPR1Sl/4W0aND","previousCounter":1,"rootKey":"N1YK/7qhUPCIxO6eBfk0Tb/A5NHvzT0lmHNDOHfq5qA="},"indexInfo":{"baseKey":"BYVlrlsEInfZx1cZHr4lDf2BQ90iN4kYhDcdPUU9ag9B","baseKeyType":1,"closed":-1,"used":1731947493599,"created":1731777349732,"remoteIdentityKey":"BSRSfOATGQoQg7Woc3lcdl7Lc5jQVo+pjwnzVEGhPnIN"},"_chains":{"BVYshOThmsRcUius0o1G899Yk2Ce+kVSPR1Sl/4W0aND":{"chainKey":{"counter":0,"key":"QbYv11JLwB/0sySbfjWgmTy5O1LOiR6u8GPYwPpuirc="},"chainType":2,"messageKeys":{}},"BTbierK1eR+3etfVIVO5UtLWYmyocAMnQnJcIz23VnpU":{"chainKey":{"counter":-1,"key":"rgFibZ+wSThH/5uT/ZSFN/KQohvbRbeDOcQJoFaKqV8="},"chainType":1,"messageKeys":{}}}}},"version":"v1"}