{"_sessions":{"BW5svr9iwj/2c5lVnS5jsnbjKo3IqTXVeCmfWh23eB8/":{"registrationId":1400202482,"currentRatchet":{"ephemeralKeyPair":{"pubKey":"BSUrVDOx6Cr1Evcl8aYQBWkvdh/5Ue9qmSnp6BbZYkJF","privKey":"yHdAneET54MkJmXJKlkjr7qTmnLQ8dGOPJlks9N8hGs="},"lastRemoteEphemeralKey":"BSC09ehmLiLkTv4WjVvA2V8VePuaK7JR2N6twLW9pyk2","previousCounter":0,"rootKey":"6RpbYXo8O16VgXoB6RKws2UABNPzT7geWoXGzNlrPno="},"indexInfo":{"baseKey":"BW5svr9iwj/2c5lVnS5jsnbjKo3IqTXVeCmfWh23eB8/","baseKeyType":1,"closed":-1,"used":1731669227288,"created":1731669227288,"remoteIdentityKey":"Bbr4y/WGJ2Ewv2lWSXhV6gtujgVfr4eEsNOnjcAEQf03"},"_chains":{"BSUrVDOx6Cr1Evcl8aYQBWkvdh/5Ue9qmSnp6BbZYkJF":{"chainKey":{"counter":7,"key":"zClxaZRtC5WYJyF5X2OYZGhDPWS2hYu9dhcrULa4Rps="},"chainType":1,"messageKeys":{}}},"pendingPreKey":{"signedKeyId":1,"baseKey":"BW5svr9iwj/2c5lVnS5jsnbjKo3IqTXVeCmfWh23eB8/","preKeyId":8525863}}},"version":"v1"}