{"_sessions":{"BRY4lRjndEI2tmxRPJeBwU0lOn1AbZv/pJM96uf2IW0m":{"registrationId":24,"currentRatchet":{"ephemeralKeyPair":{"pubKey":"BVwDt0m7xKgE8cp9tNqCyKV16bhcZoe/HBSjP6vdNysI","privKey":"UK+jCM1GhSKtO22PsyBZWM3wh4OYp1QryEyhU2h1eHA="},"lastRemoteEphemeralKey":"BTNiGdQWf9UxwjMVVSFXCO86k/dwQ77cAPMblP2NhXIc","previousCounter":0,"rootKey":"/7f+0WFgKlZSE3bpdWYY9ntdO+AfDBxnnV3EWQTwFmg="},"indexInfo":{"baseKey":"BRY4lRjndEI2tmxRPJeBwU0lOn1AbZv/pJM96uf2IW0m","baseKeyType":1,"closed":1731770226547,"used":1731770223094,"created":1731770223094,"remoteIdentityKey":"BaFCUM9wZlewanOG2kg/6vBDpCzN+arhqnWj/TB/aSFZ"},"_chains":{"BVwDt0m7xKgE8cp9tNqCyKV16bhcZoe/HBSjP6vdNysI":{"chainKey":{"counter":0,"key":"XoVP0SjNDQZ/bAMfQX+9DQmSHIEtKuU8Glmk99HkkOI="},"chainType":1,"messageKeys":{}}},"pendingPreKey":{"signedKeyId":1,"baseKey":"BRY4lRjndEI2tmxRPJeBwU0lOn1AbZv/pJM96uf2IW0m"}},"BXLNxSV+2GDOSc+0Je9eiacitvVaJrCG3GhlYniTJG9D":{"registrationId":24,"currentRatchet":{"ephemeralKeyPair":{"pubKey":"BXcIJJ+b4pQR74cp+HZwMvRAQSFY4XVfg2uezDdxjVVf","privKey":"eN3HGY9SduU9NKLY7K/mok0PMXIQ+EiS8v1ZbANEUF4="},"lastRemoteEphemeralKey":"BTNiGdQWf9UxwjMVVSFXCO86k/dwQ77cAPMblP2NhXIc","previousCounter":0,"rootKey":"hrpL9WNzZ/wtOIhIaICh5jdhk5+tCi+biq1OYTlI9OE="},"indexInfo":{"baseKey":"BXLNxSV+2GDOSc+0Je9eiacitvVaJrCG3GhlYniTJG9D","baseKeyType":1,"closed":-1,"used":1731770225953,"created":1731770225953,"remoteIdentityKey":"BaFCUM9wZlewanOG2kg/6vBDpCzN+arhqnWj/TB/aSFZ"},"_chains":{"BXcIJJ+b4pQR74cp+HZwMvRAQSFY4XVfg2uezDdxjVVf":{"chainKey":{"counter":0,"key":"N7xuk/PkLEEbroRiMomm4IbVphHyQ/R5BiXp4YmwHgo="},"chainType":1,"messageKeys":{}}},"pendingPreKey":{"signedKeyId":1,"baseKey":"BXLNxSV+2GDOSc+0Je9eiacitvVaJrCG3GhlYniTJG9D"}}},"version":"v1"}