{"_sessions":{"BbW4m2MDOW9LMGSL3h6uHtK6BU0XA581VAABXwbedNBE":{"registrationId":2566,"currentRatchet":{"ephemeralKeyPair":{"pubKey":"BQJw977IP1pEbDPoxMsUUAu/zGY90LoFD+6ht5OdBjE4","privKey":"kHsCKYIScy8Pn/6I5/IQG8zDBrcFTlKJD2xnRZjU6lI="},"lastRemoteEphemeralKey":"BRlTxCI1jTiinEHcPMnFjNnAC7H4aJpMx3GRtF7/L/og","previousCounter":0,"rootKey":"ZzfXU7KK5dS2cjm2dMobVJPEIySCb/arylrWopU65FY="},"indexInfo":{"baseKey":"BbW4m2MDOW9LMGSL3h6uHtK6BU0XA581VAABXwbedNBE","baseKeyType":1,"closed":-1,"used":1731794998512,"created":1731794998512,"remoteIdentityKey":"BdCFSI7R+FegUblmckl7OigJXzyP2kuvvQvqBgxjj2YY"},"_chains":{"BQJw977IP1pEbDPoxMsUUAu/zGY90LoFD+6ht5OdBjE4":{"chainKey":{"counter":20,"key":"dVtOllF51VV+bYTIW6jQbNbrEkFr9zQXNOhnC312Hqo="},"chainType":1,"messageKeys":{}}},"pendingPreKey":{"signedKeyId":1,"baseKey":"BbW4m2MDOW9LMGSL3h6uHtK6BU0XA581VAABXwbedNBE"}}},"version":"v1"}