{"_sessions":{"Bb6836zRtyblMasBf2O5i/Syd8aJMlCa4r1YYcrNi4c0":{"registrationId":3371,"currentRatchet":{"ephemeralKeyPair":{"pubKey":"Bf39eG/OoKc+nNpVsv0Yhh2G6ob90UmZLoGgJMu9DIRJ","privKey":"AA3kbAYBuq54Xo6DmWWYS9HB8ovBimNR8W0Rj9GOtnE="},"lastRemoteEphemeralKey":"BcIyUdu3wGSmwZVl/T19/GZh+lnkrwqIpDZasqNIVI9D","previousCounter":0,"rootKey":"TmL5lKbxAPuUas5shlI7+6skINCWEY7g8zIWYnb8i3U="},"indexInfo":{"baseKey":"Bb6836zRtyblMasBf2O5i/Syd8aJMlCa4r1YYcrNi4c0","baseKeyType":1,"closed":1731669274817,"used":1731669257975,"created":1731669257975,"remoteIdentityKey":"BWRqk8jPFUCuwGNg3xsNnnhuMe8Q/10cq4lMH+OOOL1N"},"_chains":{"Bf39eG/OoKc+nNpVsv0Yhh2G6ob90UmZLoGgJMu9DIRJ":{"chainKey":{"counter":0,"key":"oL5jF13YO6ddaVGDQClQRThUl6uCZK3kPderTrolyfg="},"chainType":1,"messageKeys":{}}},"pendingPreKey":{"signedKeyId":1,"baseKey":"Bb6836zRtyblMasBf2O5i/Syd8aJMlCa4r1YYcrNi4c0"}},"BVW//gw7zLdLcK4juPuzxzBuuBpDxudit9eoSgzhQDYx":{"registrationId":3371,"currentRatchet":{"ephemeralKeyPair":{"pubKey":"BaBmUBgHzT1TiniuyLlGZ6PR7NYxTrV8Wi6YbCHjQPtx","privKey":"kA3ezU6rRvlhz40yCq6wL2U9hZmo5mQEIYZuc4ZKE1U="},"lastRemoteEphemeralKey":"BcIyUdu3wGSmwZVl/T19/GZh+lnkrwqIpDZasqNIVI9D","previousCounter":0,"rootKey":"RfRHEthWgLZo/eqYQkbplXxIEKfNy5ysEfsC5nYc/Fs="},"indexInfo":{"baseKey":"BVW//gw7zLdLcK4juPuzxzBuuBpDxudit9eoSgzhQDYx","baseKeyType":1,"closed":-1,"used":1731669271886,"created":1731669271886,"remoteIdentityKey":"BWRqk8jPFUCuwGNg3xsNnnhuMe8Q/10cq4lMH+OOOL1N"},"_chains":{"BaBmUBgHzT1TiniuyLlGZ6PR7NYxTrV8Wi6YbCHjQPtx":{"chainKey":{"counter":64,"key":"i9i9C1266XcC3HadEZ2gwUegYmngNJ32sZfph36HHwA="},"chainType":1,"messageKeys":{}}},"pendingPreKey":{"signedKeyId":1,"baseKey":"BVW//gw7zLdLcK4juPuzxzBuuBpDxudit9eoSgzhQDYx"}}},"version":"v1"}