{"_sessions":{"BXaW2p3noLuwX7rF7H5m4COh9RyiEHVIrlGUQlSFHKh+":{"registrationId":1435117424,"currentRatchet":{"ephemeralKeyPair":{"pubKey":"BbqS47QMlvuY8ZqgMwpZtZA1nERdfKl6OnBQWvu4t5d2","privKey":"WAdOB8fSV85IzUjE6JHCIrgUKLXLRuJ9CbnIO92xDXE="},"lastRemoteEphemeralKey":"BasDwbMe+fpvvnB1c3NUVFXblYaGHAiqhB7oBsLvwehi","previousCounter":0,"rootKey":"cJzxS28/oJsOqvjaunT8EhrwLw225GvCC4ZDlbD//vU="},"indexInfo":{"baseKey":"BXaW2p3noLuwX7rF7H5m4COh9RyiEHVIrlGUQlSFHKh+","baseKeyType":1,"closed":1731669274995,"used":1731669260783,"created":1731669260783,"remoteIdentityKey":"BavdsIVRyT1e8NeevtBxAuGmhzRATJjHIhS3PIIHLkco"},"_chains":{"BbqS47QMlvuY8ZqgMwpZtZA1nERdfKl6OnBQWvu4t5d2":{"chainKey":{"counter":0,"key":"Ers1aqz5YftgpWGNOQ0sstFnmhpZccD7GCjZKrdwV8M="},"chainType":1,"messageKeys":{}}},"pendingPreKey":{"signedKeyId":6,"baseKey":"BXaW2p3noLuwX7rF7H5m4COh9RyiEHVIrlGUQlSFHKh+"}},"BYNrYMX5S9LB99ShVZlygC+vI4njavaOuv4GXrNoTuBn":{"registrationId":1435117424,"currentRatchet":{"ephemeralKeyPair":{"pubKey":"Bcjp1GYoOijcM6rdu7rV/GHIiG11Oimo7SvlQe10YpN6","privKey":"SMiQVt8jhr3iWi4TvF3tL85jWhDgArN3gHguPyrnbEU="},"lastRemoteEphemeralKey":"BasDwbMe+fpvvnB1c3NUVFXblYaGHAiqhB7oBsLvwehi","previousCounter":0,"rootKey":"GoBmiS/XZUh1rUchOLf6CLOAd9EApW9UPGDCmGiWpkg="},"indexInfo":{"baseKey":"BYNrYMX5S9LB99ShVZlygC+vI4njavaOuv4GXrNoTuBn","baseKeyType":1,"closed":-1,"used":1731669274580,"created":1731669274580,"remoteIdentityKey":"BavdsIVRyT1e8NeevtBxAuGmhzRATJjHIhS3PIIHLkco"},"_chains":{"Bcjp1GYoOijcM6rdu7rV/GHIiG11Oimo7SvlQe10YpN6":{"chainKey":{"counter":73,"key":"60ytHXM+s5YcGtQHEWwjQn0/LSP06lTEENxzpIestwA="},"chainType":1,"messageKeys":{}}},"pendingPreKey":{"signedKeyId":6,"baseKey":"BYNrYMX5S9LB99ShVZlygC+vI4njavaOuv4GXrNoTuBn"}}},"version":"v1"}