{"_sessions":{"BXGZtoFddF42w0QX61aDjiTTI1J0ujaJv6P2yZy095RL":{"registrationId":138627525,"currentRatchet":{"ephemeralKeyPair":{"pubKey":"BbsbPlTQz3phQztdx1Nsti55jUdkhYbqgOt926DHJv9t","privKey":"qDCByQ7WDk7xkfyd9YmX807fBnNgCNFLALmK2RcWKmg="},"lastRemoteEphemeralKey":"BSWOiY+eRfpOEo0B8Feqe9PRiXjUHdME1G8xWSPp8tZn","previousCounter":0,"rootKey":"D4+gL9exwDNgt7SOprKSYVtydDoXB0TGIdPcy21/G9s="},"indexInfo":{"baseKey":"BXGZtoFddF42w0QX61aDjiTTI1J0ujaJv6P2yZy095RL","baseKeyType":1,"closed":-1,"used":1732034104647,"created":1731676607417,"remoteIdentityKey":"BcwbIHwZu8Fy7EslyUNDhhYyf1peGzN9rIFrO92h9UdX"},"_chains":{"BSWOiY+eRfpOEo0B8Feqe9PRiXjUHdME1G8xWSPp8tZn":{"chainKey":{"counter":6,"key":"foxfh9QsiHk094VCddVIact8S5zYCeeGtUCoa1IOXww="},"chainType":2,"messageKeys":{}},"BbsbPlTQz3phQztdx1Nsti55jUdkhYbqgOt926DHJv9t":{"chainKey":{"counter":-1,"key":"IOZgmZmHR9D+0sSuYgwMYg6+JqUp2oJ6KIq9oXmrXtI="},"chainType":1,"messageKeys":{}}}}},"version":"v1"}