{"_sessions":{"BS8x9ub6whPoMD6H9TLshC+9SJNMP466U4sCZRabrC4M":{"registrationId":12133,"currentRatchet":{"ephemeralKeyPair":{"pubKey":"BcnBiDpmC19zTN598OvA7jQvm2RF41zAyo9DA7ezdKtX","privKey":"qPALRp6fvJDlJ9B7/qHeYBsTAg6YGkFVw2CgW7Ek3kw="},"lastRemoteEphemeralKey":"BQMaQvNKORIMUOxmOmcFAoer3bg95k/tLuJ7hq+VDV54","previousCounter":0,"rootKey":"MDal0n8uGpOfPoHHXuCfj3XTput4drQ6ULNX6PFLd74="},"indexInfo":{"baseKey":"BS8x9ub6whPoMD6H9TLshC+9SJNMP466U4sCZRabrC4M","baseKeyType":1,"closed":-1,"used":1731707442814,"created":1731707442814,"remoteIdentityKey":"Bb5oQ/GSv71eg2Or0dz+E0TonkdVZt2xkYhYFskfyqEe"},"_chains":{"BcnBiDpmC19zTN598OvA7jQvm2RF41zAyo9DA7ezdKtX":{"chainKey":{"counter":1,"key":"+1nkPLFcBRKVHA5Hau6YRnuUCLi3XCGQQe/3ugq4G4c="},"chainType":1,"messageKeys":{}}},"pendingPreKey":{"signedKeyId":1,"baseKey":"BS8x9ub6whPoMD6H9TLshC+9SJNMP466U4sCZRabrC4M","preKeyId":75}}},"version":"v1"}