{"_sessions":{"BQ/y195Ig0BSuXPiyhGlBwo22YmOQSjZ6RMuejK9Bxcf":{"registrationId":1495275115,"currentRatchet":{"ephemeralKeyPair":{"pubKey":"BRImnKFC9geNTNwmn/t17fLJix+TXbukYS+xlUu9EHlP","privKey":"GFW/rAhlJ9OG5D7+X1iMM31nklpxzkOxNeW8aj+gdn0="},"lastRemoteEphemeralKey":"BW+sS5njXyXwAUXzuW5x4DTDy7p+tYG2pDFKxCVCmxMm","previousCounter":0,"rootKey":"vPud8OtMOXyO2NpWwr/hsoCqIgx5GzesJpL1zxmgpmQ="},"indexInfo":{"baseKey":"BQ/y195Ig0BSuXPiyhGlBwo22YmOQSjZ6RMuejK9Bxcf","baseKeyType":1,"closed":-1,"used":1731758333378,"created":1731758333378,"remoteIdentityKey":"BYQvu15TOPBZO+mNvUy4Nn3baB39JUqZpjp8+4xs0mMG"},"_chains":{"BRImnKFC9geNTNwmn/t17fLJix+TXbukYS+xlUu9EHlP":{"chainKey":{"counter":0,"key":"xqE73q7or9r+V3rd9r9qFOtGuu+oaj4o/OrWXkuFkfw="},"chainType":1,"messageKeys":{}}},"pendingPreKey":{"signedKeyId":2763078,"baseKey":"BQ/y195Ig0BSuXPiyhGlBwo22YmOQSjZ6RMuejK9Bxcf","preKeyId":1348}}},"version":"v1"}