{"_sessions":{"BQQ7nngBLQW7HPZ8iyg2LMtOwgwnNj74e07cWFbMqFJj":{"registrationId":226550733,"currentRatchet":{"ephemeralKeyPair":{"pubKey":"BWVW8MV6Eq6Y4wWgQ8jfoE6u7G6Sl+4GvGG7y4kYufl4","privKey":"yOSv1uIQ1T7zjGGETuIsfPdA8PWv/RwUq4CAVT6EjHg="},"lastRemoteEphemeralKey":"BfzXOn37Ow1Mp3V8EthK9kkohR4+x8KhmnYEuZkzrqtU","previousCounter":0,"rootKey":"5k1v5m19fGpW6+yAmmdlPE3AtdraqZyKMJz0SeS9vQE="},"indexInfo":{"baseKey":"BQQ7nngBLQW7HPZ8iyg2LMtOwgwnNj74e07cWFbMqFJj","baseKeyType":1,"closed":-1,"used":1731761519380,"created":1731761519380,"remoteIdentityKey":"BQ00ZmDcuSQ2hl7s3h+47LDMHxkFxr675hAFvoREXiNs"},"_chains":{"BWVW8MV6Eq6Y4wWgQ8jfoE6u7G6Sl+4GvGG7y4kYufl4":{"chainKey":{"counter":2,"key":"Av9nMLaZwQQeLMeyQ/vZ29yPuW2ZHBexRusCEKJqYWU="},"chainType":1,"messageKeys":{}}},"pendingPreKey":{"signedKeyId":2,"baseKey":"BQQ7nngBLQW7HPZ8iyg2LMtOwgwnNj74e07cWFbMqFJj","preKeyId":1497800}}},"version":"v1"}