{"_sessions":{"BY6qJ7ZAXnI0aLLfxxx1+dxxGSI6Yo9roVp22Qpjqxd7":{"registrationId":1753594014,"currentRatchet":{"ephemeralKeyPair":{"pubKey":"BdcGZ2Ma23OONeb5NAVo+N6P5D4yZW9q2LagKnNqZqRl","privKey":"aHewSa1WQEE3ocV+4KEDbDvD3suf/67dmhg+jmJpK28="},"lastRemoteEphemeralKey":"BQJLeD7B28uRypeRKz/HMdULzlC+MJ9ybpfjce1NqHQZ","previousCounter":0,"rootKey":"w0KCAYcOdhE1PqRmrcoA9SqfKkosI3olcMsk7h24U3E="},"indexInfo":{"baseKey":"BY6qJ7ZAXnI0aLLfxxx1+dxxGSI6Yo9roVp22Qpjqxd7","baseKeyType":1,"closed":-1,"used":1732009135423,"created":1731675016601,"remoteIdentityKey":"BWGWxLwDezi68M4A9YlOQpg5+GWHaqQZaJ6FzrZc/wdO"},"_chains":{"BQJLeD7B28uRypeRKz/HMdULzlC+MJ9ybpfjce1NqHQZ":{"chainKey":{"counter":1,"key":"KayejEDodTvn0MvysrcrJlUe6hj2lbPudupRlLDMuGc="},"chainType":2,"messageKeys":{}},"BdcGZ2Ma23OONeb5NAVo+N6P5D4yZW9q2LagKnNqZqRl":{"chainKey":{"counter":-1,"key":"1WlmAZU5aZ/lj/LWVTXaOtYnSqDdq/lQtLEE7fMHiRA="},"chainType":1,"messageKeys":{}}}}},"version":"v1"}