{"_sessions":{"BSp+Q8rfvFHr1HwCTaSw0PXivTjRXOz/hZpbEstSFKVd":{"registrationId":1989316929,"currentRatchet":{"ephemeralKeyPair":{"pubKey":"BQg8dvevSIUIIrN75u82oruABn9h2awIUuYruMyU7nkm","privKey":"QD31WD1zYV4xwGlhOxENkSIttUTDZm0jHAzPamqjHFU="},"lastRemoteEphemeralKey":"BWe2hCuHOM+cGVdQycKz3Gxazl1G5RqqNgX1/5cF3qgB","previousCounter":0,"rootKey":"GUU+XrXb3FnE5ABG91hllb8kGJXsULXvZCcXgDrN300="},"indexInfo":{"baseKey":"BSp+Q8rfvFHr1HwCTaSw0PXivTjRXOz/hZpbEstSFKVd","baseKeyType":2,"closed":-1,"used":1731781832861,"created":1731781832861,"remoteIdentityKey":"BX3KGI7lHxrvHjJNjXflk58Jcm86M5/PPmMrgZGI7MI5"},"_chains":{"BWe2hCuHOM+cGVdQycKz3Gxazl1G5RqqNgX1/5cF3qgB":{"chainKey":{"counter":0,"key":"tIV/Xp7WDcqia0PGK8IkAoYrTQqipMetNtqye6f/5t4="},"chainType":2,"messageKeys":{}},"BQg8dvevSIUIIrN75u82oruABn9h2awIUuYruMyU7nkm":{"chainKey":{"counter":-1,"key":"wcjbGDAg/wlNI38zNLowKvdReWpxL5fRsf0KfcL4ybQ="},"chainType":1,"messageKeys":{}}}}},"version":"v1"}