{"_sessions":{"BV5fVGkj2nO4cJI2fpHTUqogK/XByRoMW4G0FLhnlY1J":{"registrationId":369026519,"currentRatchet":{"ephemeralKeyPair":{"pubKey":"BU1xl7G9T3+U8pRbp8+Rkls74ycPZ5s8g02CbGF+T6sU","privKey":"GDLD7NYND1/RRvThcu0XdUG7OsW2rh/1N6tfquq7XHM="},"lastRemoteEphemeralKey":"Bbo4+9sJHYlDf1ftgBYPt4BtnSEPbt6jGMxzaeZq8t1a","previousCounter":0,"rootKey":"5kM2dyimk5GFCq5vJmPzgJ8pPsJj9lPSPrcQBJn3eOk="},"indexInfo":{"baseKey":"BV5fVGkj2nO4cJI2fpHTUqogK/XByRoMW4G0FLhnlY1J","baseKeyType":1,"closed":1731669275000,"used":1731669260946,"created":1731669260946,"remoteIdentityKey":"BY3n8A6ShfkkfVLDYxs3aSgwzn/+iMgGrlWx4ZH+nGZR"},"_chains":{"BU1xl7G9T3+U8pRbp8+Rkls74ycPZ5s8g02CbGF+T6sU":{"chainKey":{"counter":0,"key":"F31COQ7njO8RDMDie5OEm9WselFchTKsRHc3gKZzL8s="},"chainType":1,"messageKeys":{}}},"pendingPreKey":{"signedKeyId":1,"baseKey":"BV5fVGkj2nO4cJI2fpHTUqogK/XByRoMW4G0FLhnlY1J","preKeyId":7929796}},"BS/BhS0+k/wZdz9Z06hwWNg5JLfYLXPdZvAWeu6aNQkq":{"registrationId":369026519,"currentRatchet":{"ephemeralKeyPair":{"pubKey":"BeVMx5GN01PXglZZBVuMY7InJKX+p85Tf1FKqam1WntG","privKey":"aMj/qS4dwxjpuTW76NsLycxkoAzoFBMrUyVEz2ptI3o="},"lastRemoteEphemeralKey":"BZmlpc639EWgitx9vQanyT1TSy6rXsffXCdgjcTwVhsx","previousCounter":14,"rootKey":"IlWrnwuSxeHKZ+OMKUiOBe0Nf/csDvpNRT4vFleNO94="},"indexInfo":{"baseKey":"BS/BhS0+k/wZdz9Z06hwWNg5JLfYLXPdZvAWeu6aNQkq","baseKeyType":1,"closed":-1,"used":1731924065654,"created":1731669274717,"remoteIdentityKey":"BY3n8A6ShfkkfVLDYxs3aSgwzn/+iMgGrlWx4ZH+nGZR"},"_chains":{"BX/8PAPmiHLRZ66MrpqTKcODWGOAFhYGkiAXkwYxjBBK":{"chainKey":{"counter":0},"chainType":2,"messageKeys":{}},"BVbXCzWXcCWhzZC3XAJa10MyyhtbR2jj4aYrJvYUYU11":{"chainKey":{"counter":1},"chainType":2,"messageKeys":{}},"BZmlpc639EWgitx9vQanyT1TSy6rXsffXCdgjcTwVhsx":{"chainKey":{"counter":0,"key":"6pZim2E84iDgVVGO0sY7ss1wYWKg9jch1qWR8awY+mU="},"chainType":2,"messageKeys":{}},"BeVMx5GN01PXglZZBVuMY7InJKX+p85Tf1FKqam1WntG":{"chainKey":{"counter":8,"key":"vTjylAjXgxNxsdTFlIjJRlYkIQPozQ7y4jHwPJATQnA="},"chainType":1,"messageKeys":{}}}}},"version":"v1"}