{"_sessions":{"BZXyTYpWtuJqjN4rj5hvWriBVTcBhlRidVxRGWgnhRl5":{"registrationId":220854363,"currentRatchet":{"ephemeralKeyPair":{"pubKey":"BUShtO7fKZdHx6/BJwFF6lcr1zbWkZirWRz5Ib+olWx+","privKey":"CLFXol2U/6L8s9oBYWXMhQ1oZEPqVOpQaCAe9UYeWnE="},"lastRemoteEphemeralKey":"BeaSoamxCf2OTnfm9e7qHvlxWwMdgk3jnbDLLTeh10YF","previousCounter":0,"rootKey":"jdUpW2FqNg95wDSeZ8RIJDnyheoCjt75vXPjI/jfP9k="},"indexInfo":{"baseKey":"BZXyTYpWtuJqjN4rj5hvWriBVTcBhlRidVxRGWgnhRl5","baseKeyType":1,"closed":1731669274988,"used":1731669260590,"created":1731669260590,"remoteIdentityKey":"BbCcL2H3phQPOg1acWeIoDqPVvcSl6EsXLUEEvtdBcsG"},"_chains":{"BUShtO7fKZdHx6/BJwFF6lcr1zbWkZirWRz5Ib+olWx+":{"chainKey":{"counter":0,"key":"K2xjGObhyKsJEfMsVy6KhRjpwoRscF2q68InwHLCZ5I="},"chainType":1,"messageKeys":{}}},"pendingPreKey":{"signedKeyId":2,"baseKey":"BZXyTYpWtuJqjN4rj5hvWriBVTcBhlRidVxRGWgnhRl5","preKeyId":12294870}},"Ba4hde8XnT+fvGEMQr23xkyllKbfinV8QMUXXLYo2QYh":{"registrationId":220854363,"currentRatchet":{"ephemeralKeyPair":{"pubKey":"BQKM1zZqtf9DISgVImfod5SOuNcqYRg+/ywrnz2Pqb80","privKey":"wA37bKYDfwp3nsndOQefKo06pEh8VJbZ5870fKO9KGA="},"lastRemoteEphemeralKey":"BfcLxEip5DrJgOkcjQvg+9CbBlJtqWXNi+fY/ZETFCYr","previousCounter":1,"rootKey":"3Ubm4hfpa+BVslWL7IYrOU4etMHSWXDz8C6mSNz/mEs="},"indexInfo":{"baseKey":"Ba4hde8XnT+fvGEMQr23xkyllKbfinV8QMUXXLYo2QYh","baseKeyType":1,"closed":-1,"used":1732013719112,"created":1731669274399,"remoteIdentityKey":"BbCcL2H3phQPOg1acWeIoDqPVvcSl6EsXLUEEvtdBcsG"},"_chains":{"BST+v0XJWUS7pgScED2grt5DGQwQ8DI3Y3edifgYIY4O":{"chainKey":{"counter":0},"chainType":2,"messageKeys":{}},"BSvPUUN3fOSQD59iaOy8cZNA3gqD0ZGXeUuTYkeVWYlD":{"chainKey":{"counter":0},"chainType":2,"messageKeys":{}},"BblWTFClOKYk2WDSpoHqg0Q7zcNjcqPJcdS3ExF9mdwm":{"chainKey":{"counter":0},"chainType":2,"messageKeys":{}},"BfkDqdhuGRk98Bk5aGC6yGTWWkC9M0Hp8Jhhzre7wAIL":{"chainKey":{"counter":1},"chainType":2,"messageKeys":{}},"BUaYJ6CSl7qElGApZ7C259vObP3jEqgkEyxOwcIH2JEO":{"chainKey":{"counter":0},"chainType":2,"messageKeys":{}},"Bc/2UuBAxXDzfaT0pmFR8tZcfFS9+WuAawU/13j023xB":{"chainKey":{"counter":0},"chainType":2,"messageKeys":{}},"BbEHbc28aXnmmKzY0xYQMkX132bplWcuYbSYL4Ia081F":{"chainKey":{"counter":4},"chainType":2,"messageKeys":{"0":"RaET6QPnt94kBa77cDquY4Um5Lvo/sT94ZijmnXd3Ss=","2":"T1XSJsJVvagHfU/qBXOXH71pzl0/tPsfa7gtboa0/14=","3":"qa5scmRrBsD6o9LzxE15MbTChzJnoUcyKs33s2FIxqg="}},"BW7W8AYrKayh0BeBWnMT4vQzdy1N6HyLjK9vq15SF6oK":{"chainKey":{"counter":0},"chainType":2,"messageKeys":{}},"BekKlFzVgT/utq3Z4rQZbrHI0sjU7dCNPGF1KVsN/eQ8":{"chainKey":{"counter":0},"chainType":2,"messageKeys":{}},"BfcLxEip5DrJgOkcjQvg+9CbBlJtqWXNi+fY/ZETFCYr":{"chainKey":{"counter":1,"key":"kTuEBlKX3kCdqH4T6WJIzSgWqKFflOInVTWRWslD+As="},"chainType":2,"messageKeys":{"0":"DZdIFfAGXtXG2ej05sQtXwCKmQswSIEcQLi26G+cAy8="}},"BQKM1zZqtf9DISgVImfod5SOuNcqYRg+/ywrnz2Pqb80":{"chainKey":{"counter":1,"key":"PcRz/Oo7+fEexOGpNCMKrSIPsYuD6THXoprKILEgwLw="},"chainType":1,"messageKeys":{}}}}},"version":"v1"}