{"_sessions":{"BV2nuqAUlScs8+9zhBrqWNNT6OtDDR25POoFs5A2wQ5b":{"registrationId":1270260667,"currentRatchet":{"ephemeralKeyPair":{"pubKey":"BdfBqZDMNe19QfnEusLCCj8eHNsuRmXYeCv3sk3qxD8o","privKey":"GD8GxToeIug2ErCEflUNQHFiTV1YBopVm9I3gUz45F8="},"lastRemoteEphemeralKey":"BQXcCTWqZj06AKssaSEVd+Y8oEzCu8i4uD0vGJxlphp+","previousCounter":0,"rootKey":"HmJQqQECE0ZkMsS+ChPacLhxpxv9xH+VrFXettI/f54="},"indexInfo":{"baseKey":"BV2nuqAUlScs8+9zhBrqWNNT6OtDDR25POoFs5A2wQ5b","baseKeyType":2,"closed":-1,"used":1731707371723,"created":1731707371723,"remoteIdentityKey":"BQXIeYWSIHA+zV1cxe39kceYSZAD3Nkodr0VL5j6E8s+"},"_chains":{"BQXcCTWqZj06AKssaSEVd+Y8oEzCu8i4uD0vGJxlphp+":{"chainKey":{"counter":1,"key":"kH5LPWb5suXQnMjlCKaXXTjWFwq2XazWV8fmTfivjkI="},"chainType":2,"messageKeys":{}},"BdfBqZDMNe19QfnEusLCCj8eHNsuRmXYeCv3sk3qxD8o":{"chainKey":{"counter":-1,"key":"GfsNBXYsC/fN/PYVRT5nvMiEEd9cxL0PLIGx5YI2XvM="},"chainType":1,"messageKeys":{}}}}},"version":"v1"}