{"_sessions":{"BS7HvMOzS8ljbw9eRGk8FLj+GySkfCXEuWuBK+S6fk4F":{"registrationId":69841734,"currentRatchet":{"ephemeralKeyPair":{"pubKey":"BVdj1WHK27tdM+X1gYH7UGmQwHNMYLG+UEuaWgPTqQ1O","privKey":"GO9FlEwUDS8/V/xjNri+CqHf/Gk0kpAqTYGbBl8nAUI="},"lastRemoteEphemeralKey":"BQxV6E+zcaJzd3a1df81CiVv9IO5KgksyhbUxTBsZFJw","previousCounter":0,"rootKey":"MiqvBLHGcpO/t+6N4IVV5CfX9arN/hzO3C2/DlPZLiQ="},"indexInfo":{"baseKey":"BS7HvMOzS8ljbw9eRGk8FLj+GySkfCXEuWuBK+S6fk4F","baseKeyType":1,"closed":1731669274983,"used":1731669260473,"created":1731669260473,"remoteIdentityKey":"BSnvD6fhptOyzIl7CoNXZOBcpBYEab0sFFoCkcJm3eVU"},"_chains":{"BVdj1WHK27tdM+X1gYH7UGmQwHNMYLG+UEuaWgPTqQ1O":{"chainKey":{"counter":0,"key":"fzQm+wg/lTZPlzfEmRpTeKnBZx00wHrblUz7Eock7Dk="},"chainType":1,"messageKeys":{}}},"pendingPreKey":{"signedKeyId":0,"baseKey":"BS7HvMOzS8ljbw9eRGk8FLj+GySkfCXEuWuBK+S6fk4F","preKeyId":13256662}},"BbKSF/facb7X6YCHiZO0ugTsnblaa08vlJBGKyoYgVRu":{"registrationId":69841734,"currentRatchet":{"ephemeralKeyPair":{"pubKey":"BfNJ95rkeJX971wtVfME/0zN41XiqKommbokdKoIZg8Q","privKey":"2K8BTewC6Nntw/oOiWJxMtIl+EIA5bSk+KuLO6CrvVo="},"lastRemoteEphemeralKey":"BQxV6E+zcaJzd3a1df81CiVv9IO5KgksyhbUxTBsZFJw","previousCounter":0,"rootKey":"0+yCRub5kyBaZ/6xOscfz7wGPctC5NXmjCGeex+3kz4="},"indexInfo":{"baseKey":"BbKSF/facb7X6YCHiZO0ugTsnblaa08vlJBGKyoYgVRu","baseKeyType":1,"closed":-1,"used":1731669274287,"created":1731669274287,"remoteIdentityKey":"BSnvD6fhptOyzIl7CoNXZOBcpBYEab0sFFoCkcJm3eVU"},"_chains":{"BfNJ95rkeJX971wtVfME/0zN41XiqKommbokdKoIZg8Q":{"chainKey":{"counter":64,"key":"Baj78AHXU3XeY3vf7u486yVEge8ogSxqMfrP0pthKxE="},"chainType":1,"messageKeys":{}}},"pendingPreKey":{"signedKeyId":0,"baseKey":"BbKSF/facb7X6YCHiZO0ugTsnblaa08vlJBGKyoYgVRu","preKeyId":13256713}}},"version":"v1"}