{"_sessions":{"BfEa6ymVnhZCI5nl7QehIFpP8DqteUAHI9tgtyaTyz1V":{"registrationId":1487718921,"currentRatchet":{"ephemeralKeyPair":{"pubKey":"BT2Mp3628XVZFYL7jcm/mZDwxeeMnWkr/3HV8sS0EUwL","privKey":"eIlC3lVxrjACaDKxCW2vKJ3KUEhTP5Zw3yvLrlbO3HE="},"lastRemoteEphemeralKey":"BXUSNnczv+d/lUPNPycGa8/XzFDUjjdbxO8YqkrpjVtH","previousCounter":0,"rootKey":"oR1ThjmOt1L53/aLcZNHCf6odJwNVaPwCNz/+j1qfj8="},"indexInfo":{"baseKey":"BfEa6ymVnhZCI5nl7QehIFpP8DqteUAHI9tgtyaTyz1V","baseKeyType":2,"closed":-1,"used":1731724151890,"created":1731724151890,"remoteIdentityKey":"Bf22r6AvZ+iXctOBKdclIDjIU+pdJtH5BVLFucobAx0p"},"_chains":{"BXUSNnczv+d/lUPNPycGa8/XzFDUjjdbxO8YqkrpjVtH":{"chainKey":{"counter":0,"key":"0MixLE+wSTvmHzKM9BKEWR7tAN2/HMK/johoCmPHjs0="},"chainType":2,"messageKeys":{}},"BT2Mp3628XVZFYL7jcm/mZDwxeeMnWkr/3HV8sS0EUwL":{"chainKey":{"counter":-1,"key":"jTVngEcQF5UxOuK0LR1kwhcR1wMKJVGRHBVeEy1JhU8="},"chainType":1,"messageKeys":{}}}}},"version":"v1"}