{"_sessions":{"BdNBlquwYv/yPz68yyITD3XxtJHV87yFrR1HSGzZBhYv":{"registrationId":755964660,"currentRatchet":{"ephemeralKeyPair":{"pubKey":"Bb2dl2IYgVfm8TZ+HK1KrGXHU0cLlciuwOARF1XfZWtW","privKey":"aOv7HlJHPS7pyv2dUbHNIBYPMYb+ECbg1GCcLWy43lE="},"lastRemoteEphemeralKey":"BWGKQmr+rLQlUKFCgwUC3144oWItcqY7JJS8DxU0t4on","previousCounter":0,"rootKey":"B3+Rz89uQW4O+Ci4va7xOfaJynPcxAQ1bqyRo2w3zAQ="},"indexInfo":{"baseKey":"BdNBlquwYv/yPz68yyITD3XxtJHV87yFrR1HSGzZBhYv","baseKeyType":1,"closed":1731669274840,"used":1731669258393,"created":1731669258393,"remoteIdentityKey":"BYfDGIEm0qE9HeVhqUdV3H5SeFtG6okS4uMKUQRBdW9G"},"_chains":{"Bb2dl2IYgVfm8TZ+HK1KrGXHU0cLlciuwOARF1XfZWtW":{"chainKey":{"counter":0,"key":"uNlj5rF+PCHVQHEeIyRkA8R7nHJhtBq1TBuQPXgEQ6w="},"chainType":1,"messageKeys":{}}},"pendingPreKey":{"signedKeyId":1,"baseKey":"BdNBlquwYv/yPz68yyITD3XxtJHV87yFrR1HSGzZBhYv","preKeyId":975410}},"BadtF6g/opdYx2mWnPw/N1MJAbU3oDuYATa+LvfdyGR7":{"registrationId":755964660,"currentRatchet":{"ephemeralKeyPair":{"pubKey":"BVQf9Z4OVjti0wpRKk7g1xHoNo4hNmhhcfV1UzCVCZIy","privKey":"cOn1UMPA1gZQRiW92YbQwbrR57gVGCWck74WbfGpGEM="},"lastRemoteEphemeralKey":"BZORFhhV5OJOkqkxcH+8anm5XPb2FiKOuYsgtQnEdxEr","previousCounter":14,"rootKey":"StSxMlEinuDuWdwFHjaQVnq6VZh928xmFQ0mh2KKxAE="},"indexInfo":{"baseKey":"BadtF6g/opdYx2mWnPw/N1MJAbU3oDuYATa+LvfdyGR7","baseKeyType":1,"closed":-1,"used":1731924068566,"created":1731669272280,"remoteIdentityKey":"BYfDGIEm0qE9HeVhqUdV3H5SeFtG6okS4uMKUQRBdW9G"},"_chains":{"BaMCFhY+C572CiXOMF+iWxdYxYE/635SCjsKvK8E5x0m":{"chainKey":{"counter":0},"chainType":2,"messageKeys":{}},"BWadcAfz1FWdicp3e3OpkN2+eWldETZBZIQfV1/b0x1/":{"chainKey":{"counter":0},"chainType":2,"messageKeys":{}},"BZORFhhV5OJOkqkxcH+8anm5XPb2FiKOuYsgtQnEdxEr":{"chainKey":{"counter":0,"key":"oaW0B3dHOmb+nbC19h4rEkRR633VRSEI8pCbyCpBplA="},"chainType":2,"messageKeys":{}},"BVQf9Z4OVjti0wpRKk7g1xHoNo4hNmhhcfV1UzCVCZIy":{"chainKey":{"counter":8,"key":"4qVsHpXbTKNuWmBIYUijz5Kn6ZqizNaifFDEx6DiEc0="},"chainType":1,"messageKeys":{}}}}},"version":"v1"}