{"_sessions":{"BZ5W4+Aflj+oI0ArEol78+MZrP3XkPkVigxsslaamxYh":{"registrationId":467830435,"currentRatchet":{"ephemeralKeyPair":{"pubKey":"BaEVYG86zKQwUvfHAa3dLHlZ+ba7jnS0EVormhcx07w4","privKey":"0ESPi59UEgT5Pop479dtGI+KaPtXFJRYYMxQAxoggkw="},"lastRemoteEphemeralKey":"BVKgow7f2XdeG3jLLXxM+TcHvLkSyDSwU3ekX4FJnXQU","previousCounter":0,"rootKey":"8XTbFSHi64r602gj3ssEUu0BD1b13m1Sq36eveJp8i8="},"indexInfo":{"baseKey":"BZ5W4+Aflj+oI0ArEol78+MZrP3XkPkVigxsslaamxYh","baseKeyType":2,"closed":1731725194351,"used":1731725193159,"created":1731725193159,"remoteIdentityKey":"BTZNpgUEyLUdbX3D9W8Vd85nrm7Xgpf8SYOWxLU7xEla"},"_chains":{"BVKgow7f2XdeG3jLLXxM+TcHvLkSyDSwU3ekX4FJnXQU":{"chainKey":{"counter":0,"key":"+xjefhTz08YTwN86So22xp82HvaRr8SI6IH1atDcCb8="},"chainType":2,"messageKeys":{}},"BaEVYG86zKQwUvfHAa3dLHlZ+ba7jnS0EVormhcx07w4":{"chainKey":{"counter":-1,"key":"is4235ycruRhWMfGUgJAhEZZdeTlNJ5oXRZaEZYe2FU="},"chainType":1,"messageKeys":{}}}},"BbBiupbbmWAyX22mEUviFXcLVNVqAtHMD4DmoyGiIONc":{"registrationId":467830435,"currentRatchet":{"ephemeralKeyPair":{"pubKey":"BQParOAq/rB/lJF67SLAUaRMl42D85RMU45PjztM+cFZ","privKey":"2PnC4lca7WsR65Fx+3fx71tkx1x7Cm+vBZvbjNEWdFs="},"lastRemoteEphemeralKey":"BRY6WMTcW42qTVlptHeIZ8cImK7EJ4Do2jbkkw/bZ6de","previousCounter":0,"rootKey":"UUmm0UF7PvV1Vi1t/ZFhgZAm0HSKV83GB7RSNo/5+To="},"indexInfo":{"baseKey":"BbBiupbbmWAyX22mEUviFXcLVNVqAtHMD4DmoyGiIONc","baseKeyType":2,"closed":-1,"used":1731725194363,"created":1731725194363,"remoteIdentityKey":"BTZNpgUEyLUdbX3D9W8Vd85nrm7Xgpf8SYOWxLU7xEla"},"_chains":{"BRY6WMTcW42qTVlptHeIZ8cImK7EJ4Do2jbkkw/bZ6de":{"chainKey":{"counter":12,"key":"y+24IOa611u2sAveuRST+WMZTgwQwc87lFsLG5a1GhU="},"chainType":2,"messageKeys":{"6":"heknvRbY8+GjYCdn2VtVq18HQpHtXPmC18fES6KhTK8=","8":"IPNTKvskV/ayI1sv8wOY60UgfNQLGrh+gpjgKSt8q2g=","9":"0WT5gZqCt3tKc2PHoMQ4TfaYzNT+gztJX6rUEykECxQ="}},"BQParOAq/rB/lJF67SLAUaRMl42D85RMU45PjztM+cFZ":{"chainKey":{"counter":-1,"key":"BPT2o8F/0It1dG1elEZ7Cpx3oCP6fpOdaoRX2bHgEuM="},"chainType":1,"messageKeys":{}}}}},"version":"v1"}