{"_sessions":{"BQAV4ueuocdwDpErQQ0X2ZkF4GnMElgxMuB4taOtp3BH":{"registrationId":1429179995,"currentRatchet":{"ephemeralKeyPair":{"pubKey":"BVZJIhn7K3Z0CU2WTy88BmcIg0Z5YzHDmyiliT7HDK9h","privKey":"KGyfdz0yNsHIFmGMYtBS/xPNCWG5qEqS3b1pgTQEmH8="},"lastRemoteEphemeralKey":"BdMsMQFBsHiw9A9NsF8hMqcRU+SNHpmjfqz5/tYuNEAk","previousCounter":0,"rootKey":"yjAuWHEjGJozfOWfoKfaBmPf/O4VUjQlKeYkQDV3LBU="},"indexInfo":{"baseKey":"BQAV4ueuocdwDpErQQ0X2ZkF4GnMElgxMuB4taOtp3BH","baseKeyType":1,"closed":-1,"used":1731675283355,"created":1731675283355,"remoteIdentityKey":"BTgV4xUabqJP8A72mhVftxGMst/cW3dGZOT3gpyI7msV"},"_chains":{"BVZJIhn7K3Z0CU2WTy88BmcIg0Z5YzHDmyiliT7HDK9h":{"chainKey":{"counter":0,"key":"QYV5JrSZX6EIII96NmYYfLU64g8SF5r2uL2Cs+Ay7dU="},"chainType":1,"messageKeys":{}}},"pendingPreKey":{"signedKeyId":0,"baseKey":"BQAV4ueuocdwDpErQQ0X2ZkF4GnMElgxMuB4taOtp3BH","preKeyId":10778875}}},"version":"v1"}