{"_sessions":{"BUZB+F42wZrMzaVuwZHDUYuLKxVgAYNOvhQnsSTW8PQc":{"registrationId":1332232673,"currentRatchet":{"ephemeralKeyPair":{"pubKey":"BaivGUIHWy5aGiP+F4rUwj41eicSwL/WCpoey3dRarsc","privKey":"oKyb81I9fZl/Ehm08LFFn/f25zD6j2mS0hUDVh24KlA="},"lastRemoteEphemeralKey":"BRVtWvzwlO1vll6Mc6GiUlcXrM7NUpFt953QyGv2oQh7","previousCounter":0,"rootKey":"i0Xmm1legvuKdu4DP7kYxm9cckpDJmKdIvR9c/XKelE="},"indexInfo":{"baseKey":"BUZB+F42wZrMzaVuwZHDUYuLKxVgAYNOvhQnsSTW8PQc","baseKeyType":1,"closed":-1,"used":1731852918701,"created":1731852918701,"remoteIdentityKey":"BaZ3F+gYBBxycAYr6qXjpkOVlRd4IPTcMbAJGQ4pcnNO"},"_chains":{"BaivGUIHWy5aGiP+F4rUwj41eicSwL/WCpoey3dRarsc":{"chainKey":{"counter":0,"key":"lsVWPPJD9jH7ijqaxmzjbDHO+8Nbd4Mmsu1vsMGUt+4="},"chainType":1,"messageKeys":{}}},"pendingPreKey":{"signedKeyId":9,"baseKey":"BUZB+F42wZrMzaVuwZHDUYuLKxVgAYNOvhQnsSTW8PQc","preKeyId":12536873}}},"version":"v1"}