{"_sessions":{"BUQshKyBRRK6L40ZGZEBwy0bpZ/CApEadolbIyVIGs4P":{"registrationId":1648955805,"currentRatchet":{"ephemeralKeyPair":{"pubKey":"Bf48+qnY2BPuhauNff4DRZDK3ErIXZx8mzyzjs8IaHIS","privKey":"uO9wGA/VtxTh7/Hznk9d1aJbACSI45jVTkZpE5kBTkc="},"lastRemoteEphemeralKey":"BQSuo6cDgLmhfLuFV4fe4e/9vCdZ72nL4YloqSR3SSRA","previousCounter":0,"rootKey":"jsQX6pjeurcZZX/6NOdv57ANa7PeoCEe9c1iKebkNIs="},"indexInfo":{"baseKey":"BUQshKyBRRK6L40ZGZEBwy0bpZ/CApEadolbIyVIGs4P","baseKeyType":1,"closed":1731669274911,"used":1731669259774,"created":1731669259774,"remoteIdentityKey":"Be5zVgVOeoiXuarbj3lwy8tl1gNPRb3St9+TdQ8zfxdf"},"_chains":{"Bf48+qnY2BPuhauNff4DRZDK3ErIXZx8mzyzjs8IaHIS":{"chainKey":{"counter":0,"key":"5bOpMh5+rFPKm5Ab+XBIc6DSjLYCCuamqqlqHTJkL2E="},"chainType":1,"messageKeys":{}}},"pendingPreKey":{"signedKeyId":0,"baseKey":"BUQshKyBRRK6L40ZGZEBwy0bpZ/CApEadolbIyVIGs4P","preKeyId":5426816}},"BXUh2A6bivybtVfKAQjOH8MPbZ/tcpe+Aw0C2b3UlldI":{"registrationId":1648955805,"currentRatchet":{"ephemeralKeyPair":{"pubKey":"Ba1CyW0nYnvIoay6OAwBcd/JUZcV9oqOucXLcy3BQxMP","privKey":"2I/t9YG/TVZW3RjftVwedWF6GkJBK9FSOrRptfCeGkc="},"lastRemoteEphemeralKey":"BWfUmbCUgC24Hc0J3xyxxwtqjFezr27jFoO5QqX6iwk0","previousCounter":9,"rootKey":"mV/bxGqgw/OaZ7endptcfRPWAcKOlSbvEVY0D+AblGI="},"indexInfo":{"baseKey":"BXUh2A6bivybtVfKAQjOH8MPbZ/tcpe+Aw0C2b3UlldI","baseKeyType":1,"closed":-1,"used":1731837756880,"created":1731669273652,"remoteIdentityKey":"Be5zVgVOeoiXuarbj3lwy8tl1gNPRb3St9+TdQ8zfxdf"},"_chains":{"BeXr4CBUkadeCELNbeokxCY7QmIWKRX8NqPbP49/GgFQ":{"chainKey":{"counter":0},"chainType":2,"messageKeys":{}},"BWfUmbCUgC24Hc0J3xyxxwtqjFezr27jFoO5QqX6iwk0":{"chainKey":{"counter":0,"key":"x0E/6anc83PHxFqdfxW4+j9WEsAoxst7RcJ2e6EoJLE="},"chainType":2,"messageKeys":{}},"Ba1CyW0nYnvIoay6OAwBcd/JUZcV9oqOucXLcy3BQxMP":{"chainKey":{"counter":23,"key":"mhV/aHgO6KDSk652udEQ2bYiMnhvc4+6SqMrQ4GK6Hc="},"chainType":1,"messageKeys":{}}}}},"version":"v1"}