{"_sessions":{"Ba5SbhNCqFtJc79w/tsT1k/fcDY/4M0lysnHW+dZCQRP":{"registrationId":1949064920,"currentRatchet":{"ephemeralKeyPair":{"pubKey":"BUmPry2r5nF+wIzEgo6Ba7qk601CJlzx70cjOVMZJOsY","privKey":"MGSQSbXkRf+u02Ownix4aF3pfCJzKOT9y4pjvEwjFng="},"lastRemoteEphemeralKey":"BdTUO9UH5PZ3hTO//E36sfZ7RGSUhV2dhDiODRviooc6","previousCounter":0,"rootKey":"0udUKO+fzYXyEYRts4lJFqqgob2ZaIfTSERrrqiD4n0="},"indexInfo":{"baseKey":"Ba5SbhNCqFtJc79w/tsT1k/fcDY/4M0lysnHW+dZCQRP","baseKeyType":1,"closed":1731669274912,"used":1731669259801,"created":1731669259801,"remoteIdentityKey":"BVKlxsvUPmpHx8LzLRvW/QaHQjxoPd90xlewtLL7X6U8"},"_chains":{"BUmPry2r5nF+wIzEgo6Ba7qk601CJlzx70cjOVMZJOsY":{"chainKey":{"counter":0,"key":"ZOILo7iYQwTn2Z5IzCD9AXlB2HN587vA29+S+wMgYNg="},"chainType":1,"messageKeys":{}}},"pendingPreKey":{"signedKeyId":2,"baseKey":"Ba5SbhNCqFtJc79w/tsT1k/fcDY/4M0lysnHW+dZCQRP","preKeyId":1678254}},"BeuvqH/dwnxnAciPdDAuyWyZd7o0+1zbY9T8DPv0O5RZ":{"registrationId":1949064920,"currentRatchet":{"ephemeralKeyPair":{"pubKey":"BVjL/2sMjiJOBTgiixFmisRgFQGoLDIFYgeMc+fnDy96","privKey":"yAcV04ppeITroYC+zaYhzJ5t0vIznAzjsb1OL0cp8Wg="},"lastRemoteEphemeralKey":"BeT8DHU5HUfj5pELz8+eqPYOGytQ3wucwR1yWygXGjQa","previousCounter":14,"rootKey":"cQZm1vHFCCRleXtYEzixSK4e3NqXnQ6GNnWY9vu4Mos="},"indexInfo":{"baseKey":"BeuvqH/dwnxnAciPdDAuyWyZd7o0+1zbY9T8DPv0O5RZ","baseKeyType":1,"closed":-1,"used":1731924065660,"created":1731669273677,"remoteIdentityKey":"BVKlxsvUPmpHx8LzLRvW/QaHQjxoPd90xlewtLL7X6U8"},"_chains":{"BdeKMDv2OBcpnOmkSisGSjfm5Mq9P6SH+2z+c5PULGc7":{"chainKey":{"counter":0},"chainType":2,"messageKeys":{}},"BXgKEjE+uGf42VQiNbfCa3n0UUZKOUBqXanzYI8n1ORZ":{"chainKey":{"counter":0},"chainType":2,"messageKeys":{}},"BeT8DHU5HUfj5pELz8+eqPYOGytQ3wucwR1yWygXGjQa":{"chainKey":{"counter":0,"key":"C2+sl1niBLypv7FS5nSy02sx5PdcYWZmeFRlSeZerLA="},"chainType":2,"messageKeys":{}},"BVjL/2sMjiJOBTgiixFmisRgFQGoLDIFYgeMc+fnDy96":{"chainKey":{"counter":17,"key":"o9lOyz9lWJhdV+43KzTjDn67WVevGGeeRXPoGV1TJvo="},"chainType":1,"messageKeys":{}}}}},"version":"v1"}