{"_sessions":{"BXxXLU3GeDGC18t0I4Mn2c/jCNOWMkm4oi5QXNAW6+51":{"registrationId":548141413,"currentRatchet":{"ephemeralKeyPair":{"pubKey":"BZR/w++DX0kkoHLcn0eq6ZGDNFnqi5WiHqelZSykydxQ","privKey":"OHdwZjxOHr3MuGslxog7BMNJJovvP6LVcL5KOB6+lUI="},"lastRemoteEphemeralKey":"BTlXwT3zdIYUJ4ro8252FUaIihVkHeraXlXNrBGFGcV0","previousCounter":0,"rootKey":"irAOxyr/th9lbloqVQgKrk5jM9fF9gpErjSgV/gYQpM="},"indexInfo":{"baseKey":"BXxXLU3GeDGC18t0I4Mn2c/jCNOWMkm4oi5QXNAW6+51","baseKeyType":1,"closed":1731669274870,"used":1731669258902,"created":1731669258902,"remoteIdentityKey":"BZgT55D+2nbgvlB1YzlWs/88dNMIZrrPLi09gPwA60Bd"},"_chains":{"BZR/w++DX0kkoHLcn0eq6ZGDNFnqi5WiHqelZSykydxQ":{"chainKey":{"counter":0,"key":"Mk3V7Kv9+IU/mhAs/kgvXXeOYZJsY1wQCl3TXja+lV8="},"chainType":1,"messageKeys":{}}},"pendingPreKey":{"signedKeyId":15975463,"baseKey":"BXxXLU3GeDGC18t0I4Mn2c/jCNOWMkm4oi5QXNAW6+51","preKeyId":37066}},"BTSNgOLhDJFB9v3miafE8wExL5+9AxhceTGfE5jNWqN8":{"registrationId":548141413,"currentRatchet":{"ephemeralKeyPair":{"pubKey":"BeG+Dsldw2uJlw/zkGSEdzYh5gfhXtuNfVBX5vpPsmpA","privKey":"oHq8CCy+FXydqT8laomwMAH2pkf9XMI1X2GDWscZen8="},"lastRemoteEphemeralKey":"BTlXwT3zdIYUJ4ro8252FUaIihVkHeraXlXNrBGFGcV0","previousCounter":0,"rootKey":"tYEtyND1YwhOajZRbZyWxngTZ9ZFjBbAcKjoJivWeDw="},"indexInfo":{"baseKey":"BTSNgOLhDJFB9v3miafE8wExL5+9AxhceTGfE5jNWqN8","baseKeyType":1,"closed":-1,"used":1731669272788,"created":1731669272788,"remoteIdentityKey":"BZgT55D+2nbgvlB1YzlWs/88dNMIZrrPLi09gPwA60Bd"},"_chains":{"BeG+Dsldw2uJlw/zkGSEdzYh5gfhXtuNfVBX5vpPsmpA":{"chainKey":{"counter":33,"key":"JlUVWXMhXEKocYkgDcy3INJBjCUO22BwcECqW1QTeLQ="},"chainType":1,"messageKeys":{}}},"pendingPreKey":{"signedKeyId":15975463,"baseKey":"BTSNgOLhDJFB9v3miafE8wExL5+9AxhceTGfE5jNWqN8","preKeyId":37210}}},"version":"v1"}