{"_sessions":{"BfjFu/ktXwGa/u4Vd/I/ArVSpelVDbs8Fi8jTZEy1lIf":{"registrationId":919018648,"currentRatchet":{"ephemeralKeyPair":{"pubKey":"BasvtY4cY+5aPKQTNrM087oPIi3W6qg62w/99klAAUFq","privKey":"8Bv/a9K+3jE0hzgYBHiZa81NgSYG+J47SBnlFMS8yWI="},"lastRemoteEphemeralKey":"BS4D7grZsVfJ5273vPH7J0eGJcVJV0fTlT4wo4knLydz","previousCounter":1,"rootKey":"bkqLvk1AfewmXj0LPJQ5veTPnuOV8Mubn1Kn5IGIgEg="},"indexInfo":{"baseKey":"BfjFu/ktXwGa/u4Vd/I/ArVSpelVDbs8Fi8jTZEy1lIf","baseKeyType":2,"closed":-1,"used":1732028369665,"created":1731681941653,"remoteIdentityKey":"BbifcWDuvE/FTTnxYBGnbz5pHQNI2YGrdSWk+5W8ae88"},"_chains":{"Bb7YSOBaFkkefh+Jq3GaGtFaJ51oukpbdOs+jvIHYBIo":{"chainKey":{"counter":4},"chainType":2,"messageKeys":{}},"BS4D7grZsVfJ5273vPH7J0eGJcVJV0fTlT4wo4knLydz":{"chainKey":{"counter":20,"key":"E6qnfGKot5DBVbdW5PhsonoMnbVdTfsYMLphswRVtsk="},"chainType":2,"messageKeys":{}},"BasvtY4cY+5aPKQTNrM087oPIi3W6qg62w/99klAAUFq":{"chainKey":{"counter":-1,"key":"eZMlDnfL0sEX6UreaXkLj1DluF0ySpQ5GmL5ARdiLgY="},"chainType":1,"messageKeys":{}}}}},"version":"v1"}