{"_sessions":{"BW9zplvJZ8rxei/fxWDaXej+uaXSgehF9K6+Evl7ZDx5":{"registrationId":1203766714,"currentRatchet":{"ephemeralKeyPair":{"pubKey":"BTsf1L0dJ3l6CrbpmmL3dxaKu7E5LxbvjLGPV7mAEwoD","privKey":"8DMJ4ZWsrj1bKICfFe8dHowpawYQSzStViPYfaqf7WM="},"lastRemoteEphemeralKey":"BRuwNWNNnE2g1f20lHLTzoelzPD7klAE10VpToqDKZh+","previousCounter":0,"rootKey":"lYFIyQ21CxaaTjQ9czvSOtiNmFdJAo223LY1qGELoVw="},"indexInfo":{"baseKey":"BW9zplvJZ8rxei/fxWDaXej+uaXSgehF9K6+Evl7ZDx5","baseKeyType":1,"closed":1731669274843,"used":1731669258429,"created":1731669258429,"remoteIdentityKey":"BavsEeKOWQ5mI47Zyh8YNsFDBBJo+coaIVL0X1w6Hf55"},"_chains":{"BTsf1L0dJ3l6CrbpmmL3dxaKu7E5LxbvjLGPV7mAEwoD":{"chainKey":{"counter":0,"key":"3DWFpnLY5AwOuBPeEVi++cIyXV3PV9q721jTa72HduQ="},"chainType":1,"messageKeys":{}}},"pendingPreKey":{"signedKeyId":13,"baseKey":"BW9zplvJZ8rxei/fxWDaXej+uaXSgehF9K6+Evl7ZDx5"}},"BYMwvXyguAxG1uvRQ/uuy8ajBj0vsA3JJ4WRW35t+5EM":{"registrationId":1203766714,"currentRatchet":{"ephemeralKeyPair":{"pubKey":"BQz2O8oARViyF71+LE2nZtx/MrtzpNC49VynX9ox0vhw","privKey":"EO55HZLQTCPNTm02xh+SsGBgvYXlTQ3/8BZY3PPKr20="},"lastRemoteEphemeralKey":"BRuwNWNNnE2g1f20lHLTzoelzPD7klAE10VpToqDKZh+","previousCounter":0,"rootKey":"70/fDiGCE4anFItAJ0yny84/IS45dnzhQ6gTrLZHtVc="},"indexInfo":{"baseKey":"BYMwvXyguAxG1uvRQ/uuy8ajBj0vsA3JJ4WRW35t+5EM","baseKeyType":1,"closed":-1,"used":1731669272320,"created":1731669272320,"remoteIdentityKey":"BavsEeKOWQ5mI47Zyh8YNsFDBBJo+coaIVL0X1w6Hf55"},"_chains":{"BQz2O8oARViyF71+LE2nZtx/MrtzpNC49VynX9ox0vhw":{"chainKey":{"counter":64,"key":"9x9/8xPeKnPJ3r0e6WVcSQs6ilj0ELnXxTbFJyHHDss="},"chainType":1,"messageKeys":{}}},"pendingPreKey":{"signedKeyId":13,"baseKey":"BYMwvXyguAxG1uvRQ/uuy8ajBj0vsA3JJ4WRW35t+5EM"}}},"version":"v1"}