{"_sessions":{"BQR8RZ6IMyl/2qAhe/UlON8gPGTf+WmvbWVLIbFfC09N":{"registrationId":1474153754,"currentRatchet":{"ephemeralKeyPair":{"pubKey":"BZd/mzVsL9JnEIPiGvOVJwYGebzgqF95IkgT34UleU1O","privKey":"gPl3v+utDcDevWiKPKNGr1CVUTC911gf+SUehNUGN2Q="},"lastRemoteEphemeralKey":"BUK+6gTy55/m8xgK+YeINuUHuZbaby2FI8CvV+Mkf+M9","previousCounter":0,"rootKey":"lbxf5voxZNqooKTzH8jx7iNkvoNXioSAemzqqs+rZX8="},"indexInfo":{"baseKey":"BQR8RZ6IMyl/2qAhe/UlON8gPGTf+WmvbWVLIbFfC09N","baseKeyType":1,"closed":1731669274896,"used":1731669259420,"created":1731669259420,"remoteIdentityKey":"BZhTkSyKGbGP6mBVeJgZnp7vQTPgvv5Ou4ZWYCIUTgFQ"},"_chains":{"BZd/mzVsL9JnEIPiGvOVJwYGebzgqF95IkgT34UleU1O":{"chainKey":{"counter":0,"key":"z4GUyNV/hPdeYY7a+LBaLPt8Wh+CDCmajS+HCpIJDWw="},"chainType":1,"messageKeys":{}}},"pendingPreKey":{"signedKeyId":14611321,"baseKey":"BQR8RZ6IMyl/2qAhe/UlON8gPGTf+WmvbWVLIbFfC09N","preKeyId":9388}},"BbbW5qeLb9RUPVfD/v9bQhPxMU4Pg6nQJzMpcJ7S771l":{"registrationId":1474153754,"currentRatchet":{"ephemeralKeyPair":{"pubKey":"BZUt7pLotb5Cx7GA3Jp/PXuYS6zqjMIQzGLATna3yspo","privKey":"MCGcaRFSQfUxeDvlyodI7BgvP4Y+KY24uTKsAiQxeng="},"lastRemoteEphemeralKey":"BUK+6gTy55/m8xgK+YeINuUHuZbaby2FI8CvV+Mkf+M9","previousCounter":0,"rootKey":"Af2zca+5+ZIdk6BqUJAn/ve6Rpm9xr9u3yj4kTPb1ew="},"indexInfo":{"baseKey":"BbbW5qeLb9RUPVfD/v9bQhPxMU4Pg6nQJzMpcJ7S771l","baseKeyType":1,"closed":-1,"used":1731669273305,"created":1731669273305,"remoteIdentityKey":"BZhTkSyKGbGP6mBVeJgZnp7vQTPgvv5Ou4ZWYCIUTgFQ"},"_chains":{"BZUt7pLotb5Cx7GA3Jp/PXuYS6zqjMIQzGLATna3yspo":{"chainKey":{"counter":64,"key":"qY+s2JUo+Fy7iNL8QoUM32xY7nAXRqWpUtgWPhowyt8="},"chainType":1,"messageKeys":{}}},"pendingPreKey":{"signedKeyId":14611321,"baseKey":"BbbW5qeLb9RUPVfD/v9bQhPxMU4Pg6nQJzMpcJ7S771l","preKeyId":9425}}},"version":"v1"}