{"_sessions":{"BRHB5eSG/laGSbpYS86d9lvwGyFK2AD9/hmRl1nFAkIf":{"registrationId":1737640725,"currentRatchet":{"ephemeralKeyPair":{"pubKey":"Bc6cXhA4bEg9VA1Dzaxgx5VhapFTl6Pue9gVi6xKxl5m","privKey":"qDSutDqnr5IqfiChnr4vbEOAxlIazq0/hhYlxdDWWmk="},"lastRemoteEphemeralKey":"BbAnU5Lpy/MwE7Pr/ehq84kzLdHPpu+v202psGAL2kRK","previousCounter":0,"rootKey":"4XuR2MphbbXNlVvrd/9+Cuz8NODULd2L7Mg14+vNpIo="},"indexInfo":{"baseKey":"BRHB5eSG/laGSbpYS86d9lvwGyFK2AD9/hmRl1nFAkIf","baseKeyType":1,"closed":1731669274961,"used":1731669259910,"created":1731669259910,"remoteIdentityKey":"BUcgiRRcqymCF3nYub72Bg8WxLEm6jgWkREtbHYL6ohP"},"_chains":{"Bc6cXhA4bEg9VA1Dzaxgx5VhapFTl6Pue9gVi6xKxl5m":{"chainKey":{"counter":0,"key":"VT2LjmcRqT3jYisv5yw1Nqtw+PJ4q9m1Gux2dHJZxhg="},"chainType":1,"messageKeys":{}}},"pendingPreKey":{"signedKeyId":2,"baseKey":"BRHB5eSG/laGSbpYS86d9lvwGyFK2AD9/hmRl1nFAkIf","preKeyId":5239502}},"BY7kcfS/UyGkSIW1ZIllEKMbu707e1X8Y/K+JApNV1I1":{"registrationId":1737640725,"currentRatchet":{"ephemeralKeyPair":{"pubKey":"BbFf9F4vKq/PSN1UesHaHewi7NOj7712yZmxSRXTd/Ae","privKey":"uEXjzgUBElVeCofPtQ2oCmxXa5Q5NjOgs01JAlmcAHE="},"lastRemoteEphemeralKey":"BT9Wnij5j/QSFRePsBZsHnLWwwEUNltjk/9Dq8/JYEBK","previousCounter":13,"rootKey":"XSLkd2gUZhLj17Suly/bcsSq15ChflwtHiRfHxyDT4c="},"indexInfo":{"baseKey":"BY7kcfS/UyGkSIW1ZIllEKMbu707e1X8Y/K+JApNV1I1","baseKeyType":1,"closed":-1,"used":1731924067916,"created":1731669273786,"remoteIdentityKey":"BUcgiRRcqymCF3nYub72Bg8WxLEm6jgWkREtbHYL6ohP"},"_chains":{"BQVLqBZ6uzQE9gguMrhvrrQG8T+jb1Woem/qRcczUsRq":{"chainKey":{"counter":0},"chainType":2,"messageKeys":{}},"BaXQOV3G9ZYPa9CNtrIQvaSpJMqCsS4N6I+yi8+fjQFe":{"chainKey":{"counter":0},"chainType":2,"messageKeys":{}},"BT9Wnij5j/QSFRePsBZsHnLWwwEUNltjk/9Dq8/JYEBK":{"chainKey":{"counter":0,"key":"F4JANE8spiFwakaUhOY1OWnhHdOXCNQ3C/SxVr8sTTw="},"chainType":2,"messageKeys":{}},"BbFf9F4vKq/PSN1UesHaHewi7NOj7712yZmxSRXTd/Ae":{"chainKey":{"counter":8,"key":"+B/mfipgcle9Vj8HcvY2PJfyp3kleW0zQn13tvndoWY="},"chainType":1,"messageKeys":{}}}}},"version":"v1"}