{"_sessions":{"BQ1/kfoyaWqOfpo3mHUpRu/PxIDTx2n7K+6kIY5finI2":{"registrationId":1774884719,"currentRatchet":{"ephemeralKeyPair":{"pubKey":"BQ7AlMBZ6EmbQybpXEwj9fyyC0tqyl/4CUpi4Gr82UJv","privKey":"QAo2beHUPkgWmi4dppu4UQWilwxjyfGaoisXJY6xmFk="},"lastRemoteEphemeralKey":"Bdorp48kZCfsQgC+zrIAYZB8I2/qMOcI5M+wlYykphUE","previousCounter":0,"rootKey":"/XHJX8L0H0ua/O3pR5UHvfIe9lJUv7l5DBAjO1+I8Ps="},"indexInfo":{"baseKey":"BQ1/kfoyaWqOfpo3mHUpRu/PxIDTx2n7K+6kIY5finI2","baseKeyType":1,"closed":-1,"used":1731761519389,"created":1731761519389,"remoteIdentityKey":"BWxT9QVaiPTqFdPrxLD7D6jz/Zgnsa4NZJ1vnm2ZHB1p"},"_chains":{"BQ7AlMBZ6EmbQybpXEwj9fyyC0tqyl/4CUpi4Gr82UJv":{"chainKey":{"counter":2,"key":"7jPZQAUNBus8p1hJ4ec961yBMi9gjfA1Se+ldY3fvXw="},"chainType":1,"messageKeys":{}}},"pendingPreKey":{"signedKeyId":8,"baseKey":"BQ1/kfoyaWqOfpo3mHUpRu/PxIDTx2n7K+6kIY5finI2","preKeyId":16745515}}},"version":"v1"}