{"_sessions":{"BT5IZVw7C4oCb2vsCGkQ4TLGhHXZi43ELVdSbeYbnxpb":{"registrationId":908150579,"currentRatchet":{"ephemeralKeyPair":{"pubKey":"BdRp0qGRNnhCre5cunRsJz2XulBw7jklKER9BVc695RS","privKey":"ICdkt/uRFYYlHvF8fZ5ioYwzr30/W60CHkv4WLTozWo="},"lastRemoteEphemeralKey":"BQjW67aCB8uwpvcsvQmdIaX0vTrp7KBU5AHE0U0XkWd/","previousCounter":0,"rootKey":"V+oVNeojTCVPoHUV6hWC46nwQnKoiH/jU0I42gnfPt8="},"indexInfo":{"baseKey":"BT5IZVw7C4oCb2vsCGkQ4TLGhHXZi43ELVdSbeYbnxpb","baseKeyType":1,"closed":1731770226556,"used":1731770223329,"created":1731770223329,"remoteIdentityKey":"BSQwOttnvlD12EHdEe0T61Lrc4Jz+7byhYudPTSYFmRO"},"_chains":{"BdRp0qGRNnhCre5cunRsJz2XulBw7jklKER9BVc695RS":{"chainKey":{"counter":0,"key":"1Od5UxjSqfeT5CRCFbjaOJg06Sa+eOBPlgtwtC+fzP0="},"chainType":1,"messageKeys":{}}},"pendingPreKey":{"signedKeyId":2,"baseKey":"BT5IZVw7C4oCb2vsCGkQ4TLGhHXZi43ELVdSbeYbnxpb","preKeyId":11989977}},"Beop07UUKiGcTX43uTuX1LgNzOPq0hSUYk7/ne7X2iou":{"registrationId":908150579,"currentRatchet":{"ephemeralKeyPair":{"pubKey":"BUPjZrdWgMqNOFrxSpniw6dsExjGpIYWsnYB91WV344F","privKey":"+PAtpEtoFmXOx1nKvU3ol3eLmeHCzA3KPzQYWp1Dh0E="},"lastRemoteEphemeralKey":"BQjW67aCB8uwpvcsvQmdIaX0vTrp7KBU5AHE0U0XkWd/","previousCounter":0,"rootKey":"y6nGeIFYDtgzlUghZtN/u34z5F9LGt5uhd9OgtQs4u0="},"indexInfo":{"baseKey":"Beop07UUKiGcTX43uTuX1LgNzOPq0hSUYk7/ne7X2iou","baseKeyType":1,"closed":-1,"used":1731770226177,"created":1731770226177,"remoteIdentityKey":"BSQwOttnvlD12EHdEe0T61Lrc4Jz+7byhYudPTSYFmRO"},"_chains":{"BUPjZrdWgMqNOFrxSpniw6dsExjGpIYWsnYB91WV344F":{"chainKey":{"counter":0,"key":"O5MJlyFvSbAkZS6RHWisD/NG4v8ttQoX9P3EG+C3Rq4="},"chainType":1,"messageKeys":{}}},"pendingPreKey":{"signedKeyId":2,"baseKey":"Beop07UUKiGcTX43uTuX1LgNzOPq0hSUYk7/ne7X2iou","preKeyId":11990209}}},"version":"v1"}