{"_sessions":{"BV21j9XivY38LuVzSLc39rVGI1sXpEpGbkk6u3vCxBpY":{"registrationId":2031882592,"currentRatchet":{"ephemeralKeyPair":{"pubKey":"BYfElPVRg57rloBXFIiG/qINlPTN1HENX09Leygk80k2","privKey":"4Lfoa3S0o0uCyUsX2Cuj4qdI+SJlKhCpv59dBeLuMXM="},"lastRemoteEphemeralKey":"BRSYe3SlcaBoy639q3RdXUNxfcslwtGUa4thLmLW0hBH","previousCounter":0,"rootKey":"B7y4mfZsNaNhRfc26Z1glCbUj1f5WwdAn6Y4HrAZPIw="},"indexInfo":{"baseKey":"BV21j9XivY38LuVzSLc39rVGI1sXpEpGbkk6u3vCxBpY","baseKeyType":1,"closed":1731669274864,"used":1731669258784,"created":1731669258784,"remoteIdentityKey":"BdeE2MGg70HitASorxKeyiBUK75nlJhlv7oyw4EbNWs4"},"_chains":{"BYfElPVRg57rloBXFIiG/qINlPTN1HENX09Leygk80k2":{"chainKey":{"counter":0,"key":"n8UsyYnNWVmEQd5sGyW39LqyyfREFmyQnqHgVtpnZCY="},"chainType":1,"messageKeys":{}}},"pendingPreKey":{"signedKeyId":0,"baseKey":"BV21j9XivY38LuVzSLc39rVGI1sXpEpGbkk6u3vCxBpY"}},"BTxp7IBnmgdQ5svM1xUlXkjP02q1rxfvhZjow1hptCMh":{"registrationId":2031882592,"currentRatchet":{"ephemeralKeyPair":{"pubKey":"BdxqXu4xKeE0dbz4cIx0RiKBD7umsQxeT3khwwPQiwJ7","privKey":"iKrMntSO3QWWSy+jX4PvIstY0EVCwU0d8Ur9eYqdFXA="},"lastRemoteEphemeralKey":"BRSYe3SlcaBoy639q3RdXUNxfcslwtGUa4thLmLW0hBH","previousCounter":0,"rootKey":"Mwr8m24xvGT8IC6DzoTheUIHJL8P1TLJ5YFNnXcYcz0="},"indexInfo":{"baseKey":"BTxp7IBnmgdQ5svM1xUlXkjP02q1rxfvhZjow1hptCMh","baseKeyType":1,"closed":-1,"used":1731669272686,"created":1731669272686,"remoteIdentityKey":"BdeE2MGg70HitASorxKeyiBUK75nlJhlv7oyw4EbNWs4"},"_chains":{"BdxqXu4xKeE0dbz4cIx0RiKBD7umsQxeT3khwwPQiwJ7":{"chainKey":{"counter":64,"key":"CiXRAbEzuzGVZfDdMc3vsO1qJvy8+Mw9wvlmBiaACxY="},"chainType":1,"messageKeys":{}}},"pendingPreKey":{"signedKeyId":0,"baseKey":"BTxp7IBnmgdQ5svM1xUlXkjP02q1rxfvhZjow1hptCMh"}}},"version":"v1"}