{"_sessions":{"BVixS91d4zswzrylLvdXZnA78dJnXV+3oAREV72Mr+xt":{"registrationId":272872711,"currentRatchet":{"ephemeralKeyPair":{"pubKey":"BVO5gnP69/16Iqf0eNRIoVaOFlE0cQAFC122zqKgTuFA","privKey":"+Ernk188Bp8jDjDkGNSvR+Eg9u4TReMURzh6/XvjZnY="},"lastRemoteEphemeralKey":"BVGPyt981TGcDrGT1ONt27hxLHhPXw/7p23FBOh9Y+II","previousCounter":0,"rootKey":"Ccb0my0kcSKCQut8Ua9Th5wZjkGC/09Kz+/CkFUioqw="},"indexInfo":{"baseKey":"BVixS91d4zswzrylLvdXZnA78dJnXV+3oAREV72Mr+xt","baseKeyType":2,"closed":-1,"used":1731684152420,"created":1731684152420,"remoteIdentityKey":"BQ9rRffRXq5soSwl4zv4xY2vTHkFJTkd6Fa9YjOJmZVS"},"_chains":{"BVGPyt981TGcDrGT1ONt27hxLHhPXw/7p23FBOh9Y+II":{"chainKey":{"counter":0,"key":"ElG6Pyj8EFh7aS+a3MBtdknCZjK2pf7qaGwdhZ4fXJw="},"chainType":2,"messageKeys":{}},"BVO5gnP69/16Iqf0eNRIoVaOFlE0cQAFC122zqKgTuFA":{"chainKey":{"counter":-1,"key":"+pfAACnlNFYAEoSWDPrkcOOKfS+ooysyMyQjS8dxMas="},"chainType":1,"messageKeys":{}}}}},"version":"v1"}