{"_sessions":{"BWk123IrC6to1xcjHuQaDOAXbALZuHfUAgzS63c4BU8I":{"registrationId":1576905219,"currentRatchet":{"ephemeralKeyPair":{"pubKey":"BaYajmqITYW6RnGjzU6tje4GRvzfrSRtTC5X66IC7JMa","privKey":"KK1oNVXWy8w1krl5g33T/VUHubCdUl2sIGnh9jolAlc="},"lastRemoteEphemeralKey":"BRZESNuq/VgMkUVih563C6+r5ETTMJ5E+r/z8ggbdSt/","previousCounter":0,"rootKey":"sTE9CunPwM2zgbRqtwhOnT6K7MSW7YncwidPJPyy6zk="},"indexInfo":{"baseKey":"BWk123IrC6to1xcjHuQaDOAXbALZuHfUAgzS63c4BU8I","baseKeyType":1,"closed":-1,"used":1731852918668,"created":1731852918668,"remoteIdentityKey":"BbTKyNUEg8SJih4pi/kWb7Mm65w49vdhqyVVOs/wDsFo"},"_chains":{"BaYajmqITYW6RnGjzU6tje4GRvzfrSRtTC5X66IC7JMa":{"chainKey":{"counter":0,"key":"IMYVmHR4JrsD8elnLF34vuSsdJ9huma9JkE/vTx2Plk="},"chainType":1,"messageKeys":{}}},"pendingPreKey":{"signedKeyId":5,"baseKey":"BWk123IrC6to1xcjHuQaDOAXbALZuHfUAgzS63c4BU8I","preKeyId":15537249}}},"version":"v1"}