{"_sessions":{"BXmAc44TvPPYEFSZu2oKCWvilI9GxA1F5yh9nu/uEhA+":{"registrationId":1915686087,"currentRatchet":{"ephemeralKeyPair":{"pubKey":"BUBF6haIIzkA/PvQ6YwWPUXsl3VQhFymMz6FiKA7jlU8","privKey":"6KFpy8yRhjARKh7E2CrZTpJRA4V0uoSIhj7vH5FPcmM="},"lastRemoteEphemeralKey":"BXyLVmpEr0NpX/SwXU0/iqkMC4BZImCr48AegyuAYb8r","previousCounter":0,"rootKey":"fH9IZu15DcPW396QHUUpgjHSgrg1R8y3DWfEAIiWBqE="},"indexInfo":{"baseKey":"BXmAc44TvPPYEFSZu2oKCWvilI9GxA1F5yh9nu/uEhA+","baseKeyType":1,"closed":-1,"used":1731905007521,"created":1731787255934,"remoteIdentityKey":"BX2EbQ4No3Fl97USm7nW4mF07nULHnzEpP0XuGLETy8F"},"_chains":{"BXyLVmpEr0NpX/SwXU0/iqkMC4BZImCr48AegyuAYb8r":{"chainKey":{"counter":0,"key":"vyE7A82uwkztzlg4DhS3wMgn6eou+SXzVUo+rmo5abU="},"chainType":2,"messageKeys":{}},"BUBF6haIIzkA/PvQ6YwWPUXsl3VQhFymMz6FiKA7jlU8":{"chainKey":{"counter":-1,"key":"PYGDzAKdN/fC+KivbWvwLZg3qhWi3iKlKOSc0EWyBeE="},"chainType":1,"messageKeys":{}}}}},"version":"v1"}