{"_sessions":{"BVi+JHnRKo4p3lbWctqp/aF1/i/0Xt18CnCfhc8x4icU":{"registrationId":533132959,"currentRatchet":{"ephemeralKeyPair":{"pubKey":"BeJyXdYuCbR9e83fC6wcy/SA2bGwD2G5Hzzr+gnEFd9G","privKey":"SKSfwsIn4xCAUjsTVrVLKgd4AWJxZhKLepymFsI8Ym4="},"lastRemoteEphemeralKey":"BbwEBQ+HrjdBjOuHrbtPIMszfxW7sRenHhe2aMWr7co9","previousCounter":0,"rootKey":"H8c3q0CTJf0Vg3LcKVmgPF/7rN/treOdlgjX7I5gqIA="},"indexInfo":{"baseKey":"BVi+JHnRKo4p3lbWctqp/aF1/i/0Xt18CnCfhc8x4icU","baseKeyType":1,"closed":1731669274844,"used":1731669258445,"created":1731669258445,"remoteIdentityKey":"BbjWRlk2lChrTkGGGvIqd/vYMg67D/VB3jgScV52UaRd"},"_chains":{"BeJyXdYuCbR9e83fC6wcy/SA2bGwD2G5Hzzr+gnEFd9G":{"chainKey":{"counter":0,"key":"OhfjKeJRZKvI7Ttcayvlaq8xZEjIhZ8xpTvEkKzUfKE="},"chainType":1,"messageKeys":{}}},"pendingPreKey":{"signedKeyId":11,"baseKey":"BVi+JHnRKo4p3lbWctqp/aF1/i/0Xt18CnCfhc8x4icU","preKeyId":9444932}},"BftmVOxhSCv64Tx6/wPyvzjVbPn1J0xbp/RMM3cXRJw5":{"registrationId":533132959,"currentRatchet":{"ephemeralKeyPair":{"pubKey":"BchWsFGNWH0ACUlg03Onag6+2N1wp9UdHtxvCz8nXCNn","privKey":"oCFWj3WdPOuP4RkYZ5VdGiOiZNYM9KqAFABFr9yBgnk="},"lastRemoteEphemeralKey":"BYU3Eo98yopolOM76pJC5Dp2eX/6dlqbeSEI7NyLitx4","previousCounter":14,"rootKey":"iSOsyvr2Oq+gM/S3rGNC1HH+dT+Dl2H6nLrJ4Uhf/Xc="},"indexInfo":{"baseKey":"BftmVOxhSCv64Tx6/wPyvzjVbPn1J0xbp/RMM3cXRJw5","baseKeyType":1,"closed":-1,"used":1731924064517,"created":1731669272337,"remoteIdentityKey":"BbjWRlk2lChrTkGGGvIqd/vYMg67D/VB3jgScV52UaRd"},"_chains":{"BVNychEXT/4yIo7k934uGD+1os4CyhwVXUEggrFOZwY9":{"chainKey":{"counter":1},"chainType":2,"messageKeys":{"0":"xnUfgK8wTD5k64ZoJiYZZekoMz015FloGAd1pTM7rcc="}},"BYU3Eo98yopolOM76pJC5Dp2eX/6dlqbeSEI7NyLitx4":{"chainKey":{"counter":0,"key":"43Wq5wS3F5WB1rNkDnutfg83RzD98Hiii8PMHf6V8bY="},"chainType":2,"messageKeys":{}},"BchWsFGNWH0ACUlg03Onag6+2N1wp9UdHtxvCz8nXCNn":{"chainKey":{"counter":8,"key":"JHOA6q5l+73pQ8qezuPWO4Y6J1DdbtzQmAx8N9khi9Q="},"chainType":1,"messageKeys":{}}}}},"version":"v1"}