{"_sessions":{"BQ6SKjzaso+2OD1kgvZmPzYz/UASEuZQMomNhDkwtv5Q":{"registrationId":9733,"currentRatchet":{"ephemeralKeyPair":{"pubKey":"BXMfTduGmZOTzfSDFpjzvESS3vuEH7SGKfl7O6UHt0Y9","privKey":"+MjW2TVEMweAuMeD64H9CkzoYCYhd30Q19pAsMF4oU8="},"lastRemoteEphemeralKey":"BRgFrebJQmUTBuqCdUGOF4NEtc5OMptSKL/J/wtqU90z","previousCounter":0,"rootKey":"D5oB4ngGJZ27xepTQJDlD0a49ClMFVbhozHPb06atqI="},"indexInfo":{"baseKey":"BQ6SKjzaso+2OD1kgvZmPzYz/UASEuZQMomNhDkwtv5Q","baseKeyType":1,"closed":-1,"used":1731754634867,"created":1731754634867,"remoteIdentityKey":"BV42LRNnWs910zcxqKo56780xEcLR7rbuqowvH2ThJNk"},"_chains":{"BXMfTduGmZOTzfSDFpjzvESS3vuEH7SGKfl7O6UHt0Y9":{"chainKey":{"counter":34,"key":"wrXoGon34AAbWF4Lw66I5EwvtLJsDiLYCgM9kZtsQoU="},"chainType":1,"messageKeys":{}}},"pendingPreKey":{"signedKeyId":1,"baseKey":"BQ6SKjzaso+2OD1kgvZmPzYz/UASEuZQMomNhDkwtv5Q","preKeyId":182}}},"version":"v1"}