{"_sessions":{"BZUBKeyoTwznmJE9sQBdxwIdZ2JoMs54Fx1+gK7CelJA":{"registrationId":1299,"currentRatchet":{"ephemeralKeyPair":{"pubKey":"BQRwi9qoKJunBXq/LEd6xiVFOAJDcMGNvCCThEdC12Mi","privKey":"0CzxGLhSXUiXogoJu9G6+W7Ux600PmSNg2bvofIzeXk="},"lastRemoteEphemeralKey":"BZPIhWEUih4rCxYAfzufC/9umE8GklT/FZN9E/Fl7ms8","previousCounter":0,"rootKey":"LNzGkdvPtWvfKsVbwlYzoa5rTXaKDLCwNAjAZ1EezAM="},"indexInfo":{"baseKey":"BZUBKeyoTwznmJE9sQBdxwIdZ2JoMs54Fx1+gK7CelJA","baseKeyType":1,"closed":1731669274825,"used":1731669258113,"created":1731669258113,"remoteIdentityKey":"BXVIUaYl+F2Pi81/ppnvgE7xTbC7zbMtNsNI+/Ko6VEM"},"_chains":{"BQRwi9qoKJunBXq/LEd6xiVFOAJDcMGNvCCThEdC12Mi":{"chainKey":{"counter":0,"key":"C5rNGMpFbcN7PUXrUL9X3ZDfZ0XEfDJLV1iG7TUG3xo="},"chainType":1,"messageKeys":{}}},"pendingPreKey":{"signedKeyId":1,"baseKey":"BZUBKeyoTwznmJE9sQBdxwIdZ2JoMs54Fx1+gK7CelJA"}},"Bd5gyC0hy9P3/gPot/tTjI9PT3352z5t4zbbYZbMtG1W":{"registrationId":1299,"currentRatchet":{"ephemeralKeyPair":{"pubKey":"BRfrczuQIfb1zz+z5w2YJVJLJURXHRaf0wVUfBXn6AB2","privKey":"0IgKU3EvztLDdZF2YNH1+D52ma2oMnhDA5i87T6+3FI="},"lastRemoteEphemeralKey":"BZPIhWEUih4rCxYAfzufC/9umE8GklT/FZN9E/Fl7ms8","previousCounter":0,"rootKey":"x3gAbQAv3UHp1/lH/od6Nir5Y6vWFtv2fCM4a2CzIrI="},"indexInfo":{"baseKey":"Bd5gyC0hy9P3/gPot/tTjI9PT3352z5t4zbbYZbMtG1W","baseKeyType":1,"closed":-1,"used":1731669272017,"created":1731669272017,"remoteIdentityKey":"BXVIUaYl+F2Pi81/ppnvgE7xTbC7zbMtNsNI+/Ko6VEM"},"_chains":{"BRfrczuQIfb1zz+z5w2YJVJLJURXHRaf0wVUfBXn6AB2":{"chainKey":{"counter":30,"key":"aqBbsIzE8tHT1TSLiL86Cq5cIGCIjQPl/F7yvXs55aM="},"chainType":1,"messageKeys":{}}},"pendingPreKey":{"signedKeyId":1,"baseKey":"Bd5gyC0hy9P3/gPot/tTjI9PT3352z5t4zbbYZbMtG1W"}}},"version":"v1"}