{"_sessions":{"BTAY7kUN6qbDci1k6BKpkcbbJC+vrzYMVnoTX+WZdOxG":{"registrationId":748446103,"currentRatchet":{"ephemeralKeyPair":{"pubKey":"Bc2x7OMjlUYl4CCAua1CUIf0YgYsQZLLHxZtgs/ArM8t","privKey":"ADCkduBop3mZJk8isYW8Ul8iC37kunDHifz6gbXN2Wk="},"lastRemoteEphemeralKey":"BQc9fO3YaRcIYlsKUmO3Bs+mPLiRepEtLYMAC0Sb5jwF","previousCounter":0,"rootKey":"7nskcGefLQngjgsoIuK0Ev4P83h0G8Bj6JU2tqjWenc="},"indexInfo":{"baseKey":"BTAY7kUN6qbDci1k6BKpkcbbJC+vrzYMVnoTX+WZdOxG","baseKeyType":1,"closed":1731669274996,"used":1731669260832,"created":1731669260832,"remoteIdentityKey":"BW9/C4T0b6he7sG+zFM3/nCKv2I9JcpBAbIkQE/g9IIt"},"_chains":{"Bc2x7OMjlUYl4CCAua1CUIf0YgYsQZLLHxZtgs/ArM8t":{"chainKey":{"counter":0,"key":"IgpspxAPsaYVN/ocdKzu7zUWz63NaNBgI2ugg2JYIN4="},"chainType":1,"messageKeys":{}}},"pendingPreKey":{"signedKeyId":3,"baseKey":"BTAY7kUN6qbDci1k6BKpkcbbJC+vrzYMVnoTX+WZdOxG","preKeyId":11709511}},"BVztQ6Tu9zzc8XdOS8RmZUrDRn0oBLy0slL6UuJ3irUC":{"registrationId":748446103,"currentRatchet":{"ephemeralKeyPair":{"pubKey":"BcfK/e/pyGi/3Deej3kKwGvxsyJThHzH/TFVYQ43zCV8","privKey":"GPm73HwEInid0izJ9w1Lk6Ir1hNoMxKxEi3vqheOhkM="},"lastRemoteEphemeralKey":"BZ92Lz9BvY7f/KdPfTkzkWdoymCftLLSuDDVJvKsmu0J","previousCounter":15,"rootKey":"naeMLtHHCzh5RuqKitwWDLfO+gMh4sSzIGFM/NFBj8Y="},"indexInfo":{"baseKey":"BVztQ6Tu9zzc8XdOS8RmZUrDRn0oBLy0slL6UuJ3irUC","baseKeyType":1,"closed":-1,"used":1731925923777,"created":1731669274618,"remoteIdentityKey":"BW9/C4T0b6he7sG+zFM3/nCKv2I9JcpBAbIkQE/g9IIt"},"_chains":{"Bds7pBcGl6V7MJHuuvLYXnnoEZB1MFoi9oSVS0Hm/aJI":{"chainKey":{"counter":0},"chainType":2,"messageKeys":{}},"Be6VIwz1TZ8757vHwuKAUCK2ni+pO+1l03/VOU7Gjp0U":{"chainKey":{"counter":0},"chainType":2,"messageKeys":{}},"BZ92Lz9BvY7f/KdPfTkzkWdoymCftLLSuDDVJvKsmu0J":{"chainKey":{"counter":0,"key":"4E//wYyuTEUd2CYfhCIOQHMWkAmOjyl7LoGudUW6EfI="},"chainType":2,"messageKeys":{}},"BcfK/e/pyGi/3Deej3kKwGvxsyJThHzH/TFVYQ43zCV8":{"chainKey":{"counter":7,"key":"t20OPAJlZaCulyKKlXScWv9EObOLsnT4+GOow/7rOfg="},"chainType":1,"messageKeys":{}}}}},"version":"v1"}