{"_sessions":{"BVx0rL3ozzxbnTp7apMP1xR9amaY5w4C1ZK6/sNAmcEc":{"registrationId":1801206238,"currentRatchet":{"ephemeralKeyPair":{"pubKey":"BdOQY5EXbBZEHZG7Kgu/O+MyWa4eyideBvp7ZDuwUlAB","privKey":"APO7mAyNDHhaSAITSRSrJxmd1BK+6xHlLhxDDFK2SFU="},"lastRemoteEphemeralKey":"BdllozZ2RUYggErKL0Wz1GxCzirMM0OPDizYRsnSw84X","previousCounter":0,"rootKey":"/faWYV1w/9DNHCKzC5DxcXY8mc5GYxThf7fKlX3UPjs="},"indexInfo":{"baseKey":"BVx0rL3ozzxbnTp7apMP1xR9amaY5w4C1ZK6/sNAmcEc","baseKeyType":1,"closed":1731770226584,"used":1731770223655,"created":1731770223655,"remoteIdentityKey":"BacPFnYuzOMIUclAcTVJ94lWYxR6HP7t3XFxaWhyvbh4"},"_chains":{"BdOQY5EXbBZEHZG7Kgu/O+MyWa4eyideBvp7ZDuwUlAB":{"chainKey":{"counter":0,"key":"tpuz7voOk3zTOAfuJwQHpbkmcISWQ9MsU+UnQ2I4Ayc="},"chainType":1,"messageKeys":{}}},"pendingPreKey":{"signedKeyId":3,"baseKey":"BVx0rL3ozzxbnTp7apMP1xR9amaY5w4C1ZK6/sNAmcEc","preKeyId":16084635}},"BbQilIGP0BdQ8IayV0jUXQXJaHzvSE0Y5hbjRVZizesF":{"registrationId":1801206238,"currentRatchet":{"ephemeralKeyPair":{"pubKey":"BahbhdMGC7LRbPtBxmT15eYy6oWfDuNID3C9zzfPDoBd","privKey":"EEQt8Tlsr5DWYv5YwIDwuIyyY+Q8RTjwmqPWXu+ibHk="},"lastRemoteEphemeralKey":"BdllozZ2RUYggErKL0Wz1GxCzirMM0OPDizYRsnSw84X","previousCounter":0,"rootKey":"wGawtPD25cX/hqeB0IdlTDN73Fp8smwL5cAEkXw5T5U="},"indexInfo":{"baseKey":"BbQilIGP0BdQ8IayV0jUXQXJaHzvSE0Y5hbjRVZizesF","baseKeyType":1,"closed":-1,"used":1731770226537,"created":1731770226537,"remoteIdentityKey":"BacPFnYuzOMIUclAcTVJ94lWYxR6HP7t3XFxaWhyvbh4"},"_chains":{"BahbhdMGC7LRbPtBxmT15eYy6oWfDuNID3C9zzfPDoBd":{"chainKey":{"counter":0,"key":"DaYUKObsfareC7PWH2jkDFSxcF72GtXX4yvprD5gGR0="},"chainType":1,"messageKeys":{}}},"pendingPreKey":{"signedKeyId":3,"baseKey":"BbQilIGP0BdQ8IayV0jUXQXJaHzvSE0Y5hbjRVZizesF","preKeyId":16084686}}},"version":"v1"}