{"_sessions":{"BRJKKMiPQkJOqrpXULrfqQwj6eX+tClUPaSt5+m9f7sg":{"registrationId":2078175716,"currentRatchet":{"ephemeralKeyPair":{"pubKey":"BdJQNy8X4P7SviYzLfLiH3Zx6dNn/tvCq9aR2ooBE7Ve","privKey":"IPP608YRvgB+ZLUXeYVt7jC7mQf9YthX3g9Jn9BmxnU="},"lastRemoteEphemeralKey":"BfPPtX2etStQdf3/feKeC1K5YWUwbYYzxanl+R4HZeIU","previousCounter":0,"rootKey":"klvTihorzQPrD4im458YgoEnOgl2Oyy1FLPFy79RJTI="},"indexInfo":{"baseKey":"BRJKKMiPQkJOqrpXULrfqQwj6eX+tClUPaSt5+m9f7sg","baseKeyType":1,"closed":1731669274906,"used":1731669259642,"created":1731669259642,"remoteIdentityKey":"BYZBJp92O2/XuoyYfebDoHeZUo5/D3DkepmgPCRJFyJp"},"_chains":{"BdJQNy8X4P7SviYzLfLiH3Zx6dNn/tvCq9aR2ooBE7Ve":{"chainKey":{"counter":0,"key":"kYY/Efu7Tg62/5aIf9PF/6pREQi35Dw7jY0RMYRWEdE="},"chainType":1,"messageKeys":{}}},"pendingPreKey":{"signedKeyId":0,"baseKey":"BRJKKMiPQkJOqrpXULrfqQwj6eX+tClUPaSt5+m9f7sg"}},"BXDleddvM0heh5kW9P+WkQrCqOHWbi1TDsLykTj64SIK":{"registrationId":2078175716,"currentRatchet":{"ephemeralKeyPair":{"pubKey":"BcIWHclkswRQ3ma1ivT/Ka299C+RrMGDzipl/p76gV1u","privKey":"WGEN8sQ3+a6ngw0Grzmj6V3FxP6y8IRYlxvD4CxtO04="},"lastRemoteEphemeralKey":"BfPPtX2etStQdf3/feKeC1K5YWUwbYYzxanl+R4HZeIU","previousCounter":0,"rootKey":"zq9hZzDAMEdq8GGw5DwUdUzPCcdXkiXEGI0KHpPwDbY="},"indexInfo":{"baseKey":"BXDleddvM0heh5kW9P+WkQrCqOHWbi1TDsLykTj64SIK","baseKeyType":1,"closed":-1,"used":1731669273527,"created":1731669273527,"remoteIdentityKey":"BYZBJp92O2/XuoyYfebDoHeZUo5/D3DkepmgPCRJFyJp"},"_chains":{"BcIWHclkswRQ3ma1ivT/Ka299C+RrMGDzipl/p76gV1u":{"chainKey":{"counter":64,"key":"Hde5zRpo0uxyuztx50VkKV3YQ4Tn6SyyndFHQ6XSYrA="},"chainType":1,"messageKeys":{}}},"pendingPreKey":{"signedKeyId":0,"baseKey":"BXDleddvM0heh5kW9P+WkQrCqOHWbi1TDsLykTj64SIK"}}},"version":"v1"}