{"_sessions":{"BfIt8P8rXgd6NVHRpGhLDOfiuL8kuWFFuCnaSN7Vo6kD":{"registrationId":120,"currentRatchet":{"ephemeralKeyPair":{"pubKey":"BVbrfS5jNIv/vori7OO324IK3EHj4QQetN/E6jDyRL0X","privKey":"MDtJ2FRYEtVriR/P3+FMp3dPsQchoQbHcZBcv9FFVUA="},"lastRemoteEphemeralKey":"BRpTCBI5yvSbU4xy5swQd/roeHhNOIRyOgQ4bJl+eHUz","previousCounter":0,"rootKey":"jL97wZHPMsGOf7OlBd3cjg02RSEWpUzPQpqLmfBW7k4="},"indexInfo":{"baseKey":"BfIt8P8rXgd6NVHRpGhLDOfiuL8kuWFFuCnaSN7Vo6kD","baseKeyType":1,"closed":-1,"used":1731717275017,"created":1731717275017,"remoteIdentityKey":"Bctq/wQBWxRosEtDDB7FP9iBmFiBQH35vk3pNiEI2z4T"},"_chains":{"BVbrfS5jNIv/vori7OO324IK3EHj4QQetN/E6jDyRL0X":{"chainKey":{"counter":8,"key":"YytqBmuCoj5huxfoTl24FwreHmdkWjVUaOhtWF9AMvY="},"chainType":1,"messageKeys":{}}},"pendingPreKey":{"signedKeyId":1,"baseKey":"BfIt8P8rXgd6NVHRpGhLDOfiuL8kuWFFuCnaSN7Vo6kD","preKeyId":1}}},"version":"v1"}