{"_sessions":{"BXeRm1VtZsRq/l3UkRp74cualy4DlzM6j1JTP34KQatm":{"registrationId":4363,"currentRatchet":{"ephemeralKeyPair":{"pubKey":"BQg9sFFmAFKKyVpmdbvYqZpRSQB2TTct45Otgl4+07cS","privKey":"mBigkufqlpGBtUxsqbMHTw0Bn7+jn4WgIryKRQW0K3g="},"lastRemoteEphemeralKey":"BcIcyERwfmlEl9ExICeLnaCbYUaMd88AB4H1Z2xhGXdU","previousCounter":0,"rootKey":"Xm1AD8ujjSDLLNhLuVPqH5El0sS+1aj27xcnNEEVzxI="},"indexInfo":{"baseKey":"BXeRm1VtZsRq/l3UkRp74cualy4DlzM6j1JTP34KQatm","baseKeyType":1,"closed":1731669274825,"used":1731669258107,"created":1731669258107,"remoteIdentityKey":"BTPCU4HQtcphCKkWg9BPxZgGhcNKRPzWm0S5Fj87i/NI"},"_chains":{"BQg9sFFmAFKKyVpmdbvYqZpRSQB2TTct45Otgl4+07cS":{"chainKey":{"counter":0,"key":"huBuqVgxxFCLwG9YUYVnI1xH7XvxuVxwsqlmqtkeiYg="},"chainType":1,"messageKeys":{}}},"pendingPreKey":{"signedKeyId":1,"baseKey":"BXeRm1VtZsRq/l3UkRp74cualy4DlzM6j1JTP34KQatm"}},"BXzFli9ZGHHRyA45zE9xrmIcwM/cpwygmsUtvr+kQZBG":{"registrationId":4363,"currentRatchet":{"ephemeralKeyPair":{"pubKey":"Bfy37nKpg4HoZpq5ox7C//Ty+pRcK5pS5AnynZZ5eZBG","privKey":"QMgIhttTtb/BJXLLP4ajAL+DHZj060PLC+ZEyBIUKXY="},"lastRemoteEphemeralKey":"BcIcyERwfmlEl9ExICeLnaCbYUaMd88AB4H1Z2xhGXdU","previousCounter":0,"rootKey":"2HLtBmLp/ILTfB7UwwDGDT6N2I3bMhLsgm5lVnQftqk="},"indexInfo":{"baseKey":"BXzFli9ZGHHRyA45zE9xrmIcwM/cpwygmsUtvr+kQZBG","baseKeyType":1,"closed":1731711938584,"used":1731669272010,"created":1731669272010,"remoteIdentityKey":"BTPCU4HQtcphCKkWg9BPxZgGhcNKRPzWm0S5Fj87i/NI"},"_chains":{"Bfy37nKpg4HoZpq5ox7C//Ty+pRcK5pS5AnynZZ5eZBG":{"chainKey":{"counter":27,"key":"3Ivx8lIp4MG0dPzG4UT4rTUix5jTXLTFUxQSblhkg6g="},"chainType":1,"messageKeys":{}}},"pendingPreKey":{"signedKeyId":1,"baseKey":"BXzFli9ZGHHRyA45zE9xrmIcwM/cpwygmsUtvr+kQZBG"}},"BaIVav158+Qk+r44D/5Vpf82h/tuAkTIKekSgZbFX80A":{"registrationId":4363,"currentRatchet":{"ephemeralKeyPair":{"pubKey":"BefchrSHYFtAEbACKJdLrGFkqI5FKGMxH4TudLA3PzMg","privKey":"4NRIkSJXjBmQO3L2INCIgmzS/GVJIdvdhYeUqbQSZkY="},"lastRemoteEphemeralKey":"BcIcyERwfmlEl9ExICeLnaCbYUaMd88AB4H1Z2xhGXdU","previousCounter":0,"rootKey":"v4EIp8TAHrsFhApvtsaiegbcf5/xWCq7BpTpkVY+CkA="},"indexInfo":{"baseKey":"BaIVav158+Qk+r44D/5Vpf82h/tuAkTIKekSgZbFX80A","baseKeyType":1,"closed":1731711938933,"used":1731711938579,"created":1731711938579,"remoteIdentityKey":"BTPCU4HQtcphCKkWg9BPxZgGhcNKRPzWm0S5Fj87i/NI"},"_chains":{"BefchrSHYFtAEbACKJdLrGFkqI5FKGMxH4TudLA3PzMg":{"chainKey":{"counter":-1,"key":"6iVGqEo6b4BREC3fv3wXrZdKGS4cZ+XSoNKRQ5M8tsk="},"chainType":1,"messageKeys":{}}},"pendingPreKey":{"signedKeyId":1,"baseKey":"BaIVav158+Qk+r44D/5Vpf82h/tuAkTIKekSgZbFX80A"}},"BQQt3OLXiQ5SkZv1J15Q6hDBZCeoC1Nvhq1JuzYGP/c8":{"registrationId":4363,"currentRatchet":{"ephemeralKeyPair":{"pubKey":"Bbe7aGpWV+jsXA/P8L71D+/7x8jFswHnIWKOsKWjwMcD","privKey":"oJz0iIv1eZMpdM6+GnSCMSv7JSnnRdIBBBOCm13N918="},"lastRemoteEphemeralKey":"BcIcyERwfmlEl9ExICeLnaCbYUaMd88AB4H1Z2xhGXdU","previousCounter":0,"rootKey":"oNpOZovIafqI3zHMciGMtrYF1rsMBBbxFcB8f7Jc9dg="},"indexInfo":{"baseKey":"BQQt3OLXiQ5SkZv1J15Q6hDBZCeoC1Nvhq1JuzYGP/c8","baseKeyType":1,"closed":1731711939255,"used":1731711938930,"created":1731711938930,"remoteIdentityKey":"BTPCU4HQtcphCKkWg9BPxZgGhcNKRPzWm0S5Fj87i/NI"},"_chains":{"Bbe7aGpWV+jsXA/P8L71D+/7x8jFswHnIWKOsKWjwMcD":{"chainKey":{"counter":-1,"key":"5E7PzdfdI+ZEbsf4dxL7BW/sUdp6iI4sQPlqFIGPYZc="},"chainType":1,"messageKeys":{}}},"pendingPreKey":{"signedKeyId":1,"baseKey":"BQQt3OLXiQ5SkZv1J15Q6hDBZCeoC1Nvhq1JuzYGP/c8"}},"BSZPJx0fd3ef/d6fADYxTppW8SCepPIxOoZqO2jce5dl":{"registrationId":4363,"currentRatchet":{"ephemeralKeyPair":{"pubKey":"BWOngd+sjOWSl4LzVYeCTAQwCb75o0BPrxKKBHTDT+wE","privKey":"4Lgi0afw1IbGT17JyqyQw1FbkL7EbTPq9Jh0zs0shlQ="},"lastRemoteEphemeralKey":"BcIcyERwfmlEl9ExICeLnaCbYUaMd88AB4H1Z2xhGXdU","previousCounter":0,"rootKey":"MieMt2gYcRnOFp4q60mZ11gNEwAOH6jLq3DzIjkpGzM="},"indexInfo":{"baseKey":"BSZPJx0fd3ef/d6fADYxTppW8SCepPIxOoZqO2jce5dl","baseKeyType":1,"closed":1731711945283,"used":1731711939252,"created":1731711939252,"remoteIdentityKey":"BTPCU4HQtcphCKkWg9BPxZgGhcNKRPzWm0S5Fj87i/NI"},"_chains":{"BWOngd+sjOWSl4LzVYeCTAQwCb75o0BPrxKKBHTDT+wE":{"chainKey":{"counter":-1,"key":"SfCZb5aWGc+4aUeKRFuOAq67sR5RyfSjFN7X1njcI1E="},"chainType":1,"messageKeys":{}}},"pendingPreKey":{"signedKeyId":1,"baseKey":"BSZPJx0fd3ef/d6fADYxTppW8SCepPIxOoZqO2jce5dl"}},"BetbK5tqD42H9BIGqS+TQCuZYOuCrTj6n7IYSygMiE8V":{"registrationId":4363,"currentRatchet":{"ephemeralKeyPair":{"pubKey":"BeAMUfDlo0L/iO26pyA8uT08YL6P6T9URF0Hli/RdupN","privKey":"8IileSuXVOCHqhQiKZEWlUUS1+APKxtuEhB81lEA5nE="},"lastRemoteEphemeralKey":"BcIcyERwfmlEl9ExICeLnaCbYUaMd88AB4H1Z2xhGXdU","previousCounter":0,"rootKey":"0XUHsM5t5fV9KbQXBKOQY+Pmv4pL9O/Y7VfklqimxdY="},"indexInfo":{"baseKey":"BetbK5tqD42H9BIGqS+TQCuZYOuCrTj6n7IYSygMiE8V","baseKeyType":1,"closed":1731711945638,"used":1731711945278,"created":1731711945278,"remoteIdentityKey":"BTPCU4HQtcphCKkWg9BPxZgGhcNKRPzWm0S5Fj87i/NI"},"_chains":{"BeAMUfDlo0L/iO26pyA8uT08YL6P6T9URF0Hli/RdupN":{"chainKey":{"counter":-1,"key":"nUN8tU7s+Ft5HvZ/aMxszx37OFvoO9YMVumt7GRB5W0="},"chainType":1,"messageKeys":{}}},"pendingPreKey":{"signedKeyId":1,"baseKey":"BetbK5tqD42H9BIGqS+TQCuZYOuCrTj6n7IYSygMiE8V"}},"BWblyIut3tcWFrYsy31wS+orsKRxY4xOXnCGriAG3uQy":{"registrationId":4363,"currentRatchet":{"ephemeralKeyPair":{"pubKey":"BbXoJ5qpGU2Z0LgT/+v2eJ1AXHdGZcsy46PduFq9zNED","privKey":"EL3ONM3n7m61WxPFxV7YKUBikTaGXVrcq4jLH+RNOWc="},"lastRemoteEphemeralKey":"BcIcyERwfmlEl9ExICeLnaCbYUaMd88AB4H1Z2xhGXdU","previousCounter":0,"rootKey":"aAJgajmJytt0INjqsR1BWqtqAsHw4uywAaotnFIJ79M="},"indexInfo":{"baseKey":"BWblyIut3tcWFrYsy31wS+orsKRxY4xOXnCGriAG3uQy","baseKeyType":1,"closed":1731711946011,"used":1731711945633,"created":1731711945633,"remoteIdentityKey":"BTPCU4HQtcphCKkWg9BPxZgGhcNKRPzWm0S5Fj87i/NI"},"_chains":{"BbXoJ5qpGU2Z0LgT/+v2eJ1AXHdGZcsy46PduFq9zNED":{"chainKey":{"counter":-1,"key":"YqiXpdDPLicP31KN6FLXg8+Odbk2iasIPrxsoOWGRfc="},"chainType":1,"messageKeys":{}}},"pendingPreKey":{"signedKeyId":1,"baseKey":"BWblyIut3tcWFrYsy31wS+orsKRxY4xOXnCGriAG3uQy"}},"BfsXFzd1eSZauSPCj5+fybn5dATYSwlQs4uuWU3KdPU3":{"registrationId":4363,"currentRatchet":{"ephemeralKeyPair":{"pubKey":"BT6iBWKuSYg3Kn9KWaT5J3DXgzt1H8KtKEaDDDQof8ph","privKey":"UD0zk0/ya4moJRsnSR27qyAsjYFHi0njZaaqlqv/tUo="},"lastRemoteEphemeralKey":"BcIcyERwfmlEl9ExICeLnaCbYUaMd88AB4H1Z2xhGXdU","previousCounter":0,"rootKey":"MWTVa1oN3jlr1VH+d5oit1gGwvMbqAVHF+RJo5IS0NA="},"indexInfo":{"baseKey":"BfsXFzd1eSZauSPCj5+fybn5dATYSwlQs4uuWU3KdPU3","baseKeyType":1,"closed":1731711946372,"used":1731711946007,"created":1731711946007,"remoteIdentityKey":"BTPCU4HQtcphCKkWg9BPxZgGhcNKRPzWm0S5Fj87i/NI"},"_chains":{"BT6iBWKuSYg3Kn9KWaT5J3DXgzt1H8KtKEaDDDQof8ph":{"chainKey":{"counter":-1,"key":"Yi5NSlMRfhU6tkV9Q9UwDxSInDLOmIod6PzFobDODaE="},"chainType":1,"messageKeys":{}}},"pendingPreKey":{"signedKeyId":1,"baseKey":"BfsXFzd1eSZauSPCj5+fybn5dATYSwlQs4uuWU3KdPU3"}},"BXJp9xlG6rFZIUPMqUL2++DmBbGU5JQfR+hHWl6rcTMR":{"registrationId":4363,"currentRatchet":{"ephemeralKeyPair":{"pubKey":"BYKs9U+nYfsL+IAqOD2W1JVqFZ3eZCqyFinlB9pc99cQ","privKey":"iGHw33YQAxqZv2c02o1MSavlC9zM7j0j0+ME717UT0k="},"lastRemoteEphemeralKey":"BcIcyERwfmlEl9ExICeLnaCbYUaMd88AB4H1Z2xhGXdU","previousCounter":0,"rootKey":"2/GUdd4Q41oZY6Dik7+VOaEH79Mb/eLVarWoZy8zsVc="},"indexInfo":{"baseKey":"BXJp9xlG6rFZIUPMqUL2++DmBbGU5JQfR+hHWl6rcTMR","baseKeyType":1,"closed":1731711950137,"used":1731711946369,"created":1731711946369,"remoteIdentityKey":"BTPCU4HQtcphCKkWg9BPxZgGhcNKRPzWm0S5Fj87i/NI"},"_chains":{"BYKs9U+nYfsL+IAqOD2W1JVqFZ3eZCqyFinlB9pc99cQ":{"chainKey":{"counter":-1,"key":"cr7jpYptEiuqlKzywdQfUo9ng337o+M846IOJ1exLTI="},"chainType":1,"messageKeys":{}}},"pendingPreKey":{"signedKeyId":1,"baseKey":"BXJp9xlG6rFZIUPMqUL2++DmBbGU5JQfR+hHWl6rcTMR"}},"BXzCHIZ1yo31rrXjlw1F/FiMLVfoVSeCB2Jns8HBqtxL":{"registrationId":4363,"currentRatchet":{"ephemeralKeyPair":{"pubKey":"BUMY2ZSr66NHUpRlO81IYww0X4JWqGDmxActmFUTnzRK","privKey":"kDqDDYW+FslaSaHuft8DOcqCwVhq7vcXBh7FBJYXuWc="},"lastRemoteEphemeralKey":"BcIcyERwfmlEl9ExICeLnaCbYUaMd88AB4H1Z2xhGXdU","previousCounter":0,"rootKey":"4xS5wMb/BS72XrMM1CHSblpx7WHkw/TPWun9Ut0mqw8="},"indexInfo":{"baseKey":"BXzCHIZ1yo31rrXjlw1F/FiMLVfoVSeCB2Jns8HBqtxL","baseKeyType":1,"closed":1731711950476,"used":1731711950131,"created":1731711950131,"remoteIdentityKey":"BTPCU4HQtcphCKkWg9BPxZgGhcNKRPzWm0S5Fj87i/NI"},"_chains":{"BUMY2ZSr66NHUpRlO81IYww0X4JWqGDmxActmFUTnzRK":{"chainKey":{"counter":-1,"key":"z/FB2ZTOFEyGPfZRz+bQ6KoD1ZOq7xVeuLuDKRXhVM4="},"chainType":1,"messageKeys":{}}},"pendingPreKey":{"signedKeyId":1,"baseKey":"BXzCHIZ1yo31rrXjlw1F/FiMLVfoVSeCB2Jns8HBqtxL"}},"BZNioUKmU3/u1r/2HTtm7gEqdmmd4j3ULmfq2wWjrHUy":{"registrationId":4363,"currentRatchet":{"ephemeralKeyPair":{"pubKey":"BfW6T5jYodJ9nv++wsDFYLtnNx9xFp4o/UIgQ2ERehoi","privKey":"0E5Dp4oRzprDcbiJ5bEA8oZ1fC/OW9THYyeAYzzfUlo="},"lastRemoteEphemeralKey":"BcIcyERwfmlEl9ExICeLnaCbYUaMd88AB4H1Z2xhGXdU","previousCounter":0,"rootKey":"+f/UwU7cN045Pj7mS1lUPXrWMwVKPOwG1vOpyQQSAUo="},"indexInfo":{"baseKey":"BZNioUKmU3/u1r/2HTtm7gEqdmmd4j3ULmfq2wWjrHUy","baseKeyType":1,"closed":1731711950824,"used":1731711950471,"created":1731711950471,"remoteIdentityKey":"BTPCU4HQtcphCKkWg9BPxZgGhcNKRPzWm0S5Fj87i/NI"},"_chains":{"BfW6T5jYodJ9nv++wsDFYLtnNx9xFp4o/UIgQ2ERehoi":{"chainKey":{"counter":-1,"key":"oMweV5Q8j0EidMAov3rdSzfHA8CL0SP38nqum0QCDIg="},"chainType":1,"messageKeys":{}}},"pendingPreKey":{"signedKeyId":1,"baseKey":"BZNioUKmU3/u1r/2HTtm7gEqdmmd4j3ULmfq2wWjrHUy"}},"BfSBYpf62ROceZiQyCGT1e6eiy+pNzaf71QBPqup6TE0":{"registrationId":4363,"currentRatchet":{"ephemeralKeyPair":{"pubKey":"BdVktp2XbjNjKLPTWOOoDeNqJE8lC0ZoF9Lgh/ibomkj","privKey":"+KMYFvG0W38eXRQxqtC4bUvsz/dL6BPwtqQFDelQDGU="},"lastRemoteEphemeralKey":"BcIcyERwfmlEl9ExICeLnaCbYUaMd88AB4H1Z2xhGXdU","previousCounter":0,"rootKey":"yFrdcFbkPZ0bFvAr30g6nCnkIGxp5uS0fmC5/c8lVwE="},"indexInfo":{"baseKey":"BfSBYpf62ROceZiQyCGT1e6eiy+pNzaf71QBPqup6TE0","baseKeyType":1,"closed":1731711952032,"used":1731711950820,"created":1731711950820,"remoteIdentityKey":"BTPCU4HQtcphCKkWg9BPxZgGhcNKRPzWm0S5Fj87i/NI"},"_chains":{"BdVktp2XbjNjKLPTWOOoDeNqJE8lC0ZoF9Lgh/ibomkj":{"chainKey":{"counter":-1,"key":"3shUS3z4sqci0Hzxk0SKVRivEjElX5wRedTKh+Sf0QM="},"chainType":1,"messageKeys":{}}},"pendingPreKey":{"signedKeyId":1,"baseKey":"BfSBYpf62ROceZiQyCGT1e6eiy+pNzaf71QBPqup6TE0"}},"BbkI2Qkh2UfTqP6AQCKIvm9KU7QwALnPGsvpMzKJll56":{"registrationId":4363,"currentRatchet":{"ephemeralKeyPair":{"pubKey":"BWSJIP0MAVHu21m+EHNkKnkfXLsXiGNl8FyutcTxpV98","privKey":"yOonIVeTEUvPy3VJMG0vChvAQAbDVUE9IFL9Pl6fiGo="},"lastRemoteEphemeralKey":"BcIcyERwfmlEl9ExICeLnaCbYUaMd88AB4H1Z2xhGXdU","previousCounter":0,"rootKey":"3EdyxgAwNRr6gxwXGktXd9BTnscI8IOYsCi1gXqEft8="},"indexInfo":{"baseKey":"BbkI2Qkh2UfTqP6AQCKIvm9KU7QwALnPGsvpMzKJll56","baseKeyType":1,"closed":1731711952380,"used":1731711952027,"created":1731711952027,"remoteIdentityKey":"BTPCU4HQtcphCKkWg9BPxZgGhcNKRPzWm0S5Fj87i/NI"},"_chains":{"BWSJIP0MAVHu21m+EHNkKnkfXLsXiGNl8FyutcTxpV98":{"chainKey":{"counter":-1,"key":"uhLwo240vaj4oTcuInpOVPhwyAOD3GAKwLaer8uJ5Ws="},"chainType":1,"messageKeys":{}}},"pendingPreKey":{"signedKeyId":1,"baseKey":"BbkI2Qkh2UfTqP6AQCKIvm9KU7QwALnPGsvpMzKJll56"}},"BV0FDuiIBvXQaqfBBWDl5RLR/aD9dl934BbYa/s0LKAz":{"registrationId":4363,"currentRatchet":{"ephemeralKeyPair":{"pubKey":"BSt6LzeVx4X4mHEcWtQ0kqfCDaX1cKo552sOv+0ytYRK","privKey":"oCF25Pg+pewfZZoaX0qrwm/SLb2qzAwq8JYptdLrZUM="},"lastRemoteEphemeralKey":"BcIcyERwfmlEl9ExICeLnaCbYUaMd88AB4H1Z2xhGXdU","previousCounter":0,"rootKey":"++ckQW65xqbe/kXjW2dj0GDK5Abgy4YfpXoTS5RXgcE="},"indexInfo":{"baseKey":"BV0FDuiIBvXQaqfBBWDl5RLR/aD9dl934BbYa/s0LKAz","baseKeyType":1,"closed":1731711989098,"used":1731711952377,"created":1731711952377,"remoteIdentityKey":"BTPCU4HQtcphCKkWg9BPxZgGhcNKRPzWm0S5Fj87i/NI"},"_chains":{"BSt6LzeVx4X4mHEcWtQ0kqfCDaX1cKo552sOv+0ytYRK":{"chainKey":{"counter":0,"key":"LjIIGWG6gfWPsag7+HKmldvCP+h0uFFXiC4cVVG4OAo="},"chainType":1,"messageKeys":{}}},"pendingPreKey":{"signedKeyId":1,"baseKey":"BV0FDuiIBvXQaqfBBWDl5RLR/aD9dl934BbYa/s0LKAz"}},"BVrzyb0Jxbo5YWcjRWjQepZmJ7z8218qyxi1ksLZnewk":{"registrationId":4363,"currentRatchet":{"ephemeralKeyPair":{"pubKey":"BRUo9TVEpjaeyUP68+q7Lg9zYv/r0kL5fPdyX9PzsCEi","privKey":"KA1iCQeQT4Qe8WCNdqrHUgavy86cD0Bt1FpqMtwiOFY="},"lastRemoteEphemeralKey":"BcIcyERwfmlEl9ExICeLnaCbYUaMd88AB4H1Z2xhGXdU","previousCounter":0,"rootKey":"BFnijNtEwYIOBn67oWcHTGJod4jwdMfx1hphRPME5eg="},"indexInfo":{"baseKey":"BVrzyb0Jxbo5YWcjRWjQepZmJ7z8218qyxi1ksLZnewk","baseKeyType":1,"closed":-1,"used":1731711989094,"created":1731711989094,"remoteIdentityKey":"BTPCU4HQtcphCKkWg9BPxZgGhcNKRPzWm0S5Fj87i/NI"},"_chains":{"BRUo9TVEpjaeyUP68+q7Lg9zYv/r0kL5fPdyX9PzsCEi":{"chainKey":{"counter":44,"key":"wNI2pfDRxbIVwRNWWk98mYUE8YUaiIHcKQjc64XOkt4="},"chainType":1,"messageKeys":{}}},"pendingPreKey":{"signedKeyId":1,"baseKey":"BVrzyb0Jxbo5YWcjRWjQepZmJ7z8218qyxi1ksLZnewk"}}},"version":"v1"}