{"_sessions":{"BZ/F8B97jc8kf2uXMWcIIbI0YUVCPfS3IUf7GLbzZ6dj":{"registrationId":356675238,"currentRatchet":{"ephemeralKeyPair":{"pubKey":"BdSdiKJm0V8BLrJy/TaXSCmgssq0+/5RKR30CgU+LRsF","privKey":"wPufK7Ax4yOQLi7vUF0b88dhUPxs55uugn4sfmedC1c="},"lastRemoteEphemeralKey":"BWJtckrjmBvLm+KQqgR71A4hDSMvtlp3F+GJDEEt2adx","previousCounter":0,"rootKey":"B+wfdWi8jP2o3Gzc9LZSYBVRKBl/I0s8HaLduQKwXJk="},"indexInfo":{"baseKey":"BZ/F8B97jc8kf2uXMWcIIbI0YUVCPfS3IUf7GLbzZ6dj","baseKeyType":1,"closed":-1,"used":1731895089972,"created":1731777349655,"remoteIdentityKey":"Bbnj2QkEMmzqnPeVqOUsgtAKszXD1mGPp8nQQloasgZK"},"_chains":{"BaxwhSeRVxUvj/p18TX5IVbOlrLU8sErcEjCYa6unjUT":{"chainKey":{"counter":0},"chainType":2,"messageKeys":{}},"BWJtckrjmBvLm+KQqgR71A4hDSMvtlp3F+GJDEEt2adx":{"chainKey":{"counter":0,"key":"1sZ5Lz2n3gyYcZ/DkX2tMDYotgZUmahVUwBRNRAlIkA="},"chainType":2,"messageKeys":{}},"BdSdiKJm0V8BLrJy/TaXSCmgssq0+/5RKR30CgU+LRsF":{"chainKey":{"counter":-1,"key":"EEPRImjK4byrLJrb0/pegLGbCBPGbcslJX6aqCC74Gk="},"chainType":1,"messageKeys":{}}}}},"version":"v1"}