{"_sessions":{"BTZSktiDMtK2oGTaAiB6O+pPBtbVgh+GhiutNbd4B1oG":{"registrationId":728397093,"currentRatchet":{"ephemeralKeyPair":{"pubKey":"BbLlcCQ8aSL3UIDN9NrPPzQo8MVJ9m6eFPLnyKngLpEC","privKey":"wGXCTKJqGcb/xXaVQwC65zsQIVDWXaxhWIH5/vrEVnY="},"lastRemoteEphemeralKey":"BSth3FS/101VduN2MqwBtBik9qyKE2PIIdpbvzc12AVq","previousCounter":4,"rootKey":"r1CUmTg2iWIySisyxsWGHCtdimz0f64yuXlS6GEzHQI="},"indexInfo":{"baseKey":"BTZSktiDMtK2oGTaAiB6O+pPBtbVgh+GhiutNbd4B1oG","baseKeyType":1,"closed":-1,"used":1731770373448,"created":1731675283067,"remoteIdentityKey":"BfIbrZGnvauzPPO3xkx2mZZ+nJcvTeFpbk2hVhZAN/Vw"},"_chains":{"BSth3FS/101VduN2MqwBtBik9qyKE2PIIdpbvzc12AVq":{"chainKey":{"counter":1,"key":"S5y9NMgpP8AeYLx2jIYuTN3TwBQR50cqpYr8n02MUYs="},"chainType":2,"messageKeys":{"0":"VPIjtcnNxWQlgVLXUpK9Gpd1+IcyOxJsqqExCsV0t74="}},"BbLlcCQ8aSL3UIDN9NrPPzQo8MVJ9m6eFPLnyKngLpEC":{"chainKey":{"counter":1,"key":"Y5JKLByP6PukAIlgvel5OFVqvDhUP7NoyI4A5/Ceuu8="},"chainType":1,"messageKeys":{}}}}},"version":"v1"}