{"_sessions":{"BaTquRFcH+Gu/qg+NHiE9Oiljd4iJelk9vYk2MI1lPsT":{"registrationId":2701,"currentRatchet":{"ephemeralKeyPair":{"pubKey":"BcnaNMD3yOM43njKdNkPlgQEyUkeTpy3ibqH30qbxhF/","privKey":"UNB8xa+i5MLLVI5krea3e8LicjqjpOtFsQH6r468FlM="},"lastRemoteEphemeralKey":"Bf3yulGkS1X24nubbIr1KJ19BCwDlaMqthX1dqDh56lX","previousCounter":0,"rootKey":"xSxQ4J+Chy2BL379D1tQExihe2Jb7mYvWv6TEew2eaE="},"indexInfo":{"baseKey":"BaTquRFcH+Gu/qg+NHiE9Oiljd4iJelk9vYk2MI1lPsT","baseKeyType":1,"closed":-1,"used":1731794998499,"created":1731794998499,"remoteIdentityKey":"BdPO3uLOgiIU+8MCXjXBZjqkc6qLF1Vj1NzEeIpnfu4Y"},"_chains":{"BcnaNMD3yOM43njKdNkPlgQEyUkeTpy3ibqH30qbxhF/":{"chainKey":{"counter":20,"key":"tKTaN3fjkdxK4RAyhXtDvXre1eaXRtlLadtlTnnWw5k="},"chainType":1,"messageKeys":{}}},"pendingPreKey":{"signedKeyId":1,"baseKey":"BaTquRFcH+Gu/qg+NHiE9Oiljd4iJelk9vYk2MI1lPsT"}}},"version":"v1"}