{"_sessions":{"Bewbwo3JJ1YElB4dbwsejZGsdgZG9Cka/l5g8CTtYjlo":{"registrationId":1078143563,"currentRatchet":{"ephemeralKeyPair":{"pubKey":"BbpVnUbvny8ilQL6+HDF8DzPejjclAkDiYnFdWi7nE0h","privKey":"IHTdVcNtKJtvic++d/QFqdg9z5dF448zSUFqVZnZmE8="},"lastRemoteEphemeralKey":"BcmjqzVT0N9kfriRH1LRPINeeu0N5TOQIxqWOqmW8HZW","previousCounter":0,"rootKey":"ONQ6WYkwXSihVV4H/1jqcBRGn8nmTxe8OgFk0HDWDCg="},"indexInfo":{"baseKey":"Bewbwo3JJ1YElB4dbwsejZGsdgZG9Cka/l5g8CTtYjlo","baseKeyType":1,"closed":-1,"used":1731683222737,"created":1731683222737,"remoteIdentityKey":"BYChDQzLOBTvRhlHHTwwk+/G/bILZ4NCSspeqxAyLB5U"},"_chains":{"BbpVnUbvny8ilQL6+HDF8DzPejjclAkDiYnFdWi7nE0h":{"chainKey":{"counter":2,"key":"FjGOs4PIgEHkhU3Mh6SRmGV5io7QHVSbVtbWDOvJOVI="},"chainType":1,"messageKeys":{}}},"pendingPreKey":{"signedKeyId":0,"baseKey":"Bewbwo3JJ1YElB4dbwsejZGsdgZG9Cka/l5g8CTtYjlo"}}},"version":"v1"}