{"_sessions":{"BQvx4YEk8F23YKsYAPfX04ARIEWuFVGksG+N6E1BhUxD":{"registrationId":391714777,"currentRatchet":{"ephemeralKeyPair":{"pubKey":"BUyO0rQ/nv71H33o4kFdQNlwZMBR7kbIROYYDR316d9f","privKey":"WBYNT+tVDCBV8rpMQMko70bhMOJkn9cHF7VYczo9eEo="},"lastRemoteEphemeralKey":"BRym6l5K8+vNROy9q3ynym3gj3IQ3i3hQ/rwT/l9yJ56","previousCounter":0,"rootKey":"6y1DFN9TsU6ihlF6Np1ER52bhslfqqaPF0kqvbhJsx4="},"indexInfo":{"baseKey":"BQvx4YEk8F23YKsYAPfX04ARIEWuFVGksG+N6E1BhUxD","baseKeyType":1,"closed":-1,"used":1731777349672,"created":1731777349672,"remoteIdentityKey":"Be5UMa5gYzA5GG1pn5wnTH/CKka5Kcwjfxk1Waz+Yfhg"},"_chains":{"BUyO0rQ/nv71H33o4kFdQNlwZMBR7kbIROYYDR316d9f":{"chainKey":{"counter":1,"key":"FpyHvSVvUMKFJYmcxoeWTNFH17ouJsSwXhfRFhWZKNo="},"chainType":1,"messageKeys":{}}},"pendingPreKey":{"signedKeyId":1,"baseKey":"BQvx4YEk8F23YKsYAPfX04ARIEWuFVGksG+N6E1BhUxD","preKeyId":16759637}}},"version":"v1"}