{"_sessions":{"BRFCy6/uHpwOKpnAqd9Y506Caomw3Ox4Rqg8vaxB3x1A":{"registrationId":1288712733,"currentRatchet":{"ephemeralKeyPair":{"pubKey":"BYvOKsUE6afLlzeqQROS3xqcRy0KprzJNuYxgEt1hzoE","privKey":"YKY579UR+QFuqtwyziEZzH5qhZJ2BL7Uj70uPBc5Vmk="},"lastRemoteEphemeralKey":"BbDW5JozGf77JaXTioxrhE8wtgsIqr9aMrBz9+cA5VYz","previousCounter":0,"rootKey":"T9yI47e9tdmgKr/nEQwhDy8gdiKlSjsIMSk7iLF8cqo="},"indexInfo":{"baseKey":"BRFCy6/uHpwOKpnAqd9Y506Caomw3Ox4Rqg8vaxB3x1A","baseKeyType":1,"closed":1731876583802,"used":1731850999969,"created":1731850999969,"remoteIdentityKey":"BUykWlSfhuT/VFQIlX+UweNnilPd6530IaXzRfAFhywK"},"_chains":{"BYvOKsUE6afLlzeqQROS3xqcRy0KprzJNuYxgEt1hzoE":{"chainKey":{"counter":0,"key":"Bm+1hTf1JgxV8ssnesav2SvLXRijwCI6xersMC6Rv7M="},"chainType":1,"messageKeys":{}}},"pendingPreKey":{"signedKeyId":1,"baseKey":"BRFCy6/uHpwOKpnAqd9Y506Caomw3Ox4Rqg8vaxB3x1A","preKeyId":14016977}},"BfKXYLilDI19PnC1ol/WpduHybxJLyUnpUMrnj6eWutg":{"registrationId":1288712733,"currentRatchet":{"ephemeralKeyPair":{"pubKey":"BfWwrO1k/FBM1/Ljvc/hvtkAPW7bylhg1M0i1QmC6i0D","privKey":"IENlcAgx2tfPuOazIwFzfeWboT3o9GGdO56pv4cDyHU="},"lastRemoteEphemeralKey":"BbDW5JozGf77JaXTioxrhE8wtgsIqr9aMrBz9+cA5VYz","previousCounter":0,"rootKey":"f0C/CaiGugCw6niaLaileA7OmVknm1YO2jUnyXo3QQc="},"indexInfo":{"baseKey":"BfKXYLilDI19PnC1ol/WpduHybxJLyUnpUMrnj6eWutg","baseKeyType":1,"closed":1731876584034,"used":1731876583792,"created":1731876583792,"remoteIdentityKey":"BUykWlSfhuT/VFQIlX+UweNnilPd6530IaXzRfAFhywK"},"_chains":{"BfWwrO1k/FBM1/Ljvc/hvtkAPW7bylhg1M0i1QmC6i0D":{"chainKey":{"counter":-1,"key":"6BOBHSFM4r2oJZgY1ozQGRrtOYiHyUfkKB191fTdfyc="},"chainType":1,"messageKeys":{}}},"pendingPreKey":{"signedKeyId":1,"baseKey":"BfKXYLilDI19PnC1ol/WpduHybxJLyUnpUMrnj6eWutg","preKeyId":14015936}},"BTPqxnJ8EzJFMGgjjF9czYAMTto9ucvQU82mbdYM8Uoi":{"registrationId":1288712733,"currentRatchet":{"ephemeralKeyPair":{"pubKey":"BccrO+bP7JIr/DiGjoNioyUosIuHTKjMa01jzeOCsAV/","privKey":"SE3cZuK6XUZKpfSUN9DDS9V0C68i3t/fpQaAQ0T4K1c="},"lastRemoteEphemeralKey":"BbDW5JozGf77JaXTioxrhE8wtgsIqr9aMrBz9+cA5VYz","previousCounter":0,"rootKey":"qNzBvd9mGeZdTkkt/x76VE8HRMI0vmla/c77imEaMco="},"indexInfo":{"baseKey":"BTPqxnJ8EzJFMGgjjF9czYAMTto9ucvQU82mbdYM8Uoi","baseKeyType":1,"closed":1731876584270,"used":1731876584030,"created":1731876584030,"remoteIdentityKey":"BUykWlSfhuT/VFQIlX+UweNnilPd6530IaXzRfAFhywK"},"_chains":{"BccrO+bP7JIr/DiGjoNioyUosIuHTKjMa01jzeOCsAV/":{"chainKey":{"counter":-1,"key":"ZvWio9useKLMNTsg8M8Lbl62Llz6ZtQYTHD588srpEo="},"chainType":1,"messageKeys":{}}},"pendingPreKey":{"signedKeyId":1,"baseKey":"BTPqxnJ8EzJFMGgjjF9czYAMTto9ucvQU82mbdYM8Uoi","preKeyId":14015993}},"BSYIR98zXYc4sL0JUPGST4rZeaHbkRS8Mqs3h9F+gRk0":{"registrationId":1288712733,"currentRatchet":{"ephemeralKeyPair":{"pubKey":"BTodNQ8YQzCxU9ArhCZcq0bJWmFk0CKUPaMY9JVsyn5N","privKey":"qJ+p5dhCkm/YxdbvvXAF3cteDlp0SphmDMHIgD9ATno="},"lastRemoteEphemeralKey":"BbDW5JozGf77JaXTioxrhE8wtgsIqr9aMrBz9+cA5VYz","previousCounter":0,"rootKey":"RAy2epUO+GEIDoJPj/aiz52as6XN2OwIpPW+kq3WbD8="},"indexInfo":{"baseKey":"BSYIR98zXYc4sL0JUPGST4rZeaHbkRS8Mqs3h9F+gRk0","baseKeyType":1,"closed":1731876584518,"used":1731876584265,"created":1731876584265,"remoteIdentityKey":"BUykWlSfhuT/VFQIlX+UweNnilPd6530IaXzRfAFhywK"},"_chains":{"BTodNQ8YQzCxU9ArhCZcq0bJWmFk0CKUPaMY9JVsyn5N":{"chainKey":{"counter":-1,"key":"REH5TT9eZul8UQw0CA7zk0I69wymmphJKpsgOPrX7Sk="},"chainType":1,"messageKeys":{}}},"pendingPreKey":{"signedKeyId":1,"baseKey":"BSYIR98zXYc4sL0JUPGST4rZeaHbkRS8Mqs3h9F+gRk0","preKeyId":14015719}},"BWOPgED01PLsQx4fa1pJVN19BVHK4Li8QrzlfcZwJYw8":{"registrationId":1288712733,"currentRatchet":{"ephemeralKeyPair":{"pubKey":"BRgE9xzge54jtEv1TEfOxzwMxIlG6q74a2iT24EgAN9u","privKey":"WI39LH/WA1SkFegP4Hh5UyYbzNM3Hvy2v0x1EsUQTE0="},"lastRemoteEphemeralKey":"BbDW5JozGf77JaXTioxrhE8wtgsIqr9aMrBz9+cA5VYz","previousCounter":0,"rootKey":"/0kjKMj4+MTS0xOWwsV7pxICkjF824IUBcDd0/hgQrI="},"indexInfo":{"baseKey":"BWOPgED01PLsQx4fa1pJVN19BVHK4Li8QrzlfcZwJYw8","baseKeyType":1,"closed":1731876584755,"used":1731876584512,"created":1731876584512,"remoteIdentityKey":"BUykWlSfhuT/VFQIlX+UweNnilPd6530IaXzRfAFhywK"},"_chains":{"BRgE9xzge54jtEv1TEfOxzwMxIlG6q74a2iT24EgAN9u":{"chainKey":{"counter":-1,"key":"s+6jD7ZU3bfK1KB3MjV9bK3dB3PKZU7KkAHSjYIO8Bw="},"chainType":1,"messageKeys":{}}},"pendingPreKey":{"signedKeyId":1,"baseKey":"BWOPgED01PLsQx4fa1pJVN19BVHK4Li8QrzlfcZwJYw8","preKeyId":14016542}},"Bduk3gFkz96Fb7NfpTVrCN3q/ZZj4Rhi3R+R7xRavYQy":{"registrationId":1288712733,"currentRatchet":{"ephemeralKeyPair":{"pubKey":"BfS5Yzk/S1p7OXk1q6c66dywHQTD1bk+hgcBkyNW+SQK","privKey":"aLgN1esjMVzwyfVYXUqEC5oC7fS12cVgjkG46L+u82U="},"lastRemoteEphemeralKey":"BbDW5JozGf77JaXTioxrhE8wtgsIqr9aMrBz9+cA5VYz","previousCounter":0,"rootKey":"NEgNstTm1BQlN0fJFBgiq60pktbo427P18lqHmiveDU="},"indexInfo":{"baseKey":"Bduk3gFkz96Fb7NfpTVrCN3q/ZZj4Rhi3R+R7xRavYQy","baseKeyType":1,"closed":1731876585004,"used":1731876584749,"created":1731876584749,"remoteIdentityKey":"BUykWlSfhuT/VFQIlX+UweNnilPd6530IaXzRfAFhywK"},"_chains":{"BfS5Yzk/S1p7OXk1q6c66dywHQTD1bk+hgcBkyNW+SQK":{"chainKey":{"counter":-1,"key":"+bS9mO0GyyS++YrCVg1jIkjSjfMHA0h6mSGUZhCzZD4="},"chainType":1,"messageKeys":{}}},"pendingPreKey":{"signedKeyId":1,"baseKey":"Bduk3gFkz96Fb7NfpTVrCN3q/ZZj4Rhi3R+R7xRavYQy","preKeyId":14015549}},"BQ+a3EfvFi1pqetY/8WtLFOij6GkYUtP0LADM2NIBAsF":{"registrationId":1288712733,"currentRatchet":{"ephemeralKeyPair":{"pubKey":"Ba1OMTNOh1B42MW+PlDyzDQuk2ovy4BO5EBnIEqkiAlF","privKey":"+C3lvyytsw13mlg/l6HitUtphMgrfsuip5wSA5YE+kc="},"lastRemoteEphemeralKey":"BbDW5JozGf77JaXTioxrhE8wtgsIqr9aMrBz9+cA5VYz","previousCounter":0,"rootKey":"0MlV/XPzNlCZtL0eGAcFFfmlwk0+DGgBUWxNcW9zkAw="},"indexInfo":{"baseKey":"BQ+a3EfvFi1pqetY/8WtLFOij6GkYUtP0LADM2NIBAsF","baseKeyType":1,"closed":1731876585236,"used":1731876584998,"created":1731876584998,"remoteIdentityKey":"BUykWlSfhuT/VFQIlX+UweNnilPd6530IaXzRfAFhywK"},"_chains":{"Ba1OMTNOh1B42MW+PlDyzDQuk2ovy4BO5EBnIEqkiAlF":{"chainKey":{"counter":-1,"key":"RU1KxWFS2geM+VK67WWmgXvusLkeHIcj4hzFYl6YuSs="},"chainType":1,"messageKeys":{}}},"pendingPreKey":{"signedKeyId":1,"baseKey":"BQ+a3EfvFi1pqetY/8WtLFOij6GkYUtP0LADM2NIBAsF","preKeyId":14015974}},"BdeIS4CB20dhKqG0rKN/+29wq81sqR+Pldl/EvD8Lm1J":{"registrationId":1288712733,"currentRatchet":{"ephemeralKeyPair":{"pubKey":"BYnSbb50EyVoKYUX4ha979e0NslApi58mSC8hDoNCbNH","privKey":"sCHeNVLhBa3umu11cd2UG5dSYhWRaolLhZE/77a6sVg="},"lastRemoteEphemeralKey":"BbDW5JozGf77JaXTioxrhE8wtgsIqr9aMrBz9+cA5VYz","previousCounter":0,"rootKey":"In9opm2McdWQdhIRqtIE2SYOmWy0KX7A1/jtUc7xcDU="},"indexInfo":{"baseKey":"BdeIS4CB20dhKqG0rKN/+29wq81sqR+Pldl/EvD8Lm1J","baseKeyType":1,"closed":1731876585461,"used":1731876585232,"created":1731876585232,"remoteIdentityKey":"BUykWlSfhuT/VFQIlX+UweNnilPd6530IaXzRfAFhywK"},"_chains":{"BYnSbb50EyVoKYUX4ha979e0NslApi58mSC8hDoNCbNH":{"chainKey":{"counter":-1,"key":"KtXptbRYvnvlWGE13PkzLj6dZAAmydq4dPl6NIY7kW0="},"chainType":1,"messageKeys":{}}},"pendingPreKey":{"signedKeyId":1,"baseKey":"BdeIS4CB20dhKqG0rKN/+29wq81sqR+Pldl/EvD8Lm1J","preKeyId":14016665}},"BQhTa7L1MaM9mGgPKdU+Zv8/ggQQwx27vPacXeohle14":{"registrationId":1288712733,"currentRatchet":{"ephemeralKeyPair":{"pubKey":"BTicIldUg/277LY5I/6WQphWwuqTiLA2zcQRKrdcIvMP","privKey":"CKHnoI2mzTvlXeCAPnm7xwAptvUyo47BWiRuq5kjLGk="},"lastRemoteEphemeralKey":"BbDW5JozGf77JaXTioxrhE8wtgsIqr9aMrBz9+cA5VYz","previousCounter":0,"rootKey":"5GccVwBTrbXuP3+0RPNB4g29X3+Uy1mfpEB1AeZYlZk="},"indexInfo":{"baseKey":"BQhTa7L1MaM9mGgPKdU+Zv8/ggQQwx27vPacXeohle14","baseKeyType":1,"closed":1731876585682,"used":1731876585457,"created":1731876585457,"remoteIdentityKey":"BUykWlSfhuT/VFQIlX+UweNnilPd6530IaXzRfAFhywK"},"_chains":{"BTicIldUg/277LY5I/6WQphWwuqTiLA2zcQRKrdcIvMP":{"chainKey":{"counter":-1,"key":"KkXHXS2csqE0yRtzlWHLlS6uztbZRR1B5sU8qeEsqa8="},"chainType":1,"messageKeys":{}}},"pendingPreKey":{"signedKeyId":1,"baseKey":"BQhTa7L1MaM9mGgPKdU+Zv8/ggQQwx27vPacXeohle14","preKeyId":14015990}},"BZFgtzDSAnShUUZOeyEY8gAtILXEL4YoZdjQ4JN+ETwb":{"registrationId":1288712733,"currentRatchet":{"ephemeralKeyPair":{"pubKey":"BbxjFPzJcP+BogTmviwEdvE9F7DhWKZwSPmE7DrJOpRt","privKey":"iDLUHDIz586/xGI7yZepc71STIBmxsTEx5+lpGTTMWw="},"lastRemoteEphemeralKey":"BbDW5JozGf77JaXTioxrhE8wtgsIqr9aMrBz9+cA5VYz","previousCounter":0,"rootKey":"BySaKP4Vliu+spX1kozPKxwxQsdqag1qBm2FuMC335c="},"indexInfo":{"baseKey":"BZFgtzDSAnShUUZOeyEY8gAtILXEL4YoZdjQ4JN+ETwb","baseKeyType":1,"closed":1731876636383,"used":1731876585679,"created":1731876585679,"remoteIdentityKey":"BUykWlSfhuT/VFQIlX+UweNnilPd6530IaXzRfAFhywK"},"_chains":{"BbxjFPzJcP+BogTmviwEdvE9F7DhWKZwSPmE7DrJOpRt":{"chainKey":{"counter":-1,"key":"xam5sEr/I5ulLnc2oIH7zW4ciOUlxDrH46Qd5TgIoM0="},"chainType":1,"messageKeys":{}}},"pendingPreKey":{"signedKeyId":1,"baseKey":"BZFgtzDSAnShUUZOeyEY8gAtILXEL4YoZdjQ4JN+ETwb","preKeyId":14016827}},"BatgpHg6n5iD7gHR+IE0YQ4ZwQjz4rYDZEF0eYS60RlJ":{"registrationId":1288712733,"currentRatchet":{"ephemeralKeyPair":{"pubKey":"Bdp4Gs9AU59QqFrJdyjbHZb5zIKhVxLSjp/ffMpH57wJ","privKey":"8L+4JwC0tJoP1aPv3KzWfBd5yvDFyVagYxHiYnLgykI="},"lastRemoteEphemeralKey":"BbDW5JozGf77JaXTioxrhE8wtgsIqr9aMrBz9+cA5VYz","previousCounter":0,"rootKey":"VMja6swo7bleCVJA4+CuJxECstloxKjoKzS/PpLbjgg="},"indexInfo":{"baseKey":"BatgpHg6n5iD7gHR+IE0YQ4ZwQjz4rYDZEF0eYS60RlJ","baseKeyType":1,"closed":1731876636613,"used":1731876636378,"created":1731876636378,"remoteIdentityKey":"BUykWlSfhuT/VFQIlX+UweNnilPd6530IaXzRfAFhywK"},"_chains":{"Bdp4Gs9AU59QqFrJdyjbHZb5zIKhVxLSjp/ffMpH57wJ":{"chainKey":{"counter":-1,"key":"UHHRmDiV6SeTGxhUBCv6C+B+7OCQBO2ynScWAMTRY4c="},"chainType":1,"messageKeys":{}}},"pendingPreKey":{"signedKeyId":1,"baseKey":"BatgpHg6n5iD7gHR+IE0YQ4ZwQjz4rYDZEF0eYS60RlJ","preKeyId":14015996}},"BWDsB7yW2cEXMKy667FKqMZ16bFh/ovGwQ62Cc8K1twy":{"registrationId":1288712733,"currentRatchet":{"ephemeralKeyPair":{"pubKey":"Bcyt0m5SEpSNSEGpBvxwArnbwNLmFzxoRmhOjzUhY44V","privKey":"+Lqv+OR/xmiAXpLhP+K3voVJ9e4MAq3P26jXxfHCamc="},"lastRemoteEphemeralKey":"BbDW5JozGf77JaXTioxrhE8wtgsIqr9aMrBz9+cA5VYz","previousCounter":0,"rootKey":"4T0g/AWKPo12MopeATfSsCaY7aHNtepDiadDTum9WX0="},"indexInfo":{"baseKey":"BWDsB7yW2cEXMKy667FKqMZ16bFh/ovGwQ62Cc8K1twy","baseKeyType":1,"closed":1731876636857,"used":1731876636609,"created":1731876636609,"remoteIdentityKey":"BUykWlSfhuT/VFQIlX+UweNnilPd6530IaXzRfAFhywK"},"_chains":{"Bcyt0m5SEpSNSEGpBvxwArnbwNLmFzxoRmhOjzUhY44V":{"chainKey":{"counter":-1,"key":"Q/DnLq0l2Dqd4hDerMxNMFrH/QjzUq/ofxpg9GVBM58="},"chainType":1,"messageKeys":{}}},"pendingPreKey":{"signedKeyId":1,"baseKey":"BWDsB7yW2cEXMKy667FKqMZ16bFh/ovGwQ62Cc8K1twy","preKeyId":14015760}},"BQt699MDSLe5TuvHlH5jzO5BjK4Td18iWxUqAdwryqh+":{"registrationId":1288712733,"currentRatchet":{"ephemeralKeyPair":{"pubKey":"BUznhcRkaAjtSMMtTwhhGcssElEMHOXBQZyw8rsU8ONX","privKey":"kG+nlrZvjRmC81aQDi78/62ySiWap21zvYwct/7csFs="},"lastRemoteEphemeralKey":"BbDW5JozGf77JaXTioxrhE8wtgsIqr9aMrBz9+cA5VYz","previousCounter":0,"rootKey":"TFnxjzmQOroduIxVGk/p4kYBQ+QGs86Za++pwJcxSok="},"indexInfo":{"baseKey":"BQt699MDSLe5TuvHlH5jzO5BjK4Td18iWxUqAdwryqh+","baseKeyType":1,"closed":1731876637093,"used":1731876636850,"created":1731876636850,"remoteIdentityKey":"BUykWlSfhuT/VFQIlX+UweNnilPd6530IaXzRfAFhywK"},"_chains":{"BUznhcRkaAjtSMMtTwhhGcssElEMHOXBQZyw8rsU8ONX":{"chainKey":{"counter":-1,"key":"IyvFnLA0e8zlAQDG4Z2S3pNnPN9N+mSBwKP+JLhBbRU="},"chainType":1,"messageKeys":{}}},"pendingPreKey":{"signedKeyId":1,"baseKey":"BQt699MDSLe5TuvHlH5jzO5BjK4Td18iWxUqAdwryqh+","preKeyId":14015986}},"BamSOoNPiu2SF8OEgCBAAqcMpd4gtDCFrEbTr5Z9M5BK":{"registrationId":1288712733,"currentRatchet":{"ephemeralKeyPair":{"pubKey":"BVfRzf8MUjggd/izJFcCnyi/LGWll5bJYtvsccYKKaN0","privKey":"cKBZwVd79Xqjz5I6T72ZkBLu2Nd8IMo1umz8DwvnhkE="},"lastRemoteEphemeralKey":"BbDW5JozGf77JaXTioxrhE8wtgsIqr9aMrBz9+cA5VYz","previousCounter":0,"rootKey":"Z/8OG6fHETMCMTq0pljWiUEIklmoi0RjywXX87Mo2qA="},"indexInfo":{"baseKey":"BamSOoNPiu2SF8OEgCBAAqcMpd4gtDCFrEbTr5Z9M5BK","baseKeyType":1,"closed":1731876637319,"used":1731876637088,"created":1731876637088,"remoteIdentityKey":"BUykWlSfhuT/VFQIlX+UweNnilPd6530IaXzRfAFhywK"},"_chains":{"BVfRzf8MUjggd/izJFcCnyi/LGWll5bJYtvsccYKKaN0":{"chainKey":{"counter":-1,"key":"hZdLbup6hf49ijTnAIK3zkuVmzD3xlHtwAK3TyVGAPQ="},"chainType":1,"messageKeys":{}}},"pendingPreKey":{"signedKeyId":1,"baseKey":"BamSOoNPiu2SF8OEgCBAAqcMpd4gtDCFrEbTr5Z9M5BK","preKeyId":14015905}},"BRvCGXpT0JCeFbgasboeRVTG+tUTDtSePBC6DIsaDYI7":{"registrationId":1288712733,"currentRatchet":{"ephemeralKeyPair":{"pubKey":"BZXpVyUZDm2uFDU7UQmVT8hJqe8Rp1UmxGojszJOpll6","privKey":"oDNLIk9jezGxp9afBKYxntJvpYwl0wDMKRuvCimzXXg="},"lastRemoteEphemeralKey":"BbDW5JozGf77JaXTioxrhE8wtgsIqr9aMrBz9+cA5VYz","previousCounter":0,"rootKey":"yuYi6YlgxIUHdUfsxwfHto4LvwTvjyviaCL6tfGwmmU="},"indexInfo":{"baseKey":"BRvCGXpT0JCeFbgasboeRVTG+tUTDtSePBC6DIsaDYI7","baseKeyType":1,"closed":1731876637558,"used":1731876637315,"created":1731876637315,"remoteIdentityKey":"BUykWlSfhuT/VFQIlX+UweNnilPd6530IaXzRfAFhywK"},"_chains":{"BZXpVyUZDm2uFDU7UQmVT8hJqe8Rp1UmxGojszJOpll6":{"chainKey":{"counter":-1,"key":"q7EMv2vyjPOgDlrekxx1iPsDPXWnShY48CBYazN4Ws4="},"chainType":1,"messageKeys":{}}},"pendingPreKey":{"signedKeyId":1,"baseKey":"BRvCGXpT0JCeFbgasboeRVTG+tUTDtSePBC6DIsaDYI7","preKeyId":14015914}},"BYF7/0Z7Mb+TH7ieydCOOwVmWBiKr+kF4YcQtYWfloU/":{"registrationId":1288712733,"currentRatchet":{"ephemeralKeyPair":{"pubKey":"BXce6AZ4nuMPftLK6ZTjNtRzPUHPV9wzqdaSc3OTLstm","privKey":"0B8zrPuGUOBVeyyAKiSm4i4aL4LguJ5rXcvAOi2yG2E="},"lastRemoteEphemeralKey":"BbDW5JozGf77JaXTioxrhE8wtgsIqr9aMrBz9+cA5VYz","previousCounter":0,"rootKey":"CDUE9RfAwCuYpAiJTWFZWsCy1RwNWDSUQWSG54yK2q4="},"indexInfo":{"baseKey":"BYF7/0Z7Mb+TH7ieydCOOwVmWBiKr+kF4YcQtYWfloU/","baseKeyType":1,"closed":1731876637792,"used":1731876637552,"created":1731876637552,"remoteIdentityKey":"BUykWlSfhuT/VFQIlX+UweNnilPd6530IaXzRfAFhywK"},"_chains":{"BXce6AZ4nuMPftLK6ZTjNtRzPUHPV9wzqdaSc3OTLstm":{"chainKey":{"counter":-1,"key":"j04mF9PqdV0DIz0/ic+Uy56RblJAuYy96VapJ2+bxkI="},"chainType":1,"messageKeys":{}}},"pendingPreKey":{"signedKeyId":1,"baseKey":"BYF7/0Z7Mb+TH7ieydCOOwVmWBiKr+kF4YcQtYWfloU/","preKeyId":14016522}},"Bcfhl/ggFPTwTT7RYliIj/qVa4BZfSyrTfKoE2COtWAo":{"registrationId":1288712733,"currentRatchet":{"ephemeralKeyPair":{"pubKey":"BVWKaCHOAkgGXqyJp5WjpBy+bskKR3evDA/9XaG4Pzs1","privKey":"GCr7Is7ndt+IqfY+3MoCdiGNMut78Rf9svO5CHCn/0o="},"lastRemoteEphemeralKey":"BbDW5JozGf77JaXTioxrhE8wtgsIqr9aMrBz9+cA5VYz","previousCounter":0,"rootKey":"wb1UCJmKZs+NNyrZQnk+Gf83GkXZDooKktPcBbWtE74="},"indexInfo":{"baseKey":"Bcfhl/ggFPTwTT7RYliIj/qVa4BZfSyrTfKoE2COtWAo","baseKeyType":1,"closed":1731876638024,"used":1731876637788,"created":1731876637788,"remoteIdentityKey":"BUykWlSfhuT/VFQIlX+UweNnilPd6530IaXzRfAFhywK"},"_chains":{"BVWKaCHOAkgGXqyJp5WjpBy+bskKR3evDA/9XaG4Pzs1":{"chainKey":{"counter":-1,"key":"4d+6pcGQNCq22/tk9tNwMdfJ4q54uBljMS1GX/SBCNc="},"chainType":1,"messageKeys":{}}},"pendingPreKey":{"signedKeyId":1,"baseKey":"Bcfhl/ggFPTwTT7RYliIj/qVa4BZfSyrTfKoE2COtWAo","preKeyId":14015933}},"BXHssQd9Zity6+lr3VjXMKCxahBJl5V2nAVNZh3h0kET":{"registrationId":1288712733,"currentRatchet":{"ephemeralKeyPair":{"pubKey":"BaPH1nvkiq0bvc6R+gRBBRngk1dLN9v6kSPv82vkCT1B","privKey":"GK2E+7LxEzM7XoyD2TNCdICnvXl21uEBx7fYriby3Ew="},"lastRemoteEphemeralKey":"BbDW5JozGf77JaXTioxrhE8wtgsIqr9aMrBz9+cA5VYz","previousCounter":0,"rootKey":"Njgt5h9YGcL5yxTrdGt2t6p3gEpmn15opKRRX8kEohg="},"indexInfo":{"baseKey":"BXHssQd9Zity6+lr3VjXMKCxahBJl5V2nAVNZh3h0kET","baseKeyType":1,"closed":1731876638247,"used":1731876638019,"created":1731876638019,"remoteIdentityKey":"BUykWlSfhuT/VFQIlX+UweNnilPd6530IaXzRfAFhywK"},"_chains":{"BaPH1nvkiq0bvc6R+gRBBRngk1dLN9v6kSPv82vkCT1B":{"chainKey":{"counter":-1,"key":"fgpx2Fay6jRmeTY3vk58aQDZwPBOEaqNbaBhfcgAEZ4="},"chainType":1,"messageKeys":{}}},"pendingPreKey":{"signedKeyId":1,"baseKey":"BXHssQd9Zity6+lr3VjXMKCxahBJl5V2nAVNZh3h0kET","preKeyId":14015931}},"BTO1S4N00TnI8C4l5J1UEX4lSkY/aakRWCE6Y8e2CQk6":{"registrationId":1288712733,"currentRatchet":{"ephemeralKeyPair":{"pubKey":"Bfc671nGUv2cVeoAzFRDUenmC0ypTgvWLiZMvL06iSoC","privKey":"AMFAxxi/47ZE6w99RMJwbcCIHKlI55JWZX49DTw0PEk="},"lastRemoteEphemeralKey":"BbDW5JozGf77JaXTioxrhE8wtgsIqr9aMrBz9+cA5VYz","previousCounter":0,"rootKey":"cUtvAreLNdnfuxkAg6bFQAaqeMYfKptCWIvp2kZ0DY4="},"indexInfo":{"baseKey":"BTO1S4N00TnI8C4l5J1UEX4lSkY/aakRWCE6Y8e2CQk6","baseKeyType":1,"closed":-1,"used":1731876638243,"created":1731876638243,"remoteIdentityKey":"BUykWlSfhuT/VFQIlX+UweNnilPd6530IaXzRfAFhywK"},"_chains":{"Bfc671nGUv2cVeoAzFRDUenmC0ypTgvWLiZMvL06iSoC":{"chainKey":{"counter":-1,"key":"Sum9B4HbDpjwlfbrrU76Cy4GMzg5vuf6zWLYeIk7jwQ="},"chainType":1,"messageKeys":{}}},"pendingPreKey":{"signedKeyId":1,"baseKey":"BTO1S4N00TnI8C4l5J1UEX4lSkY/aakRWCE6Y8e2CQk6","preKeyId":14015924}}},"version":"v1"}