{"_sessions":{"BUHXiRy7yp78XryM2J1tvwbEWP7Qy92F7JFVMgyJhGgO":{"registrationId":1565824260,"currentRatchet":{"ephemeralKeyPair":{"pubKey":"BWKvclGj7O1vyzavhjEm5NmpOiE+Cp0eSscU3Y4uo75G","privKey":"uJXSJLT4rxd10/HIMdLFloCorFUOsOnYSYFDWF6XBFE="},"lastRemoteEphemeralKey":"BQ7gMYFXwMyTGXORNDO8Vaq2PzKoxfuXmsuK5vpRNWAW","previousCounter":0,"rootKey":"JvgGrP78vK+wSj0XKZH/twXZ5C4DZXtEBhgFLiwJzcE="},"indexInfo":{"baseKey":"BUHXiRy7yp78XryM2J1tvwbEWP7Qy92F7JFVMgyJhGgO","baseKeyType":1,"closed":-1,"used":1731852918677,"created":1731852918677,"remoteIdentityKey":"BQQ6lhAzJqFh/2Xa6lunFWHiNy/XjGDuiAHJOvIRAxxj"},"_chains":{"BWKvclGj7O1vyzavhjEm5NmpOiE+Cp0eSscU3Y4uo75G":{"chainKey":{"counter":0,"key":"nOagZDuFv2FxGaKpxfB3LMLt+pQCTWmXVLH1w7XeBdU="},"chainType":1,"messageKeys":{}}},"pendingPreKey":{"signedKeyId":18,"baseKey":"BUHXiRy7yp78XryM2J1tvwbEWP7Qy92F7JFVMgyJhGgO","preKeyId":14286233}}},"version":"v1"}