{"_sessions":{"BZt+2aZSYgV5YLfh40k9AfqMSbquBZCQPbYl/rc/IE5d":{"registrationId":1000193503,"currentRatchet":{"ephemeralKeyPair":{"pubKey":"BR6BE03EZ3KyvV73CEMn2pc+iqDsAgWsKXyB3ufq/q4W","privKey":"ECBtkuw9Tvv8n3wCodZyUEVTJgh+tAhSvzFjnbeX31M="},"lastRemoteEphemeralKey":"BR35of+l+vM1177H+08o5/OIF4IxTUAUVKuTYK1azOtk","previousCounter":0,"rootKey":"fv+V/qkf0XkdQnm7o2+Y5HprI0ZelqzEEl94ffMXQxc="},"indexInfo":{"baseKey":"BZt+2aZSYgV5YLfh40k9AfqMSbquBZCQPbYl/rc/IE5d","baseKeyType":1,"closed":1731770226576,"used":1731770223533,"created":1731770223533,"remoteIdentityKey":"BRlW24MzygZDhSlqhMwIsGnhM/dLTX7U2sXp546xvBgV"},"_chains":{"BR6BE03EZ3KyvV73CEMn2pc+iqDsAgWsKXyB3ufq/q4W":{"chainKey":{"counter":0,"key":"AQd553Zge5mpPaqN2bxg0ZMS0ZXO4GvO5p8NOki5raw="},"chainType":1,"messageKeys":{}}},"pendingPreKey":{"signedKeyId":6,"baseKey":"BZt+2aZSYgV5YLfh40k9AfqMSbquBZCQPbYl/rc/IE5d"}},"BWJuWR7QFsSo6e5LYc4c0echgPvh3PKghP0uEk1D0VwT":{"registrationId":1000193503,"currentRatchet":{"ephemeralKeyPair":{"pubKey":"BQQIvUCYVJY1mdQvpucQ0mlk8LzB7b0xlfDFSX6PYwAm","privKey":"6IlVvdFDwTSJhpyWiKXYO1NwhurljmjZw9HCAJSOd0A="},"lastRemoteEphemeralKey":"BR35of+l+vM1177H+08o5/OIF4IxTUAUVKuTYK1azOtk","previousCounter":0,"rootKey":"yx34GFzSTbNttYV5aaW0brFrMipGfw/vMH4gGVwM4R0="},"indexInfo":{"baseKey":"BWJuWR7QFsSo6e5LYc4c0echgPvh3PKghP0uEk1D0VwT","baseKeyType":1,"closed":-1,"used":1731770226382,"created":1731770226382,"remoteIdentityKey":"BRlW24MzygZDhSlqhMwIsGnhM/dLTX7U2sXp546xvBgV"},"_chains":{"BQQIvUCYVJY1mdQvpucQ0mlk8LzB7b0xlfDFSX6PYwAm":{"chainKey":{"counter":0,"key":"i/lBDCz17V61fKdjJT6qC+daMdrIX2GovGy8qbsxPxI="},"chainType":1,"messageKeys":{}}},"pendingPreKey":{"signedKeyId":6,"baseKey":"BWJuWR7QFsSo6e5LYc4c0echgPvh3PKghP0uEk1D0VwT"}}},"version":"v1"}