{"_sessions":{"BYm3T3sIyuIgJ7sY+BR2NcAPQllGFYJbq8HAUxYtRKZb":{"registrationId":823288359,"currentRatchet":{"ephemeralKeyPair":{"pubKey":"BfcWH8RPa0lI04kAF4BoO82VJo/+OWAkj/H4w2lpmMMP","privKey":"cGsM2gP3p63m7lee5bXwC+1CQICclsFhUTdgxCn9dV8="},"lastRemoteEphemeralKey":"BXkq+0CckKbpYKCn1B7TxtoZnI/DiYgfAXfd2hJ9e6ck","previousCounter":0,"rootKey":"RujACCLWssZnrtNOIot0IHhOSafeNTxmZoEwJkxmvlA="},"indexInfo":{"baseKey":"BYm3T3sIyuIgJ7sY+BR2NcAPQllGFYJbq8HAUxYtRKZb","baseKeyType":1,"closed":1731669274892,"used":1731669259371,"created":1731669259371,"remoteIdentityKey":"BZKr9sJq19GArA+vxIR+VATXLk/16wnM3T8jDRxjUWdd"},"_chains":{"BfcWH8RPa0lI04kAF4BoO82VJo/+OWAkj/H4w2lpmMMP":{"chainKey":{"counter":0,"key":"cuu5THQ8KYqumdE4JeRBCvQTKPvZqD6b86uegsbPcG4="},"chainType":1,"messageKeys":{}}},"pendingPreKey":{"signedKeyId":4,"baseKey":"BYm3T3sIyuIgJ7sY+BR2NcAPQllGFYJbq8HAUxYtRKZb","preKeyId":13800571}},"BU5lL74DEmYi9UdXAHnan7VRM5mj4L0RI6ojN+o/l6B2":{"registrationId":823288359,"currentRatchet":{"ephemeralKeyPair":{"pubKey":"BRayHZfNvMm9mzlNLY9vUtZhEgV5cVU/eBoMg3e7Vjx9","privKey":"mFKqnQBq31rS9Gpk8TU5li/pDUNLWbOHEoU9C3KByWA="},"lastRemoteEphemeralKey":"BfCQSD9RmjDyNJWH7uv3T8kdK8l59AKdjd4YrTVqkwlP","previousCounter":14,"rootKey":"Q/emaQNtTfWKwZcjuF5kKRe1y1N7YdFFjUqoYOe77+I="},"indexInfo":{"baseKey":"BU5lL74DEmYi9UdXAHnan7VRM5mj4L0RI6ojN+o/l6B2","baseKeyType":1,"closed":-1,"used":1731924068777,"created":1731669273259,"remoteIdentityKey":"BZKr9sJq19GArA+vxIR+VATXLk/16wnM3T8jDRxjUWdd"},"_chains":{"BedhOR7cBLGeO47i7sDFD3lhjVMs/AshF5MxLvh+YpoX":{"chainKey":{"counter":0},"chainType":2,"messageKeys":{}},"BXFniZjN3ss2isX1VuEBqsfK8mP2DUV9pnqvHouIlX1G":{"chainKey":{"counter":0},"chainType":2,"messageKeys":{}},"BfCQSD9RmjDyNJWH7uv3T8kdK8l59AKdjd4YrTVqkwlP":{"chainKey":{"counter":0,"key":"mSdv+LThWhcD0rkX0qj0lgHF0qDQmXgbmYrglWRYePY="},"chainType":2,"messageKeys":{}},"BRayHZfNvMm9mzlNLY9vUtZhEgV5cVU/eBoMg3e7Vjx9":{"chainKey":{"counter":8,"key":"BSl34CQfP/o7RAohNJG/RSXx9co7xNIho0xuPZEdSSc="},"chainType":1,"messageKeys":{}}}}},"version":"v1"}