{"_sessions":{"BaWr3drYISpVSHuoFDbE/mPw+ssSti41Ao+vixmIpIRv":{"registrationId":1339051858,"currentRatchet":{"ephemeralKeyPair":{"pubKey":"BSxkaMzs8L2s+6CPlCtbFj0ffImVSJ4VNBY9tSCOMhIO","privKey":"2LxgYxkUi5CleXpT8K/LLCZU7hyUQc1JVyFoN1MDEl4="},"lastRemoteEphemeralKey":"BWaZaC2QV/Zeaj9FEouxKAGnf38UIxF9X3CkMLcjjDIX","previousCounter":0,"rootKey":"LFd8JHxE1haAjZJgLEjNXdhRv64aFxaoXiD1W8xVtp4="},"indexInfo":{"baseKey":"BaWr3drYISpVSHuoFDbE/mPw+ssSti41Ao+vixmIpIRv","baseKeyType":1,"closed":1731669274875,"used":1731669259026,"created":1731669259026,"remoteIdentityKey":"BdxqtPgZA8s3Phsjkh6+d9i7vCs5WCk44xHHlN932b0G"},"_chains":{"BSxkaMzs8L2s+6CPlCtbFj0ffImVSJ4VNBY9tSCOMhIO":{"chainKey":{"counter":0,"key":"ZdUHDNJdBBBMS3nXNXZ6qhwSn6JSPEBMOdthMKU23c4="},"chainType":1,"messageKeys":{}}},"pendingPreKey":{"signedKeyId":0,"baseKey":"BaWr3drYISpVSHuoFDbE/mPw+ssSti41Ao+vixmIpIRv"}},"BdoQPxnfraYI6XATLwY3yJ3ubXxEyxPYbVhKuKvq0dsM":{"registrationId":1339051858,"currentRatchet":{"ephemeralKeyPair":{"pubKey":"BUhggpkEj611GDh3VMNQRl4q1i04mc4cvhbDv4dsXtBG","privKey":"yKFwF4vakKFL+H5OeJh/sMPIXC/WIsquRkK3MOGcel4="},"lastRemoteEphemeralKey":"BWaZaC2QV/Zeaj9FEouxKAGnf38UIxF9X3CkMLcjjDIX","previousCounter":0,"rootKey":"doTvDaRdIb4oRNRs44djU0+qApDImRmBV+1PxVT9HBQ="},"indexInfo":{"baseKey":"BdoQPxnfraYI6XATLwY3yJ3ubXxEyxPYbVhKuKvq0dsM","baseKeyType":1,"closed":-1,"used":1731669272895,"created":1731669272895,"remoteIdentityKey":"BdxqtPgZA8s3Phsjkh6+d9i7vCs5WCk44xHHlN932b0G"},"_chains":{"BUhggpkEj611GDh3VMNQRl4q1i04mc4cvhbDv4dsXtBG":{"chainKey":{"counter":64,"key":"X/7pfID84Iv1sHw7//SOcg51bVp+fuwk1NoLw2o12jU="},"chainType":1,"messageKeys":{}}},"pendingPreKey":{"signedKeyId":0,"baseKey":"BdoQPxnfraYI6XATLwY3yJ3ubXxEyxPYbVhKuKvq0dsM"}}},"version":"v1"}