{"_sessions":{"BfYkmo2n1WgX6M4K5KKPwYjqX1LPIfOYTKhy5miiudVC":{"registrationId":260947595,"currentRatchet":{"ephemeralKeyPair":{"pubKey":"BasgqMDK95llCXJlH4o1iwWVP1NxeMHIoI0fhu2HeeQp","privKey":"oN4jp8XigXrK7TgkyPbTCv0YyXOrKyej9WDFn8AibWs="},"lastRemoteEphemeralKey":"BUD8/Vu5sJkNJ86AeeF+muPnXcH4O0hQPb/0NKS/7FwL","previousCounter":0,"rootKey":"dfo/v3oiZDQIrYd1xSEyChDdowRlswisDX3NsuCIxQA="},"indexInfo":{"baseKey":"BfYkmo2n1WgX6M4K5KKPwYjqX1LPIfOYTKhy5miiudVC","baseKeyType":1,"closed":-1,"used":1731683222888,"created":1731683222888,"remoteIdentityKey":"BVaXRrtgE2SN9CeH7ILXXilGrsYIHKLNgMIKo1Q5U5JZ"},"_chains":{"BasgqMDK95llCXJlH4o1iwWVP1NxeMHIoI0fhu2HeeQp":{"chainKey":{"counter":2,"key":"3cIfOdy9be0L3loiFjcaRacwP8sKvrMiZ/upUfbTqEs="},"chainType":1,"messageKeys":{}}},"pendingPreKey":{"signedKeyId":2,"baseKey":"BfYkmo2n1WgX6M4K5KKPwYjqX1LPIfOYTKhy5miiudVC"}}},"version":"v1"}