{
  "diamonds": {
    "5511959391525@s.whatsapp.net": 0,
    "559293708389@s.whatsapp.net": 3,
    "557598311753@s.whatsapp.net": 4,
    "554599030113@s.whatsapp.net": 0,
    "5516994232898@s.whatsapp.net": 0,
    "5519983586700@s.whatsapp.net": 129,
    "5527997104453@s.whatsapp.net": 3,
    "558199002045@s.whatsapp.net": 4,
    "558491937458@s.whatsapp.net": 0,
    "556281770294@s.whatsapp.net": 0,
    "553784096569@s.whatsapp.net": 0,
    "556195931872@s.whatsapp.net": 0,
    "554796611537@s.whatsapp.net": 1,
    "559891817506@s.whatsapp.net": 2,
    "555194709091@s.whatsapp.net": 4,
    "5511915548891@s.whatsapp.net": 5,
    "351927618586@s.whatsapp.net": 204,
    "5521973936985@s.whatsapp.net": 4
  }
}