{
  "empresas": [
    {
      "dono": "5521977181280@s.whatsapp.net",
      "nome": "bots",
      "tipo": "basica",
      "valor": 30000,
      "produtos": [],
      "lucro": 1.1e+95
    },
    {
      "dono": "5511972055817@s.whatsapp.net",
      "nome": "Sandro-apis",
      "tipo": "basica",
      "valor": 30000,
      "produtos": [
        {
          "nome": "irmã da akiyamia",
          "valor": 300
        }
      ],
      "lucro": 0
    },
    {
      "dono": "5516994232898@s.whatsapp.net",
      "nome": "Akiyama-X",
      "tipo": "basica",
      "valor": 30000,
      "produtos": [],
      "lucro": 0
    },
    {
      "dono": "5519983586700@s.whatsapp.net",
      "nome": "500",
      "tipo": "conto",
      "valor": 60000,
      "produtos": [
        {
          "nome": "farinha diferenciada",
          "valor": 90
        },
        {
          "nome": "pedra",
          "valor": 300
        },
        {
          "nome": "vpn seguro pra usar o Twitter",
          "valor": 100
        },
        {
          "nome": "vibrador",
          "valor": 20
        },
        {
          "nome": "água",
          "valor": 2
        },
        {
          "nome": "pou depressivo sem garrafa",
          "valor": 250
        },
        {
          "nome": "pou depressivo com garrafa",
          "valor": 300
        },
        {
          "nome": "puta barata",
          "valor": 100
        },
        {
          "nome": "puta média",
          "valor": 150
        },
        {
          "nome": "puta cara",
          "valor": 200
        },
        {
          "nome": "dupla de femboy",
          "valor": 300
        },
        {
          "nome": "vodka",
          "valor": 75
        },
        {
          "nome": "pão",
          "valor": 2
        },
        {
          "nome": "faca de prasticro",
          "valor": 1
        },
        {
          "nome": "(`❪∘̥⃟⸽⃟𝙲𝚘𝚗𝚟𝚎𝚛𝚝𝚎𝚗𝚍𝚘 𝙴𝚖 𝙸𝚖𝚊𝚐𝚎𝚖∘̥⃟৴▸`)",
          "valor": 300
        }
      ],
      "lucro": 5.5
    },
    {
      "dono": "5527997104453@s.whatsapp.net",
      "nome": "yuri",
      "tipo": "basica",
      "valor": 30000,
      "produtos": [],
      "lucro": 0
    },
    {
      "dono": "5511958627553@s.whatsapp.net",
      "nome": "só",
      "tipo": "tabaia",
      "valor": 60000,
      "produtos": [],
      "lucro": 0
    },
    {
      "dono": "5512988934541@s.whatsapp.net",
      "nome": "Lazza",
      "tipo": "Studios",
      "valor": 60000,
      "produtos": [],
      "lucro": 0
    },
    {
      "dono": "558491937458@s.whatsapp.net",
      "nome": "ABCZ",
      "tipo": "NOSSA",
      "valor": 60000,
      "produtos": [
        {
          "nome": "canetas",
          "valor": 100
        },
        {
          "nome": "máquina de lavar",
          "valor": 1
        }
      ],
      "lucro": 0
    },
    {
      "dono": "556281770294@s.whatsapp.net",
      "nome": "Zé",
      "tipo": "da",
      "valor": 60000,
      "produtos": [],
      "lucro": 0
    },
    {
      "dono": "556699124199@s.whatsapp.net",
      "nome": "phoenix",
      "tipo": "basica",
      "valor": 30000,
      "produtos": [],
      "lucro": 0
    },
    {
      "dono": "5522981232317@s.whatsapp.net",
      "nome": "Kitty",
      "tipo": "basica",
      "valor": 30000,
      "produtos": [],
      "lucro": 0
    },
    {
      "dono": "558192187254@s.whatsapp.net",
      "nome": "caganeira",
      "tipo": "basica",
      "valor": 30000,
      "produtos": [],
      "lucro": 0
    },
    {
      "dono": "5541935001027@s.whatsapp.net",
      "nome": "drogas",
      "tipo": "basica",
      "valor": 30000,
      "produtos": [],
      "lucro": 0
    },
    {
      "dono": "554298173020@s.whatsapp.net",
      "nome": "fabricadora",
      "tipo": "de",
      "valor": 60000,
      "produtos": [],
      "lucro": 0
    },
    {
      "dono": "554598236021@s.whatsapp.net",
      "nome": "pi",
      "tipo": "basica",
      "valor": 30000,
      "produtos": [],
      "lucro": 0
    },
    {
      "dono": "5521973936985@s.whatsapp.net",
      "nome": "Akame",
      "tipo": "Studios",
      "valor": 60000,
      "produtos": [],
      "lucro": 0
    },
    {
      "dono": "558899382740@s.whatsapp.net",
      "nome": "marahão",
      "tipo": "basica",
      "valor": 30000,
      "produtos": [],
      "lucro": 0
    },
    {
      "dono": "5511917590853@s.whatsapp.net",
      "nome": "buteco",
      "tipo": "da",
      "valor": 60000,
      "produtos": [],
      "lucro": 0
    }
  ]
}