{
  "familias": [
    {
      "chefe": "5511959391525@s.whatsapp.net",
      "nome": "nunes",
      "membros": [
        "5511959391525@s.whatsapp.net",
        "5511981106112@s.whatsapp.net"
      ]
    },
    {
      "chefe": "351912988250@s.whatsapp.net",
      "nome": "Cocada Preta",
      "membros": [
        "351912988250@s.whatsapp.net",
        "559784436318@s.whatsapp.net",
        "555194709091@s.whatsapp.net",
        "555180495453@s.whatsapp.net",
        "559899842491@s.whatsapp.net",
        "19045076733@s.whatsapp.net",
        "5521988032990@s.whatsapp.net",
        "557181943718@s.whatsapp.net",
        "559285898833@s.whatsapp.net"
      ]
    },
    {
      "chefe": "553188054296@s.whatsapp.net",
      "nome": "kun",
      "membros": [
        "553188054296@s.whatsapp.net",
        "556793165379@s.whatsapp.net"
      ]
    },
    {
      "chefe": "5519983586700@s.whatsapp.net",
      "nome": "TOM TEM FIMOSE",
      "membros": [
        "5519983586700@s.whatsapp.net",
        "5519982313437@s.whatsapp.net",
        "554191932665@s.whatsapp.net",
        "556992301310@s.whatsapp.net"
      ]
    },
    {
      "chefe": "555199987556@s.whatsapp.net",
      "nome": "da pesada",
      "membros": [
        "555199987556@s.whatsapp.net"
      ]
    },
    {
      "chefe": "5511960317940@s.whatsapp.net",
      "nome": "cv",
      "membros": [
        "5511960317940@s.whatsapp.net"
      ]
    },
    {
      "chefe": "555189485517@s.whatsapp.net",
      "nome": "creampie",
      "membros": [
        "555189485517@s.whatsapp.net"
      ]
    },
    {
      "chefe": "5511915548891@s.whatsapp.net",
      "nome": "agatsuma",
      "membros": [
        "5511915548891@s.whatsapp.net",
        "351916858904@s.whatsapp.net",
        "351912225044@s.whatsapp.net",
        "351915088430@s.whatsapp.net",
        "351912144756@s.whatsapp.net"
      ]
    },
    {
      "chefe": "351966566462@s.whatsapp.net",
      "nome": "tomioka",
      "membros": [
        "351966566462@s.whatsapp.net"
      ]
    },
    {
      "chefe": "5511958627553@s.whatsapp.net",
      "nome": "Sapatão prechecudas",
      "membros": [
        "5511958627553@s.whatsapp.net",
        "556391344603@s.whatsapp.net",
        "558199302998@s.whatsapp.net",
        "5511917092742@s.whatsapp.net"
      ]
    },
    {
      "chefe": "553172407748@s.whatsapp.net",
      "nome": "Tbhk",
      "membros": [
        "553172407748@s.whatsapp.net",
        "554198654996@s.whatsapp.net",
        "554298097994@s.whatsapp.net"
      ]
    },
    {
      "chefe": "5521988165713@s.whatsapp.net",
      "nome": "Moralis",
      "membros": [
        "5521988165713@s.whatsapp.net"
      ]
    },
    {
      "chefe": "559896147266@s.whatsapp.net",
      "nome": "Saori kido",
      "membros": [
        "559896147266@s.whatsapp.net"
      ]
    },
    {
      "chefe": "5512988934541@s.whatsapp.net",
      "nome": "Girolba",
      "membros": [
        "5512988934541@s.whatsapp.net",
        "@5512996435042@s.whatsapp.net"
      ]
    },
    {
      "chefe": "556281770294@s.whatsapp.net",
      "nome": "família mais linda",
      "membros": [
        "556281770294@s.whatsapp.net",
        "554195195566@s.whatsapp.net",
        "558584382855@s.whatsapp.net",
        "5512988503834@s.whatsapp.net",
        "553784096569@s.whatsapp.net",
        "557191918884@s.whatsapp.net",
        "5519981036013@s.whatsapp.net"
      ]
    },
    {
      "chefe": "557591786360@s.whatsapp.net",
      "nome": "ratazanas das branquelas",
      "membros": [
        "557591786360@s.whatsapp.net",
        "555599515495 mãe/pai@s.whatsapp.net"
      ]
    },
    {
      "chefe": "5515991406386@s.whatsapp.net",
      "nome": "casa dos ratos 🐀",
      "membros": [
        "5515991406386@s.whatsapp.net",
        "555599515495@s.whatsapp.net",
        "553180042483@s.whatsapp.net",
        "558197284764@s.whatsapp.net"
      ]
    },
    {
      "chefe": "555399867043@s.whatsapp.net",
      "nome": "ratoes do silvio santos",
      "membros": [
        "555399867043@s.whatsapp.net",
        "556191451284@s.whatsapp.net",
        "555191629475@s.whatsapp.net"
      ]
    },
    {
      "chefe": "556195931872@s.whatsapp.net",
      "nome": "Kyojuro",
      "membros": [
        "556195931872@s.whatsapp.net",
        "5527998450203@s.whatsapp.net",
        "554796611537@s.whatsapp.net",
        "5521977444882@s.whatsapp.net",
        "351928067620@s.whatsapp.net",
        "559294149077@s.whatsapp.net",
        "554399573930@s.whatsapp.net"
      ]
    },
    {
      "chefe": "556699124199@s.whatsapp.net",
      "nome": "Dragonnys",
      "membros": [
        "556699124199@s.whatsapp.net",
        "5511978198837@s.whatsapp.net"
      ]
    },
    {
      "chefe": "554184059940@s.whatsapp.net",
      "nome": "bilau",
      "membros": [
        "554184059940@s.whatsapp.net"
      ]
    },
    {
      "chefe": "5521969599777@s.whatsapp.net",
      "nome": "osvaldo cruz",
      "membros": [
        "5521969599777@s.whatsapp.net"
      ]
    },
    {
      "chefe": "558597669547@s.whatsapp.net",
      "nome": "otakus",
      "membros": [
        "558597669547@s.whatsapp.net"
      ]
    },
    {
      "chefe": "5527996117806@s.whatsapp.net",
      "nome": "Whatsapp",
      "membros": [
        "5527996117806@s.whatsapp.net"
      ]
    },
    {
      "chefe": "351939958545@s.whatsapp.net",
      "nome": "Cristianos Ronaldos",
      "membros": [
        "351939958545@s.whatsapp.net",
        "351925637253@s.whatsapp.net"
      ]
    },
    {
      "chefe": "559292920337@s.whatsapp.net",
      "nome": "adoro as fêmeas",
      "membros": [
        "559292920337@s.whatsapp.net"
      ]
    },
    {
      "chefe": "5511969545546@s.whatsapp.net",
      "nome": "cu",
      "membros": [
        "5511969545546@s.whatsapp.net"
      ]
    },
    {
      "chefe": "5511913292885@s.whatsapp.net",
      "nome": "família sacana",
      "membros": [
        "5511913292885@s.whatsapp.net",
        "558393625340@s.whatsapp.net",
        "554299968780@s.whatsapp.net",
        "557199887555@s.whatsapp.net"
      ]
    },
    {
      "chefe": "558192187254@s.whatsapp.net",
      "nome": "eu amo a valentine",
      "membros": [
        "558192187254@s.whatsapp.net"
      ]
    },
    {
      "chefe": "557788671517@s.whatsapp.net",
      "nome": "hoyo",
      "membros": [
        "557788671517@s.whatsapp.net",
        "556191166001@s.whatsapp.net"
      ]
    },
    {
      "chefe": "554298173020@s.whatsapp.net",
      "nome": "gays",
      "membros": [
        "554298173020@s.whatsapp.net",
        "5541935001027@s.whatsapp.net"
      ]
    },
    {
      "chefe": "5513988351017@s.whatsapp.net",
      "nome": "Bouvier",
      "membros": [
        "5513988351017@s.whatsapp.net"
      ]
    },
    {
      "chefe": "554599788212@s.whatsapp.net",
      "nome": "gays",
      "membros": [
        "554599788212@s.whatsapp.net",
        "554599267986@s.whatsapp.net"
      ]
    },
    {
      "chefe": "5521973936985@s.whatsapp.net",
      "nome": "Ranson",
      "membros": [
        "5521973936985@s.whatsapp.net"
      ]
    },
    {
      "chefe": "554896850324@s.whatsapp.net",
      "nome": "@5513991363172",
      "membros": [
        "554896850324@s.whatsapp.net"
      ]
    }
  ]
}