[
  {
    "name": "rap do Minecraft"
  },
  {
    "name": "Rap do Minecraft"
  },
  {
    "name": "miku"
  },
  {
    "name": "da yo himitsu"
  },
  {
    "name": "Passinho do Romano"
  },
  {
    "name": "my little pony abertura"
  },
  {
    "name": "sou a Barbie girl"
  },
  {
    "name": "sou ladybug"
  },
  {
    "name": "Na feira"
  },
  {
    "name": "funk do pão de queijo"
  },
  {
    "name": "Harry porra"
  },
  {
    "name": "automotivo Holiday"
  },
  {
    "name": "Dingo Bell"
  },
  {
    "name": "tá na hora do Papa-bolofofos"
  },
  {
    "name": "bum bum granada"
  },
  {
    "name": "bumbum tantan"
  },
  {
    "name": "pelados em santos"
  },
  {
    "name": "mundo animal mamonas assassinas"
  },
  {
    "name": "nois bota nela"
  },
  {
    "name": "dom dom"
  },
  {
    "name": "tava no fluxo"
  },
  {
    "name": "movimento sanfoninha"
  },
  {
    "name": "sem querer mamei"
  },
  {
    "name": "Agudo mágico 3"
  },
  {
    "name": "comedor de cu"
  },
  {
    "name": "Levitation"
  },
  {
    "name": "levitation dua liga"
  },
  {
    "name": "Shake it of"
  },
  {
    "name": "aí Wilson vai"
  },
  {
    "name": "bad guy"
  },
  {
    "name": "quando o grave bate forte"
  },
  {
    "name": "malvadão 3"
  },
  {
    "name": "pilantra jão"
  },
  {
    "name": "idiota jão"
  },
  {
    "name": "XXT na XXT"
  },
  {
    "name": "pagodinho Valesca popozuda"
  },
  {
    "name": "aí que cachorra"
  },
  {
    "name": "se essa banda fosse minha"
  },
  {
    "name": "Tcheca com Tcheca"
  },
  {
    "name": "clack bum"
  },
  {
    "name": "Deixa alagar"
  },
  {
    "name": "tipo Hollywood"
  },
  {
    "name": "pra inveja é tchau"
  },
  {
    "name": "rap do silva"
  },
  {
    "name": "single lady"
  },
  {
    "name": "agudo mágico 3"
  },
  {
    "name": "vermelho glória groove"
  },
  {
    "name": "a queda"
  },
  {
    "name": "no baile da gaiola"
  },
  {
    "name": "wap"
  },
  {
    "name": "esse bumbum"
  },
  {
    "name": "deu meia noite eu sumi"
  },
  {
    "name": "na raba toma tapão"
  },
  {
    "name": "Sheila knows"
  }
]