[
  {
    "name": "vagalumes"
  },
  {
    "name": "pras damas"
  },
  {
    "name": "vagabundo e a dama"
  },
  {
    "name": "poesia acústica 2"
  },
  {
    "name": "poesia acústica 12"
  },
  {
    "name": "poesia acústica 13"
  },
  {
    "name": "poesia acústica #9"
  },
  {
    "name": "do jeito que você mete"
  },
  {
    "name": "pense em mim-reggaeton"
  },
  {
    "name": "agora é tudo meu"
  },
  {
    "name": "quando o grave bate forte a gata quer jogar"
  },
  {
    "name": "escada do prédio"
  },
  {
    "name": "amar amei"
  },
  {
    "name": "agora vai sentar"
  },
  {
    "name": "menor talibã"
  }
]