[
  {
    "name": "a celtic lore adrian von zielgler"
  },
  {
    "name": "Skillet hero"
  },
  {
    "name": "norupo heilung"
  },
  {
    "name": "dragonborn comes"
  },
  {
    "name": "nightcore heroes"
  },
  {
    "name": "nightcore Angels"
  },
  {
    "name": "numb Linkin park"
  },
  {
    "name": "dad issues ft sid"
  },
  {
    "name": "legends never die (league of legends song)"
  },
  {
    "name": "rap do Sasuke e Itachi"
  },
  {
    "name": "rap do Edward elric - 7mz"
  },
  {
    "name": "roi videoclub instrumental slowed"
  },
  {
    "name": "rap do Itachi"
  },
  {
    "name": "faster n harder (slowed & reverb)"
  },
  {
    "name": "so my darling"
  }
]