[
  {
    "jid": "120363156824186773@g.us",
    "numbers": [
      "558288279194@s.whatsapp.net",
      "558288279194@s.whatsapp.net"
    ]
  },
  {
    "jid": "120363325239896656@g.us",
    "numbers": [
      "5521991441340@s.whatsapp.net"
    ]
  },
  {
    "jid": "120363178802942691@g.us",
    "numbers": []
  },
  {
    "jid": "120363028602117769@g.us",
    "numbers": []
  },
  {
    "jid": "120363316661494641@g.us",
    "numbers": [
      "556596322035@s.whatsapp.net",
      "558393776945@s.whatsapp.net"
    ]
  },
  {
    "jid": "120363314401326196@g.us",
    "numbers": []
  },
  {
    "jid": "120363320956969480@g.us",
    "numbers": []
  },
  {
    "jid": "120363334212622005@g.us",
    "numbers": []
  },
  {
    "jid": "120363332402471884@g.us",
    "numbers": [
      "555180495453@s.whatsapp.net"
    ]
  },
  {
    "jid": "120363321636149681@g.us",
    "numbers": []
  },
  {
    "jid": "120363331230654803@g.us",
    "numbers": []
  },
  {
    "jid": "120363321129472512@g.us",
    "numbers": []
  },
  {
    "jid": "120363315016193329@g.us",
    "numbers": []
  },
  {
    "jid": "120363337531914863@g.us",
    "numbers": []
  },
  {
    "jid": "120363321613076976@g.us",
    "numbers": [
      "555180495453@s.whatsapp.net",
      "5521967414300@s.whatsapp.net"
    ]
  },
  {
    "jid": "120363339387436129@g.us",
    "numbers": []
  },
  {
    "jid": "120363329475788515@g.us",
    "numbers": []
  },
  {
    "jid": "120363348627559193@g.us",
    "numbers": []
  },
  {
    "jid": "120363353540001596@g.us",
    "numbers": []
  },
  {
    "jid": "120363337623633127@g.us",
    "numbers": []
  },
  {
    "jid": "120363317573346497@g.us",
    "numbers": []
  },
  {
    "jid": "120363332160677665@g.us",
    "numbers": []
  }
]
